term,normalized_term,semantic_hint,source,source_url,source_family,derived_variant,collision_risk,notes
11/12 month salary contract/teaching period,11 12 month salary contract teaching period,ACADEMIC_CONCEPT,IPEDS Glossary 2025-26,https://surveys.nces.ed.gov/ipeds/api/downloads/IPEDSGlossary.csv,NCES/IPEDS,false,LOW,Source-attested IPEDS glossary term.
12-month Enrollment,12 month enrollment,PROCESS_EVENT,IPEDS Glossary 2025-26,https://surveys.nces.ed.gov/ipeds/api/downloads/IPEDSGlossary.csv,NCES/IPEDS,true,LOW,Derived mechanically from source-attested form “12-month Enrollment (E12)” (parenthetical-label-stripped); not independently source-attested as a standalone term.
12-month Enrollment (E12),12 month enrollment e12,PROCESS_EVENT,IPEDS Glossary 2025-26,https://surveys.nces.ed.gov/ipeds/api/downloads/IPEDSGlossary.csv,NCES/IPEDS,false,LOW,Source-attested IPEDS glossary term.
12-month period,12 month period,OTHER_DOMAIN_TERM,IPEDS Glossary 2025-26,https://surveys.nces.ed.gov/ipeds/api/downloads/IPEDSGlossary.csv,NCES/IPEDS,false,LOW,Source-attested IPEDS glossary term.
25th percentile,25th percentile,OTHER_DOMAIN_TERM,IPEDS Glossary 2025-26,https://surveys.nces.ed.gov/ipeds/api/downloads/IPEDSGlossary.csv,NCES/IPEDS,false,LOW,Source-attested IPEDS glossary term.
3/2 program,3 2 program,ACADEMIC_CONCEPT,IPEDS Glossary 2025-26,https://surveys.nces.ed.gov/ipeds/api/downloads/IPEDSGlossary.csv,NCES/IPEDS,false,LOW,Source-attested IPEDS glossary term.
4-1-4  (calendar system),4 1 4 calendar system,DOCUMENT_SYSTEM,IPEDS Glossary 2025-26,https://surveys.nces.ed.gov/ipeds/api/downloads/IPEDSGlossary.csv,NCES/IPEDS,false,LOW,Source-attested IPEDS glossary term.
5-year program,5 year program,ACADEMIC_CONCEPT,IPEDS Glossary 2025-26,https://surveys.nces.ed.gov/ipeds/api/downloads/IPEDSGlossary.csv,NCES/IPEDS,false,LOW,Source-attested IPEDS glossary term.
50th percentile,50th percentile,OTHER_DOMAIN_TERM,IPEDS Glossary 2025-26,https://surveys.nces.ed.gov/ipeds/api/downloads/IPEDSGlossary.csv,NCES/IPEDS,true,LOW,Derived mechanically from source-attested form “50th percentile (median)” (parenthetical-label-stripped); not independently source-attested as a standalone term.
50th percentile (median),50th percentile median,OTHER_DOMAIN_TERM,IPEDS Glossary 2025-26,https://surveys.nces.ed.gov/ipeds/api/downloads/IPEDSGlossary.csv,NCES/IPEDS,false,LOW,Source-attested IPEDS glossary term.
75th percentile,75th percentile,OTHER_DOMAIN_TERM,IPEDS Glossary 2025-26,https://surveys.nces.ed.gov/ipeds/api/downloads/IPEDSGlossary.csv,NCES/IPEDS,false,LOW,Source-attested IPEDS glossary term.
9/10-month salary contract/teaching period,9 10 month salary contract teaching period,ACADEMIC_CONCEPT,IPEDS Glossary 2025-26,https://surveys.nces.ed.gov/ipeds/api/downloads/IPEDSGlossary.csv,NCES/IPEDS,false,LOW,Source-attested IPEDS glossary term.
Ability Grouping Status,ability grouping status,ACADEMIC_CONCEPT,Common Education Data Standards (CEDS) Version 13 — Postsecondary domain,https://ceds.ed.gov/cedselementdetails.aspx?termid=26000,NCES/CEDS,false,LOW,Source-attested CEDS postsecondary element; entity=PS Institution; category=Institution Characteristics
Abroad,abroad,OTHER_DOMAIN_TERM,IPEDS Glossary 2025-26,https://surveys.nces.ed.gov/ipeds/api/downloads/IPEDSGlossary.csv,NCES/IPEDS,false,HIGH,Source-attested IPEDS glossary term.
Academic Award Date,academic award date,PROCESS_EVENT,Common Education Data Standards (CEDS) Version 13 — Postsecondary domain,https://ceds.ed.gov/cedselementdetails.aspx?termid=26001,NCES/CEDS,false,LOW,Source-attested CEDS postsecondary element; entity=PS Student; category=Institution Enrollment->Prior Academic Award
Academic Award Level Conferred,academic award level conferred,PROCESS_EVENT,Common Education Data Standards (CEDS) Version 13 — Postsecondary domain,https://ceds.ed.gov/cedselementdetails.aspx?termid=26002,NCES/CEDS,false,LOW,Source-attested CEDS postsecondary element; entity=PS Student; category=Institution Enrollment->Prior Academic Award
Academic Award Prerequisite Type,academic award prerequisite type,PROCESS_EVENT,Common Education Data Standards (CEDS) Version 13 — Postsecondary domain,https://ceds.ed.gov/cedselementdetails.aspx?termid=27647,NCES/CEDS,false,LOW,Source-attested CEDS postsecondary element; entity=PS Student; category=Institution Enrollment->Prior Academic Award
Academic Award Requirements URL,academic award requirements url,PROCESS_EVENT,Common Education Data Standards (CEDS) Version 13 — Postsecondary domain,https://ceds.ed.gov/cedselementdetails.aspx?termid=27646,NCES/CEDS,false,MEDIUM,Source-attested CEDS postsecondary element; entity=PS Student; category=Institution Enrollment->Prior Academic Award
Academic Award Title,academic award title,PROCESS_EVENT,Common Education Data Standards (CEDS) Version 13 — Postsecondary domain,https://ceds.ed.gov/cedselementdetails.aspx?termid=26003,NCES/CEDS,false,LOW,Source-attested CEDS postsecondary element; entity=PS Student; category=Institution Enrollment->Prior Academic Award
Academic Calendar,academic calendar,ACADEMIC_CONCEPT,UT Austin Office of the Registrar Glossary of Catalog Terminology,https://registrar.utexas.edu/catalogs/glossary,Public institutional catalog/registrar glossary,false,LOW,Source-attested term; included to strengthen operational coverage outside the federal IPEDS/CEDS backbone.
Academic Libraries,academic libraries,ACADEMIC_CONCEPT,IPEDS Glossary 2025-26,https://surveys.nces.ed.gov/ipeds/api/downloads/IPEDSGlossary.csv,NCES/IPEDS,true,LOW,Derived mechanically from source-attested form “Academic Libraries (AL)” (parenthetical-label-stripped); not independently source-attested as a standalone term.
Academic Libraries (AL),academic libraries al,ACADEMIC_CONCEPT,IPEDS Glossary 2025-26,https://surveys.nces.ed.gov/ipeds/api/downloads/IPEDSGlossary.csv,NCES/IPEDS,false,MEDIUM,Source-attested IPEDS glossary term.
Academic Library,academic library,ACADEMIC_CONCEPT,IPEDS Glossary 2025-26,https://surveys.nces.ed.gov/ipeds/api/downloads/IPEDSGlossary.csv,NCES/IPEDS,false,LOW,Source-attested IPEDS glossary term.
Academic program,academic program,ACADEMIC_CONCEPT,IPEDS Glossary 2025-26,https://surveys.nces.ed.gov/ipeds/api/downloads/IPEDSGlossary.csv,NCES/IPEDS,false,MEDIUM,Source-attested IPEDS glossary term.
Academic Rank,academic rank,ACADEMIC_CONCEPT,Common Education Data Standards (CEDS) Version 13 — Postsecondary domain,https://ceds.ed.gov/cedselementdetails.aspx?termid=26717,NCES/CEDS,false,LOW,Source-attested CEDS postsecondary element; entity=PS Staff; category=Employment
Academic Rank,academic rank,ACADEMIC_CONCEPT,IPEDS Glossary 2025-26,https://surveys.nces.ed.gov/ipeds/api/downloads/IPEDSGlossary.csv,NCES/IPEDS,false,LOW,Source-attested IPEDS glossary term.
Academic support,academic support,ACADEMIC_CONCEPT,IPEDS Glossary 2025-26,https://surveys.nces.ed.gov/ipeds/api/downloads/IPEDSGlossary.csv,NCES/IPEDS,false,LOW,Source-attested IPEDS glossary term.
Academic Term Designator,academic term designator,ACADEMIC_CONCEPT,Common Education Data Standards (CEDS) Version 13 — Postsecondary domain,https://ceds.ed.gov/cedselementdetails.aspx?termid=26703,NCES/CEDS,false,LOW,Source-attested CEDS postsecondary element; entity=PS Student; category=Term Enrollment
Academic Year,academic year,ACADEMIC_CONCEPT,Federal Student Aid Handbook Glossary,https://fsapartners.ed.gov/knowledge-center/fsa-handbook/glossary,Federal Student Aid glossary,false,LOW,Source-attested term; included to strengthen operational coverage outside the federal IPEDS/CEDS backbone.
Academic year,academic year,ACADEMIC_CONCEPT,IPEDS Glossary 2025-26,https://surveys.nces.ed.gov/ipeds/api/downloads/IPEDSGlossary.csv,NCES/IPEDS,false,LOW,Source-attested IPEDS glossary term.
Academic Year Designator,academic year designator,ACADEMIC_CONCEPT,Common Education Data Standards (CEDS) Version 13 — Postsecondary domain,https://ceds.ed.gov/cedselementdetails.aspx?termid=26702,NCES/CEDS,false,LOW,Source-attested CEDS postsecondary element; entity=PS Student; category=Term Enrollment
Accelerated programs,accelerated programs,ACADEMIC_CONCEPT,IPEDS Glossary 2025-26,https://surveys.nces.ed.gov/ipeds/api/downloads/IPEDSGlossary.csv,NCES/IPEDS,false,LOW,Source-attested IPEDS glossary term.
Accreditation Agency Name,accreditation agency name,OTHER_DOMAIN_TERM,Common Education Data Standards (CEDS) Version 13 — Postsecondary domain,https://ceds.ed.gov/cedselementdetails.aspx?termid=27500,NCES/CEDS,false,LOW,Source-attested CEDS postsecondary element; entity=Organization; category=Organization Accreditation
Accreditation Award Date,accreditation award date,PROCESS_EVENT,Common Education Data Standards (CEDS) Version 13 — Postsecondary domain,https://ceds.ed.gov/cedselementdetails.aspx?termid=26840,NCES/CEDS,false,LOW,Source-attested CEDS postsecondary element; entity=PS Institution; category=Accreditation
Accreditation Expiration Date,accreditation expiration date,OTHER_DOMAIN_TERM,Common Education Data Standards (CEDS) Version 13 — Postsecondary domain,https://ceds.ed.gov/cedselementdetails.aspx?termid=26841,NCES/CEDS,false,LOW,Source-attested CEDS postsecondary element; entity=PS Institution; category=Accreditation
Accrediting agencies,accrediting agencies,OTHER_DOMAIN_TERM,IPEDS Glossary 2025-26,https://surveys.nces.ed.gov/ipeds/api/downloads/IPEDSGlossary.csv,NCES/IPEDS,false,LOW,Source-attested IPEDS glossary term.
Accrediting bodies,accrediting bodies,OTHER_DOMAIN_TERM,IPEDS Glossary 2025-26,https://surveys.nces.ed.gov/ipeds/api/downloads/IPEDSGlossary.csv,NCES/IPEDS,false,LOW,Source-attested IPEDS glossary term. Related item: Accrediting agencies
Accumulated depreciation,accumulated depreciation,OTHER_DOMAIN_TERM,IPEDS Glossary 2025-26,https://surveys.nces.ed.gov/ipeds/api/downloads/IPEDSGlossary.csv,NCES/IPEDS,false,LOW,Source-attested IPEDS glossary term.
ACT,act,ACADEMIC_CONCEPT,IPEDS Glossary 2025-26,https://surveys.nces.ed.gov/ipeds/api/downloads/IPEDSGlossary.csv,NCES/IPEDS,false,MEDIUM,Source-attested IPEDS glossary term.
Active Military Status Indicator,active military status indicator,OTHER_DOMAIN_TERM,Common Education Data Standards (CEDS) Version 13 — Postsecondary domain,https://ceds.ed.gov/cedselementdetails.aspx?termid=27556,NCES/CEDS,false,LOW,Source-attested CEDS postsecondary element; entity=PS Student; category=Military
Activity Description,activity description,OTHER_DOMAIN_TERM,Common Education Data Standards (CEDS) Version 13 — Postsecondary domain,https://ceds.ed.gov/cedselementdetails.aspx?termid=27505,NCES/CEDS,false,LOW,Source-attested CEDS postsecondary element; entity=PS Student; category=Academic Record->Activity
Activity Identifier,activity identifier,DOCUMENT_SYSTEM,Common Education Data Standards (CEDS) Version 13 — Postsecondary domain,https://ceds.ed.gov/cedselementdetails.aspx?termid=26006,NCES/CEDS,false,LOW,Source-attested CEDS postsecondary element; entity=PS Student; category=Academic Record->Activity
Activity Involvement Begin Date,activity involvement begin date,OTHER_DOMAIN_TERM,Common Education Data Standards (CEDS) Version 13 — Postsecondary domain,https://ceds.ed.gov/cedselementdetails.aspx?termid=26007,NCES/CEDS,false,LOW,Source-attested CEDS postsecondary element; entity=PS Student; category=Academic Record->Activity
Activity Involvement End Date,activity involvement end date,OTHER_DOMAIN_TERM,Common Education Data Standards (CEDS) Version 13 — Postsecondary domain,https://ceds.ed.gov/cedselementdetails.aspx?termid=26008,NCES/CEDS,false,LOW,Source-attested CEDS postsecondary element; entity=PS Student; category=Academic Record->Activity
Activity Time Involved,activity time involved,OTHER_DOMAIN_TERM,Common Education Data Standards (CEDS) Version 13 — Postsecondary domain,https://ceds.ed.gov/cedselementdetails.aspx?termid=27502,NCES/CEDS,false,LOW,Source-attested CEDS postsecondary element; entity=PS Student; category=Academic Record->Activity
Activity Time Measurement Type,activity time measurement type,OTHER_DOMAIN_TERM,Common Education Data Standards (CEDS) Version 13 — Postsecondary domain,https://ceds.ed.gov/cedselementdetails.aspx?termid=27503,NCES/CEDS,false,LOW,Source-attested CEDS postsecondary element; entity=PS Student; category=Academic Record->Activity
Activity Title,activity title,OTHER_DOMAIN_TERM,Common Education Data Standards (CEDS) Version 13 — Postsecondary domain,https://ceds.ed.gov/cedselementdetails.aspx?termid=26009,NCES/CEDS,false,LOW,Source-attested CEDS postsecondary element; entity=PS Student; category=Academic Record->Activity
Additional Coursework,additional coursework,OTHER_DOMAIN_TERM,UT Austin Office of the Registrar Glossary of Catalog Terminology,https://registrar.utexas.edu/catalogs/glossary,Public institutional catalog/registrar glossary,false,LOW,Source-attested term; included to strengthen operational coverage outside the federal IPEDS/CEDS backbone.
Additions to permanent endowments,additions to permanent endowments,OTHER_DOMAIN_TERM,IPEDS Glossary 2025-26,https://surveys.nces.ed.gov/ipeds/api/downloads/IPEDSGlossary.csv,NCES/IPEDS,false,LOW,Source-attested IPEDS glossary term.
Additions to physical plant assets,additions to physical plant assets,OTHER_DOMAIN_TERM,IPEDS Glossary 2025-26,https://surveys.nces.ed.gov/ipeds/api/downloads/IPEDSGlossary.csv,NCES/IPEDS,false,LOW,Source-attested IPEDS glossary term.
Address Apartment Room or Suite Number,address apartment room or suite number,OTHER_DOMAIN_TERM,Common Education Data Standards (CEDS) Version 13 — Postsecondary domain,https://ceds.ed.gov/cedselementdetails.aspx?termid=26019,NCES/CEDS,false,LOW,Source-attested CEDS postsecondary element; entity=Organization; category=Address
Address City,address city,OTHER_DOMAIN_TERM,Common Education Data Standards (CEDS) Version 13 — Postsecondary domain,https://ceds.ed.gov/cedselementdetails.aspx?termid=26040,NCES/CEDS,false,LOW,Source-attested CEDS postsecondary element; entity=Organization; category=Address
Address County Name,address county name,OTHER_DOMAIN_TERM,Common Education Data Standards (CEDS) Version 13 — Postsecondary domain,https://ceds.ed.gov/cedselementdetails.aspx?termid=26190,NCES/CEDS,false,LOW,Source-attested CEDS postsecondary element; entity=Organization; category=Address
Address Postal Code,address postal code,DOCUMENT_SYSTEM,Common Education Data Standards (CEDS) Version 13 — Postsecondary domain,https://ceds.ed.gov/cedselementdetails.aspx?termid=26214,NCES/CEDS,false,LOW,Source-attested CEDS postsecondary element; entity=Organization; category=Address
Address Street Number and Name,address street number and name,OTHER_DOMAIN_TERM,Common Education Data Standards (CEDS) Version 13 — Postsecondary domain,https://ceds.ed.gov/cedselementdetails.aspx?termid=26269,NCES/CEDS,false,LOW,Source-attested CEDS postsecondary element; entity=Organization; category=Address
Address Type for Learner or Family,address type for learner or family,OTHER_DOMAIN_TERM,Common Education Data Standards (CEDS) Version 13 — Postsecondary domain,https://ceds.ed.gov/cedselementdetails.aspx?termid=26358,NCES/CEDS,false,LOW,Source-attested CEDS postsecondary element; entity=PS Student; category=Contact->Address
Address Type for Organization,address type for organization,OTHER_DOMAIN_TERM,Common Education Data Standards (CEDS) Version 13 — Postsecondary domain,https://ceds.ed.gov/cedselementdetails.aspx?termid=26644,NCES/CEDS,false,LOW,Source-attested CEDS postsecondary element; entity=Organization; category=Address
Address Type for Staff,address type for staff,ROLE,Common Education Data Standards (CEDS) Version 13 — Postsecondary domain,https://ceds.ed.gov/cedselementdetails.aspx?termid=26698,NCES/CEDS,false,LOW,Source-attested CEDS postsecondary element; entity=PS Staff; category=Contact->Address
Adjunct instructional staff,adjunct instructional staff,ROLE,IPEDS Glossary 2025-26,https://surveys.nces.ed.gov/ipeds/api/downloads/IPEDSGlossary.csv,NCES/IPEDS,false,LOW,Source-attested IPEDS glossary term.
Adjusted Capacity,adjusted capacity,ACADEMIC_CONCEPT,Common Education Data Standards (CEDS) Version 13 — Postsecondary domain,https://ceds.ed.gov/cedselementdetails.aspx?termid=27972,NCES/CEDS,false,LOW,Source-attested CEDS postsecondary element; entity=Course Section
Adjusted Capacity Reason Type,adjusted capacity reason type,ACADEMIC_CONCEPT,Common Education Data Standards (CEDS) Version 13 — Postsecondary domain,https://ceds.ed.gov/cedselementdetails.aspx?termid=27973,NCES/CEDS,false,LOW,Source-attested CEDS postsecondary element; entity=Course Section
Adjusted cohort,adjusted cohort,OTHER_DOMAIN_TERM,IPEDS Glossary 2025-26,https://surveys.nces.ed.gov/ipeds/api/downloads/IPEDSGlossary.csv,NCES/IPEDS,false,LOW,Source-attested IPEDS glossary term.
Adjustments to beginning net assets,adjustments to beginning net assets,OTHER_DOMAIN_TERM,IPEDS Glossary 2025-26,https://surveys.nces.ed.gov/ipeds/api/downloads/IPEDSGlossary.csv,NCES/IPEDS,false,LOW,Source-attested IPEDS glossary term.
Adjustments to beginning net position,adjustments to beginning net position,OTHER_DOMAIN_TERM,IPEDS Glossary 2025-26,https://surveys.nces.ed.gov/ipeds/api/downloads/IPEDSGlossary.csv,NCES/IPEDS,false,LOW,Source-attested IPEDS glossary term.
ADM,adm,PROCESS_EVENT,IPEDS Glossary 2025-26,https://surveys.nces.ed.gov/ipeds/api/downloads/IPEDSGlossary.csv,NCES/IPEDS,true,MEDIUM,Derived mechanically from source-attested form “Admissions (ADM)” (parenthetical-code-extracted); not independently source-attested as a standalone term.
Administrative Funding Control,administrative funding control,OTHER_DOMAIN_TERM,Common Education Data Standards (CEDS) Version 13 — Postsecondary domain,https://ceds.ed.gov/cedselementdetails.aspx?termid=26012,NCES/CEDS,false,LOW,Source-attested CEDS postsecondary element; entity=PS Institution; category=Directory
Administrative unit,administrative unit,OTHER_DOMAIN_TERM,IPEDS Glossary 2025-26,https://surveys.nces.ed.gov/ipeds/api/downloads/IPEDSGlossary.csv,NCES/IPEDS,false,LOW,Source-attested IPEDS glossary term.
Admission Consideration Level,admission consideration level,PROCESS_EVENT,Common Education Data Standards (CEDS) Version 13 — Postsecondary domain,https://ceds.ed.gov/cedselementdetails.aspx?termid=27558,NCES/CEDS,false,LOW,Source-attested CEDS postsecondary element; entity=PS Institution; category=IPEDS Reporting
Admission Consideration Type,admission consideration type,PROCESS_EVENT,Common Education Data Standards (CEDS) Version 13 — Postsecondary domain,https://ceds.ed.gov/cedselementdetails.aspx?termid=27559,NCES/CEDS,false,LOW,Source-attested CEDS postsecondary element; entity=PS Institution; category=IPEDS Reporting
Admissions,admissions,PROCESS_EVENT,IPEDS Glossary 2025-26,https://surveys.nces.ed.gov/ipeds/api/downloads/IPEDSGlossary.csv,NCES/IPEDS,true,HIGH,Derived mechanically from source-attested form “Admissions (ADM)” (parenthetical-label-stripped); not independently source-attested as a standalone term.
Admissions (ADM),admissions adm,PROCESS_EVENT,IPEDS Glossary 2025-26,https://surveys.nces.ed.gov/ipeds/api/downloads/IPEDSGlossary.csv,NCES/IPEDS,false,MEDIUM,Source-attested IPEDS glossary term.
Admissions test scores,admissions test scores,PROCESS_EVENT,IPEDS Glossary 2025-26,https://surveys.nces.ed.gov/ipeds/api/downloads/IPEDSGlossary.csv,NCES/IPEDS,false,LOW,Source-attested IPEDS glossary term.
Admitted Student,admitted student,ROLE,Common Education Data Standards (CEDS) Version 13 — Postsecondary domain,https://ceds.ed.gov/cedselementdetails.aspx?termid=26736,NCES/CEDS,false,LOW,Source-attested CEDS postsecondary element; entity=PS Applicant
Admitted students,admitted students,OTHER_DOMAIN_TERM,IPEDS Glossary 2025-26,https://surveys.nces.ed.gov/ipeds/api/downloads/IPEDSGlossary.csv,NCES/IPEDS,false,LOW,Source-attested IPEDS glossary term.
Adult basic education,adult basic education,ACADEMIC_CONCEPT,IPEDS Glossary 2025-26,https://surveys.nces.ed.gov/ipeds/api/downloads/IPEDSGlossary.csv,NCES/IPEDS,false,LOW,Source-attested IPEDS glossary term.
Adult Education Certification Type,adult education certification type,PROCESS_EVENT,Common Education Data Standards (CEDS) Version 13 — Postsecondary domain,https://ceds.ed.gov/cedselementdetails.aspx?termid=26775,NCES/CEDS,false,LOW,Source-attested CEDS postsecondary element; entity=PS Staff; category=Certification
Advanced placement (AP) courses,advanced placement ap courses,ACADEMIC_CONCEPT,IPEDS Glossary 2025-26,https://surveys.nces.ed.gov/ipeds/api/downloads/IPEDSGlossary.csv,NCES/IPEDS,false,MEDIUM,Source-attested IPEDS glossary term.
Advanced Placement Course Code,advanced placement course code,DOCUMENT_SYSTEM,Common Education Data Standards (CEDS) Version 13 — Postsecondary domain,https://ceds.ed.gov/cedselementdetails.aspx?termid=27244,NCES/CEDS,false,LOW,Source-attested CEDS postsecondary element; entity=Course Section
Advanced Placement Credits Awarded,advanced placement credits awarded,OTHER_DOMAIN_TERM,Common Education Data Standards (CEDS) Version 13 — Postsecondary domain,https://ceds.ed.gov/cedselementdetails.aspx?termid=26018,NCES/CEDS,false,LOW,Source-attested CEDS postsecondary element; entity=PS Student; category=Academic Record
Advanced Registration,advanced registration,PROCESS_EVENT,National Student Clearinghouse Compliance Central Glossary,https://help.studentclearinghouse.org/compliancecentral/knowledge-base/glossary/,Sector enrollment reporting glossary,false,LOW,Source-attested term; included to strengthen operational coverage outside the federal IPEDS/CEDS backbone.
Affiliated organizations,affiliated organizations,ACADEMIC_CONCEPT,IPEDS Glossary 2025-26,https://surveys.nces.ed.gov/ipeds/api/downloads/IPEDSGlossary.csv,NCES/IPEDS,false,LOW,Source-attested IPEDS glossary term.
Affiliation Agreement,affiliation agreement,DOCUMENT_SYSTEM,UT Austin Office of the Registrar Glossary of Catalog Terminology,https://registrar.utexas.edu/catalogs/glossary,Public institutional catalog/registrar glossary,false,LOW,Source-attested term; included to strengthen operational coverage outside the federal IPEDS/CEDS backbone.
Agency Course Identifier,agency course identifier,DOCUMENT_SYSTEM,Common Education Data Standards (CEDS) Version 13 — Postsecondary domain,https://ceds.ed.gov/cedselementdetails.aspx?termid=27246,NCES/CEDS,false,LOW,Source-attested CEDS postsecondary element; entity=Course Section; category=Course
AICPA,aicpa,OTHER_DOMAIN_TERM,IPEDS Glossary 2025-26,https://surveys.nces.ed.gov/ipeds/api/downloads/IPEDSGlossary.csv,NCES/IPEDS,false,MEDIUM,Source-attested IPEDS glossary term.
AICPA College and University Audit Guide Model,aicpa college and university audit guide model,ORGANIZATION,IPEDS Glossary 2025-26,https://surveys.nces.ed.gov/ipeds/api/downloads/IPEDSGlossary.csv,NCES/IPEDS,false,MEDIUM,Source-attested IPEDS glossary term.
Aid received,aid received,OTHER_DOMAIN_TERM,IPEDS Glossary 2025-26,https://surveys.nces.ed.gov/ipeds/api/downloads/IPEDSGlossary.csv,NCES/IPEDS,false,MEDIUM,Source-attested IPEDS glossary term.
AL,al,ACADEMIC_CONCEPT,IPEDS Glossary 2025-26,https://surveys.nces.ed.gov/ipeds/api/downloads/IPEDSGlossary.csv,NCES/IPEDS,true,MEDIUM,Derived mechanically from source-attested form “Academic Libraries (AL)” (parenthetical-code-extracted); not independently source-attested as a standalone term.
All other sports combined,all other sports combined,OTHER_DOMAIN_TERM,IPEDS Glossary 2025-26,https://surveys.nces.ed.gov/ipeds/api/downloads/IPEDSGlossary.csv,NCES/IPEDS,false,LOW,Source-attested IPEDS glossary term.
Allowable costs,allowable costs,ACADEMIC_CONCEPT,IPEDS Glossary 2025-26,https://surveys.nces.ed.gov/ipeds/api/downloads/IPEDSGlossary.csv,NCES/IPEDS,false,LOW,"Source-attested IPEDS glossary term. Related item: Cost of attendance (COA) [for IPEDS reporting purposes],Average cost of attendance,Total cost of attendance"
Allowances,allowances,OTHER_DOMAIN_TERM,IPEDS Glossary 2025-26,https://surveys.nces.ed.gov/ipeds/api/downloads/IPEDSGlossary.csv,NCES/IPEDS,false,HIGH,Source-attested IPEDS glossary term.
Alternative Route to Certification or Licensure,alternative route to certification or licensure,PROCESS_EVENT,Common Education Data Standards (CEDS) Version 13 — Postsecondary domain,https://ceds.ed.gov/cedselementdetails.aspx?termid=26751,NCES/CEDS,false,LOW,Source-attested CEDS postsecondary element; entity=PS Student; category=Teacher Education/Preparation
American Indian or Alaska Native,american indian or alaska native,OTHER_DOMAIN_TERM,Common Education Data Standards (CEDS) Version 13 — Postsecondary domain,https://ceds.ed.gov/cedselementdetails.aspx?termid=26655,NCES/CEDS,false,LOW,Source-attested CEDS postsecondary element; entity=PS Student; category=Demographic
American Indian or Alaska Native,american indian or alaska native,OTHER_DOMAIN_TERM,IPEDS Glossary 2025-26,https://surveys.nces.ed.gov/ipeds/api/downloads/IPEDSGlossary.csv,NCES/IPEDS,false,LOW,Source-attested IPEDS glossary term.
American Indian or Alaska Native (old definition),american indian or alaska native old definition,OTHER_DOMAIN_TERM,IPEDS Glossary 2025-26,https://surveys.nces.ed.gov/ipeds/api/downloads/IPEDSGlossary.csv,NCES/IPEDS,false,LOW,Source-attested IPEDS glossary term.
Annual Base Contractual Salary,annual base contractual salary,OTHER_DOMAIN_TERM,Common Education Data Standards (CEDS) Version 13 — Postsecondary domain,https://ceds.ed.gov/cedselementdetails.aspx?termid=26722,NCES/CEDS,false,LOW,Source-attested CEDS postsecondary element; entity=PS Staff; category=Employment
Annual contract or employment agreement,annual contract or employment agreement,DOCUMENT_SYSTEM,IPEDS Glossary 2025-26,https://surveys.nces.ed.gov/ipeds/api/downloads/IPEDSGlossary.csv,NCES/IPEDS,false,LOW,Source-attested IPEDS glossary term.
Annuity and life income funds,annuity and life income funds,OTHER_DOMAIN_TERM,IPEDS Glossary 2025-26,https://surveys.nces.ed.gov/ipeds/api/downloads/IPEDSGlossary.csv,NCES/IPEDS,false,LOW,Source-attested IPEDS glossary term.
ANP,anp,OTHER_DOMAIN_TERM,IPEDS Glossary 2025-26,https://surveys.nces.ed.gov/ipeds/api/downloads/IPEDSGlossary.csv,NCES/IPEDS,true,MEDIUM,Derived mechanically from source-attested form “Average Net price (ANP)” (parenthetical-code-extracted); not independently source-attested as a standalone term.
Applicant,applicant,ROLE,IPEDS Glossary 2025-26,https://surveys.nces.ed.gov/ipeds/api/downloads/IPEDSGlossary.csv,NCES/IPEDS,false,HIGH,Source-attested IPEDS glossary term.
Application Date,application date,DOCUMENT_SYSTEM,Common Education Data Standards (CEDS) Version 13 — Postsecondary domain,https://ceds.ed.gov/cedselementdetails.aspx?termid=26323,NCES/CEDS,false,MEDIUM,Source-attested CEDS postsecondary element; entity=PS Applicant
Application fee,application fee,DOCUMENT_SYSTEM,IPEDS Glossary 2025-26,https://surveys.nces.ed.gov/ipeds/api/downloads/IPEDSGlossary.csv,NCES/IPEDS,false,MEDIUM,Source-attested IPEDS glossary term.
Approved List of Courses,approved list of courses,OTHER_DOMAIN_TERM,UT Austin Office of the Registrar Glossary of Catalog Terminology,https://registrar.utexas.edu/catalogs/glossary,Public institutional catalog/registrar glossary,false,LOW,Source-attested term; included to strengthen operational coverage outside the federal IPEDS/CEDS backbone.
"Archivists, Curators, and Museum Technicians",archivists curators and museum technicians,OTHER_DOMAIN_TERM,IPEDS Glossary 2025-26,https://surveys.nces.ed.gov/ipeds/api/downloads/IPEDSGlossary.csv,NCES/IPEDS,false,LOW,Source-attested IPEDS glossary term.
Area of Study,area of study,OTHER_DOMAIN_TERM,UT Austin Office of the Registrar Glossary of Catalog Terminology,https://registrar.utexas.edu/catalogs/glossary,Public institutional catalog/registrar glossary,false,LOW,Source-attested term; included to strengthen operational coverage outside the federal IPEDS/CEDS backbone.
Asian,asian,OTHER_DOMAIN_TERM,Common Education Data Standards (CEDS) Version 13 — Postsecondary domain,https://ceds.ed.gov/cedselementdetails.aspx?termid=26656,NCES/CEDS,false,HIGH,Source-attested CEDS postsecondary element; entity=PS Student; category=Demographic
Asian,asian,OTHER_DOMAIN_TERM,IPEDS Glossary 2025-26,https://surveys.nces.ed.gov/ipeds/api/downloads/IPEDSGlossary.csv,NCES/IPEDS,false,HIGH,Source-attested IPEDS glossary term.
Asian/Pacific Islander (old definition),asian pacific islander old definition,OTHER_DOMAIN_TERM,IPEDS Glossary 2025-26,https://surveys.nces.ed.gov/ipeds/api/downloads/IPEDSGlossary.csv,NCES/IPEDS,false,LOW,Source-attested IPEDS glossary term.
Assessment Accommodation Category,assessment accommodation category,PROCESS_EVENT,Common Education Data Standards (CEDS) Version 13 — Postsecondary domain,https://ceds.ed.gov/cedselementdetails.aspx?termid=26374,NCES/CEDS,false,LOW,Source-attested CEDS postsecondary element; entity=PS Student; category=Assessment
Assets,assets,OTHER_DOMAIN_TERM,IPEDS Glossary 2025-26,https://surveys.nces.ed.gov/ipeds/api/downloads/IPEDSGlossary.csv,NCES/IPEDS,false,HIGH,"Source-attested IPEDS glossary term. Related item: Current assets,Noncurrent assets,Fixed assets"
Assignment End Date,assignment end date,OTHER_DOMAIN_TERM,Common Education Data Standards (CEDS) Version 13 — Postsecondary domain,https://ceds.ed.gov/cedselementdetails.aspx?termid=26518,NCES/CEDS,false,LOW,Source-attested CEDS postsecondary element; entity=Course Section; category=Staff
Assignment Start Date,assignment start date,OTHER_DOMAIN_TERM,Common Education Data Standards (CEDS) Version 13 — Postsecondary domain,https://ceds.ed.gov/cedselementdetails.aspx?termid=26517,NCES/CEDS,false,LOW,Source-attested CEDS postsecondary element; entity=Course Section; category=Staff
Associate's Colleges,associate s colleges,ACADEMIC_CONCEPT,IPEDS Glossary 2025-26,https://surveys.nces.ed.gov/ipeds/api/downloads/IPEDSGlossary.csv,NCES/IPEDS,true,LOW,Derived mechanically from source-attested form “Associate's Colleges (Carnegie)” (parenthetical-label-stripped); not independently source-attested as a standalone term.
Associate's Colleges (Carnegie),associate s colleges carnegie,ACADEMIC_CONCEPT,IPEDS Glossary 2025-26,https://surveys.nces.ed.gov/ipeds/api/downloads/IPEDSGlossary.csv,NCES/IPEDS,false,LOW,Source-attested IPEDS glossary term. Related item: Carnegie Classification
Associate's degree,associate s degree,ACADEMIC_CONCEPT,IPEDS Glossary 2025-26,https://surveys.nces.ed.gov/ipeds/api/downloads/IPEDSGlossary.csv,NCES/IPEDS,false,LOW,Source-attested IPEDS glossary term.
At-will contract or employment agreement,at will contract or employment agreement,DOCUMENT_SYSTEM,IPEDS Glossary 2025-26,https://surveys.nces.ed.gov/ipeds/api/downloads/IPEDSGlossary.csv,NCES/IPEDS,false,LOW,Source-attested IPEDS glossary term.
Attendance status,attendance status,ACADEMIC_CONCEPT,IPEDS Glossary 2025-26,https://surveys.nces.ed.gov/ipeds/api/downloads/IPEDSGlossary.csv,NCES/IPEDS,false,MEDIUM,"Source-attested IPEDS glossary term. Related item: Full-time student,Part-time student"
Audit/auditing (a class),audit auditing a class,DOCUMENT_SYSTEM,IPEDS Glossary 2025-26,https://surveys.nces.ed.gov/ipeds/api/downloads/IPEDSGlossary.csv,NCES/IPEDS,false,LOW,Source-attested IPEDS glossary term.
Audit opinion,audit opinion,DOCUMENT_SYSTEM,IPEDS Glossary 2025-26,https://surveys.nces.ed.gov/ipeds/api/downloads/IPEDSGlossary.csv,NCES/IPEDS,false,MEDIUM,Source-attested IPEDS glossary term.
Auditor,auditor,ROLE,UT Austin Office of the Registrar Glossary of Catalog Terminology,https://registrar.utexas.edu/catalogs/glossary,Public institutional catalog/registrar glossary,false,HIGH,Source-attested term; included to strengthen operational coverage outside the federal IPEDS/CEDS backbone.
Auxiliary enterprises expenses,auxiliary enterprises expenses,OTHER_DOMAIN_TERM,IPEDS Glossary 2025-26,https://surveys.nces.ed.gov/ipeds/api/downloads/IPEDSGlossary.csv,NCES/IPEDS,false,LOW,Source-attested IPEDS glossary term.
Auxiliary enterprises revenues,auxiliary enterprises revenues,OTHER_DOMAIN_TERM,IPEDS Glossary 2025-26,https://surveys.nces.ed.gov/ipeds/api/downloads/IPEDSGlossary.csv,NCES/IPEDS,false,LOW,Source-attested IPEDS glossary term.
Average cost of attendance,average cost of attendance,ACADEMIC_CONCEPT,IPEDS Glossary 2025-26,https://surveys.nces.ed.gov/ipeds/api/downloads/IPEDSGlossary.csv,NCES/IPEDS,false,LOW,"Source-attested IPEDS glossary term. Related item: Cost of attendance (COA) [for IPEDS reporting purposes],Allowable costs,Total cost of attendance"
Average Net price,average net price,OTHER_DOMAIN_TERM,IPEDS Glossary 2025-26,https://surveys.nces.ed.gov/ipeds/api/downloads/IPEDSGlossary.csv,NCES/IPEDS,true,LOW,Derived mechanically from source-attested form “Average Net price (ANP)” (parenthetical-label-stripped); not independently source-attested as a standalone term.
Average Net price (ANP),average net price anp,OTHER_DOMAIN_TERM,IPEDS Glossary 2025-26,https://surveys.nces.ed.gov/ipeds/api/downloads/IPEDSGlossary.csv,NCES/IPEDS,false,MEDIUM,Source-attested IPEDS glossary term. Related item: Total cost of attendance
Avocational programs,avocational programs,ACADEMIC_CONCEPT,IPEDS Glossary 2025-26,https://surveys.nces.ed.gov/ipeds/api/downloads/IPEDSGlossary.csv,NCES/IPEDS,false,LOW,Source-attested IPEDS glossary term.
Awaiting Foster Care Status,awaiting foster care status,OTHER_DOMAIN_TERM,Common Education Data Standards (CEDS) Version 13 — Postsecondary domain,https://ceds.ed.gov/cedselementdetails.aspx?termid=27903,NCES/CEDS,false,LOW,Source-attested CEDS postsecondary element; entity=PS Student; category=Status
Award Year,award year,PROCESS_EVENT,Federal Student Aid Handbook Glossary,https://fsapartners.ed.gov/knowledge-center/fsa-handbook/glossary,Federal Student Aid glossary,false,MEDIUM,Source-attested term; included to strengthen operational coverage outside the federal IPEDS/CEDS backbone.
Baccalaureate,baccalaureate,ACADEMIC_CONCEPT,UT Austin Office of the Registrar Glossary of Catalog Terminology,https://registrar.utexas.edu/catalogs/glossary,Public institutional catalog/registrar glossary,false,HIGH,Source-attested term; included to strengthen operational coverage outside the federal IPEDS/CEDS backbone.
Baccalaureate/Associate's Colleges,baccalaureate associate s colleges,ACADEMIC_CONCEPT,IPEDS Glossary 2025-26,https://surveys.nces.ed.gov/ipeds/api/downloads/IPEDSGlossary.csv,NCES/IPEDS,true,LOW,Derived mechanically from source-attested form “Baccalaureate/Associate's Colleges (Carnegie)” (parenthetical-label-stripped); not independently source-attested as a standalone term.
Baccalaureate/Associate's Colleges (Carnegie),baccalaureate associate s colleges carnegie,ACADEMIC_CONCEPT,IPEDS Glossary 2025-26,https://surveys.nces.ed.gov/ipeds/api/downloads/IPEDSGlossary.csv,NCES/IPEDS,false,LOW,Source-attested IPEDS glossary term. Related item: Carnegie Classification
Baccalaureate Colleges - General,baccalaureate colleges general,ACADEMIC_CONCEPT,IPEDS Glossary 2025-26,https://surveys.nces.ed.gov/ipeds/api/downloads/IPEDSGlossary.csv,NCES/IPEDS,true,LOW,Derived mechanically from source-attested form “Baccalaureate Colleges - General  (Carnegie)” (parenthetical-label-stripped); not independently source-attested as a standalone term.
Baccalaureate Colleges - General  (Carnegie),baccalaureate colleges general carnegie,ACADEMIC_CONCEPT,IPEDS Glossary 2025-26,https://surveys.nces.ed.gov/ipeds/api/downloads/IPEDSGlossary.csv,NCES/IPEDS,false,LOW,Source-attested IPEDS glossary term. Related item: Carnegie Classification
Baccalaureate Colleges - Liberal Arts,baccalaureate colleges liberal arts,ACADEMIC_CONCEPT,IPEDS Glossary 2025-26,https://surveys.nces.ed.gov/ipeds/api/downloads/IPEDSGlossary.csv,NCES/IPEDS,true,LOW,Derived mechanically from source-attested form “Baccalaureate Colleges - Liberal Arts (Carnegie)” (parenthetical-label-stripped); not independently source-attested as a standalone term.
Baccalaureate Colleges - Liberal Arts (Carnegie),baccalaureate colleges liberal arts carnegie,ACADEMIC_CONCEPT,IPEDS Glossary 2025-26,https://surveys.nces.ed.gov/ipeds/api/downloads/IPEDSGlossary.csv,NCES/IPEDS,false,LOW,Source-attested IPEDS glossary term. Related item: Carnegie Classification
Bachelor's degree,bachelor s degree,ACADEMIC_CONCEPT,IPEDS Glossary 2025-26,https://surveys.nces.ed.gov/ipeds/api/downloads/IPEDSGlossary.csv,NCES/IPEDS,false,LOW,Source-attested IPEDS glossary term.
Bachelor's or equivalent degree-seeking subcohort,bachelor s or equivalent degree seeking subcohort,ACADEMIC_CONCEPT,IPEDS Glossary 2025-26,https://surveys.nces.ed.gov/ipeds/api/downloads/IPEDSGlossary.csv,NCES/IPEDS,false,LOW,Source-attested IPEDS glossary term.
Balance owed on principal,balance owed on principal,OTHER_DOMAIN_TERM,IPEDS Glossary 2025-26,https://surveys.nces.ed.gov/ipeds/api/downloads/IPEDSGlossary.csv,NCES/IPEDS,false,LOW,Source-attested IPEDS glossary term.
Balance sheet,balance sheet,OTHER_DOMAIN_TERM,IPEDS Glossary 2025-26,https://surveys.nces.ed.gov/ipeds/api/downloads/IPEDSGlossary.csv,NCES/IPEDS,false,LOW,Source-attested IPEDS glossary term.
Basic Principles for Income Tax Accounting,basic principles for income tax accounting,OTHER_DOMAIN_TERM,IPEDS Glossary 2025-26,https://surveys.nces.ed.gov/ipeds/api/downloads/IPEDSGlossary.csv,NCES/IPEDS,false,LOW,Source-attested IPEDS glossary term.
Berkeley Academic Guide,berkeley academic guide,ACADEMIC_CONCEPT,UC Berkeley Office of the Registrar Enrollment Glossary,https://registrar.berkeley.edu/enrollment/glossary/,Public institutional registrar glossary,false,LOW,Source-attested term; included to strengthen operational coverage outside the federal IPEDS/CEDS backbone.
Birthdate,birthdate,OTHER_DOMAIN_TERM,Common Education Data Standards (CEDS) Version 13 — Postsecondary domain,https://ceds.ed.gov/cedselementdetails.aspx?termid=26033,NCES/CEDS,false,HIGH,Source-attested CEDS postsecondary element; entity=PS Student; category=Demographic
"Black, non-Hispanic (old definition)",black non hispanic old definition,OTHER_DOMAIN_TERM,IPEDS Glossary 2025-26,https://surveys.nces.ed.gov/ipeds/api/downloads/IPEDSGlossary.csv,NCES/IPEDS,false,LOW,Source-attested IPEDS glossary term.
Black or African American,black or african american,OTHER_DOMAIN_TERM,Common Education Data Standards (CEDS) Version 13 — Postsecondary domain,https://ceds.ed.gov/cedselementdetails.aspx?termid=26657,NCES/CEDS,false,LOW,Source-attested CEDS postsecondary element; entity=PS Student; category=Demographic
Black or African American,black or african american,OTHER_DOMAIN_TERM,IPEDS Glossary 2025-26,https://surveys.nces.ed.gov/ipeds/api/downloads/IPEDSGlossary.csv,NCES/IPEDS,false,LOW,Source-attested IPEDS glossary term.
Board Charges,board charges,ORGANIZATION,Common Education Data Standards (CEDS) Version 13 — Postsecondary domain,https://ceds.ed.gov/cedselementdetails.aspx?termid=26729,NCES/CEDS,false,MEDIUM,Source-attested CEDS postsecondary element; entity=PS Institution; category=IPEDS Reporting
Board Member Position Type,board member position type,ORGANIZATION,Common Education Data Standards (CEDS) Version 13 — Postsecondary domain,https://ceds.ed.gov/cedselementdetails.aspx?termid=28004,NCES/CEDS,false,LOW,Source-attested CEDS postsecondary element; entity=Organization; category=Board
Board Member Term End Date,board member term end date,ORGANIZATION,Common Education Data Standards (CEDS) Version 13 — Postsecondary domain,https://ceds.ed.gov/cedselementdetails.aspx?termid=28005,NCES/CEDS,false,LOW,Source-attested CEDS postsecondary element; entity=Organization; category=Board
Board Member Term Start Date,board member term start date,ORGANIZATION,Common Education Data Standards (CEDS) Version 13 — Postsecondary domain,https://ceds.ed.gov/cedselementdetails.aspx?termid=28006,NCES/CEDS,false,LOW,Source-attested CEDS postsecondary element; entity=Organization; category=Board
Board Membership Type,board membership type,ORGANIZATION,Common Education Data Standards (CEDS) Version 13 — Postsecondary domain,https://ceds.ed.gov/cedselementdetails.aspx?termid=28007,NCES/CEDS,false,LOW,Source-attested CEDS postsecondary element; entity=Organization; category=Board
Book value,book value,OTHER_DOMAIN_TERM,IPEDS Glossary 2025-26,https://surveys.nces.ed.gov/ipeds/api/downloads/IPEDSGlossary.csv,NCES/IPEDS,false,LOW,Source-attested IPEDS glossary term.
Books and supplies,books and supplies,ACADEMIC_CONCEPT,IPEDS Glossary 2025-26,https://surveys.nces.ed.gov/ipeds/api/downloads/IPEDSGlossary.csv,NCES/IPEDS,false,LOW,Source-attested IPEDS glossary term.
Books and Supplies Costs,books and supplies costs,ACADEMIC_CONCEPT,Common Education Data Standards (CEDS) Version 13 — Postsecondary domain,https://ceds.ed.gov/cedselementdetails.aspx?termid=26730,NCES/CEDS,false,LOW,Source-attested CEDS postsecondary element; entity=PS Institution; category=IPEDS Reporting
Branch institution,branch institution,ORGANIZATION,IPEDS Glossary 2025-26,https://surveys.nces.ed.gov/ipeds/api/downloads/IPEDSGlossary.csv,NCES/IPEDS,false,LOW,Source-attested IPEDS glossary term.
Building Site Number,building site number,OTHER_DOMAIN_TERM,Common Education Data Standards (CEDS) Version 13 — Postsecondary domain,https://ceds.ed.gov/cedselementdetails.aspx?termid=26595,NCES/CEDS,false,LOW,Source-attested CEDS postsecondary element; entity=Organization; category=Address
Buildings,buildings,OTHER_DOMAIN_TERM,IPEDS Glossary 2025-26,https://surveys.nces.ed.gov/ipeds/api/downloads/IPEDSGlossary.csv,NCES/IPEDS,false,HIGH,Source-attested IPEDS glossary term.
Business and Financial Operations Occupations,business and financial operations occupations,ACADEMIC_CONCEPT,IPEDS Glossary 2025-26,https://surveys.nces.ed.gov/ipeds/api/downloads/IPEDSGlossary.csv,NCES/IPEDS,false,LOW,Source-attested IPEDS glossary term.
Business-type activities,business type activities,OTHER_DOMAIN_TERM,IPEDS Glossary 2025-26,https://surveys.nces.ed.gov/ipeds/api/downloads/IPEDSGlossary.csv,NCES/IPEDS,false,LOW,Source-attested IPEDS glossary term.
CAE,cae,DOCUMENT_SYSTEM,IPEDS Glossary 2025-26,https://surveys.nces.ed.gov/ipeds/api/downloads/IPEDSGlossary.csv,NCES/IPEDS,true,MEDIUM,Derived mechanically from source-attested form “Cambridge Certificate of Advanced English (CAE)” (parenthetical-code-extracted); not independently source-attested as a standalone term.
Cafeteria plan,cafeteria plan,DOCUMENT_SYSTEM,IPEDS Glossary 2025-26,https://surveys.nces.ed.gov/ipeds/api/downloads/IPEDSGlossary.csv,NCES/IPEDS,false,MEDIUM,Source-attested IPEDS glossary term.
Cal Student Central,cal student central,ROLE,UC Berkeley Office of the Registrar Enrollment Glossary,https://registrar.berkeley.edu/enrollment/glossary/,Public institutional registrar glossary,true,LOW,Derived mechanically from source-attested form “Cal Student Central (CSC)” (parenthetical-label-stripped); not independently source-attested as a standalone term.
Cal Student Central (CSC),cal student central csc,ROLE,UC Berkeley Office of the Registrar Enrollment Glossary,https://registrar.berkeley.edu/enrollment/glossary/,Public institutional registrar glossary,false,MEDIUM,Source-attested term; included to strengthen operational coverage outside the federal IPEDS/CEDS backbone.
CalCentral,calcentral,OTHER_DOMAIN_TERM,UC Berkeley Office of the Registrar Enrollment Glossary,https://registrar.berkeley.edu/enrollment/glossary/,Public institutional registrar glossary,false,HIGH,Source-attested term; included to strengthen operational coverage outside the federal IPEDS/CEDS backbone.
Calculated value,calculated value,OTHER_DOMAIN_TERM,IPEDS Glossary 2025-26,https://surveys.nces.ed.gov/ipeds/api/downloads/IPEDSGlossary.csv,NCES/IPEDS,true,LOW,Derived mechanically from source-attested form “Calculated value (CV)” (parenthetical-label-stripped); not independently source-attested as a standalone term.
Calculated value (CV),calculated value cv,OTHER_DOMAIN_TERM,IPEDS Glossary 2025-26,https://surveys.nces.ed.gov/ipeds/api/downloads/IPEDSGlossary.csv,NCES/IPEDS,false,MEDIUM,Source-attested IPEDS glossary term.
Calculation of FTE students (using fall student headcounts),calculation of fte students using fall student headcounts,OTHER_DOMAIN_TERM,IPEDS Glossary 2025-26,https://surveys.nces.ed.gov/ipeds/api/downloads/IPEDSGlossary.csv,NCES/IPEDS,false,MEDIUM,Source-attested IPEDS glossary term.
Calculation of FTE students (using instructional activity),calculation of fte students using instructional activity,ACADEMIC_CONCEPT,IPEDS Glossary 2025-26,https://surveys.nces.ed.gov/ipeds/api/downloads/IPEDSGlossary.csv,NCES/IPEDS,false,MEDIUM,Source-attested IPEDS glossary term.
Calendar system,calendar system,DOCUMENT_SYSTEM,IPEDS Glossary 2025-26,https://surveys.nces.ed.gov/ipeds/api/downloads/IPEDSGlossary.csv,NCES/IPEDS,false,LOW,Source-attested IPEDS glossary term.
Cambridge Certificate of Advanced English,cambridge certificate of advanced english,DOCUMENT_SYSTEM,IPEDS Glossary 2025-26,https://surveys.nces.ed.gov/ipeds/api/downloads/IPEDSGlossary.csv,NCES/IPEDS,true,LOW,Derived mechanically from source-attested form “Cambridge Certificate of Advanced English (CAE)” (parenthetical-label-stripped); not independently source-attested as a standalone term.
Cambridge Certificate of Advanced English (CAE),cambridge certificate of advanced english cae,DOCUMENT_SYSTEM,IPEDS Glossary 2025-26,https://surveys.nces.ed.gov/ipeds/api/downloads/IPEDSGlossary.csv,NCES/IPEDS,false,MEDIUM,Source-attested IPEDS glossary term. Related item: English Proficiency Test
Campus Residency Type,campus residency type,ORGANIZATION,Common Education Data Standards (CEDS) Version 13 — Postsecondary domain,https://ceds.ed.gov/cedselementdetails.aspx?termid=26035,NCES/CEDS,false,LOW,Source-attested CEDS postsecondary element; entity=PS Student; category=Demographic
Cancel for Non-Payment Policy,cancel for non payment policy,DOCUMENT_SYSTEM,UC Berkeley Office of the Registrar Enrollment Glossary,https://registrar.berkeley.edu/enrollment/glossary/,Public institutional registrar glossary,true,LOW,Derived mechanically from source-attested form “Cancel for Non-Payment Policy (CNP)” (parenthetical-label-stripped); not independently source-attested as a standalone term.
Cancel for Non-Payment Policy (CNP),cancel for non payment policy cnp,DOCUMENT_SYSTEM,UC Berkeley Office of the Registrar Enrollment Glossary,https://registrar.berkeley.edu/enrollment/glossary/,Public institutional registrar glossary,false,MEDIUM,Source-attested term; included to strengthen operational coverage outside the federal IPEDS/CEDS backbone.
Cancellation (of registration),cancellation of registration,PROCESS_EVENT,UC Berkeley Office of the Registrar Enrollment Glossary,https://registrar.berkeley.edu/enrollment/glossary/,Public institutional registrar glossary,false,LOW,Source-attested term; included to strengthen operational coverage outside the federal IPEDS/CEDS backbone.
Capital appropriations,capital appropriations,OTHER_DOMAIN_TERM,IPEDS Glossary 2025-26,https://surveys.nces.ed.gov/ipeds/api/downloads/IPEDSGlossary.csv,NCES/IPEDS,false,LOW,Source-attested IPEDS glossary term.
Capital assets,capital assets,OTHER_DOMAIN_TERM,IPEDS Glossary 2025-26,https://surveys.nces.ed.gov/ipeds/api/downloads/IPEDSGlossary.csv,NCES/IPEDS,false,LOW,Source-attested IPEDS glossary term.
Capital grants and gifts,capital grants and gifts,OTHER_DOMAIN_TERM,IPEDS Glossary 2025-26,https://surveys.nces.ed.gov/ipeds/api/downloads/IPEDSGlossary.csv,NCES/IPEDS,false,LOW,Source-attested IPEDS glossary term.
Capital leases,capital leases,OTHER_DOMAIN_TERM,IPEDS Glossary 2025-26,https://surveys.nces.ed.gov/ipeds/api/downloads/IPEDSGlossary.csv,NCES/IPEDS,false,LOW,Source-attested IPEDS glossary term.
Capital outlay,capital outlay,OTHER_DOMAIN_TERM,IPEDS Glossary 2025-26,https://surveys.nces.ed.gov/ipeds/api/downloads/IPEDSGlossary.csv,NCES/IPEDS,false,LOW,Source-attested IPEDS glossary term.
Capitalize,capitalize,ACADEMIC_CONCEPT,IPEDS Glossary 2025-26,https://surveys.nces.ed.gov/ipeds/api/downloads/IPEDSGlossary.csv,NCES/IPEDS,false,HIGH,Source-attested IPEDS glossary term.
Career and Technical Education Concentrator,career and technical education concentrator,OTHER_DOMAIN_TERM,Common Education Data Standards (CEDS) Version 13 — Postsecondary domain,https://ceds.ed.gov/cedselementdetails.aspx?termid=26037,NCES/CEDS,false,LOW,Source-attested CEDS postsecondary element; entity=PS Student; category=CTE
Career and Technical Education Instructor Industry Certification,career and technical education instructor industry certification,ROLE,Common Education Data Standards (CEDS) Version 13 — Postsecondary domain,https://ceds.ed.gov/cedselementdetails.aspx?termid=27284,NCES/CEDS,false,LOW,Source-attested CEDS postsecondary element; entity=PS Staff; category=Credential or License
Career and Technical Education Nontraditional Completion,career and technical education nontraditional completion,PROCESS_EVENT,Common Education Data Standards (CEDS) Version 13 — Postsecondary domain,https://ceds.ed.gov/cedselementdetails.aspx?termid=26586,NCES/CEDS,false,LOW,Source-attested CEDS postsecondary element; entity=PS Student; category=CTE
Career and Technical Education Participant,career and technical education participant,OTHER_DOMAIN_TERM,Common Education Data Standards (CEDS) Version 13 — Postsecondary domain,https://ceds.ed.gov/cedselementdetails.aspx?termid=26585,NCES/CEDS,false,LOW,Source-attested CEDS postsecondary element; entity=PS Student; category=CTE
Career Cluster,career cluster,ACADEMIC_CONCEPT,Common Education Data Standards (CEDS) Version 13 — Postsecondary domain,https://ceds.ed.gov/cedselementdetails.aspx?termid=27254,NCES/CEDS,false,LOW,Source-attested CEDS postsecondary element; entity=PS Student; category=Program Participation
Career Education Plan Date,career education plan date,DOCUMENT_SYSTEM,Common Education Data Standards (CEDS) Version 13 — Postsecondary domain,https://ceds.ed.gov/cedselementdetails.aspx?termid=27255,NCES/CEDS,false,LOW,Source-attested CEDS postsecondary element; entity=PS Staff; category=Professional Development
Career Education Plan Type,career education plan type,DOCUMENT_SYSTEM,Common Education Data Standards (CEDS) Version 13 — Postsecondary domain,https://ceds.ed.gov/cedselementdetails.aspx?termid=27256,NCES/CEDS,false,LOW,Source-attested CEDS postsecondary element; entity=PS Staff; category=Professional Development
Career Pathways Program Participation Exit Date,career pathways program participation exit date,ACADEMIC_CONCEPT,Common Education Data Standards (CEDS) Version 13 — Postsecondary domain,https://ceds.ed.gov/cedselementdetails.aspx?termid=27562,NCES/CEDS,false,LOW,Source-attested CEDS postsecondary element; entity=PS Student; category=CTE
Career Pathways Program Participation Indicator,career pathways program participation indicator,ACADEMIC_CONCEPT,Common Education Data Standards (CEDS) Version 13 — Postsecondary domain,https://ceds.ed.gov/cedselementdetails.aspx?termid=27257,NCES/CEDS,false,LOW,Source-attested CEDS postsecondary element; entity=PS Student; category=CTE
Career Pathways Program Participation Start Date,career pathways program participation start date,ACADEMIC_CONCEPT,Common Education Data Standards (CEDS) Version 13 — Postsecondary domain,https://ceds.ed.gov/cedselementdetails.aspx?termid=27563,NCES/CEDS,false,LOW,Source-attested CEDS postsecondary element; entity=PS Student; category=CTE
Career-Technical-Adult Education Displaced Homemaker Indicator,career technical adult education displaced homemaker indicator,OTHER_DOMAIN_TERM,Common Education Data Standards (CEDS) Version 13 — Postsecondary domain,https://ceds.ed.gov/cedselementdetails.aspx?termid=26084,NCES/CEDS,false,LOW,Source-attested CEDS postsecondary element; entity=PS Student; category=CTE
Career Technical Education Nontraditional Gender Status,career technical education nontraditional gender status,OTHER_DOMAIN_TERM,Common Education Data Standards (CEDS) Version 13 — Postsecondary domain,https://ceds.ed.gov/cedselementdetails.aspx?termid=26581,NCES/CEDS,false,LOW,Source-attested CEDS postsecondary element; entity=PS Student; category=CTE
Carl D. Perkins Vocational and Technical Education Act,carl d perkins vocational and technical education act,ACADEMIC_CONCEPT,IPEDS Glossary 2025-26,https://surveys.nces.ed.gov/ipeds/api/downloads/IPEDSGlossary.csv,NCES/IPEDS,false,LOW,Source-attested IPEDS glossary term.
Carnegie Basic Classification,carnegie basic classification,ACADEMIC_CONCEPT,Common Education Data Standards (CEDS) Version 13 — Postsecondary domain,https://ceds.ed.gov/cedselementdetails.aspx?termid=26038,NCES/CEDS,false,LOW,Source-attested CEDS postsecondary element; entity=PS Institution; category=Directory
Carnegie Classification,carnegie classification,ACADEMIC_CONCEPT,IPEDS Glossary 2025-26,https://surveys.nces.ed.gov/ipeds/api/downloads/IPEDSGlossary.csv,NCES/IPEDS,false,LOW,Source-attested IPEDS glossary term.
Carnegie Classification 2005: Basic classification,carnegie classification 2005 basic classification,ACADEMIC_CONCEPT,IPEDS Glossary 2025-26,https://surveys.nces.ed.gov/ipeds/api/downloads/IPEDSGlossary.csv,NCES/IPEDS,false,LOW,Source-attested IPEDS glossary term.
Carnegie Classification 2005: Enrollment profile classification,carnegie classification 2005 enrollment profile classification,PROCESS_EVENT,IPEDS Glossary 2025-26,https://surveys.nces.ed.gov/ipeds/api/downloads/IPEDSGlossary.csv,NCES/IPEDS,false,LOW,Source-attested IPEDS glossary term.
Carnegie Classification 2005: Graduate instructional program,carnegie classification 2005 graduate instructional program,PROCESS_EVENT,IPEDS Glossary 2025-26,https://surveys.nces.ed.gov/ipeds/api/downloads/IPEDSGlossary.csv,NCES/IPEDS,false,LOW,Source-attested IPEDS glossary term.
Carnegie Classification 2005: Size and setting classification,carnegie classification 2005 size and setting classification,OTHER_DOMAIN_TERM,IPEDS Glossary 2025-26,https://surveys.nces.ed.gov/ipeds/api/downloads/IPEDSGlossary.csv,NCES/IPEDS,false,LOW,Source-attested IPEDS glossary term.
Carnegie Classification 2005: Undergraduate instructional program,carnegie classification 2005 undergraduate instructional program,ACADEMIC_CONCEPT,IPEDS Glossary 2025-26,https://surveys.nces.ed.gov/ipeds/api/downloads/IPEDSGlossary.csv,NCES/IPEDS,false,LOW,Source-attested IPEDS glossary term.
Carnegie Classification 2005: Undergraduate profile,carnegie classification 2005 undergraduate profile,OTHER_DOMAIN_TERM,IPEDS Glossary 2025-26,https://surveys.nces.ed.gov/ipeds/api/downloads/IPEDSGlossary.csv,NCES/IPEDS,false,LOW,Source-attested IPEDS glossary term.
Casual employees,casual employees,ACADEMIC_CONCEPT,IPEDS Glossary 2025-26,https://surveys.nces.ed.gov/ipeds/api/downloads/IPEDSGlossary.csv,NCES/IPEDS,false,LOW,Source-attested IPEDS glossary term.
Catalog,catalog,DOCUMENT_SYSTEM,UT Austin Office of the Registrar Glossary of Catalog Terminology,https://registrar.utexas.edu/catalogs/glossary,Public institutional catalog/registrar glossary,false,HIGH,Source-attested term; included to strengthen operational coverage outside the federal IPEDS/CEDS backbone.
Certificate,certificate,DOCUMENT_SYSTEM,IPEDS Glossary 2025-26,https://surveys.nces.ed.gov/ipeds/api/downloads/IPEDSGlossary.csv,NCES/IPEDS,false,HIGH,Source-attested IPEDS glossary term.
Certificate,certificate,DOCUMENT_SYSTEM,UT Austin Office of the Registrar Glossary of Catalog Terminology,https://registrar.utexas.edu/catalogs/glossary,Public institutional catalog/registrar glossary,false,HIGH,Source-attested term; included to strengthen operational coverage outside the federal IPEDS/CEDS backbone.
"Certificate, Non-transcript-recognized",certificate non transcript recognized,DOCUMENT_SYSTEM,UT Austin Office of the Registrar Glossary of Catalog Terminology,https://registrar.utexas.edu/catalogs/glossary,Public institutional catalog/registrar glossary,false,LOW,Source-attested term; included to strengthen operational coverage outside the federal IPEDS/CEDS backbone.
"Certificate, Preparation",certificate preparation,DOCUMENT_SYSTEM,UT Austin Office of the Registrar Glossary of Catalog Terminology,https://registrar.utexas.edu/catalogs/glossary,Public institutional catalog/registrar glossary,false,MEDIUM,Source-attested term; included to strengthen operational coverage outside the federal IPEDS/CEDS backbone.
"Certificate, Transcript-recognized",certificate transcript recognized,DOCUMENT_SYSTEM,UT Austin Office of the Registrar Glossary of Catalog Terminology,https://registrar.utexas.edu/catalogs/glossary,Public institutional catalog/registrar glossary,false,LOW,Source-attested term; included to strengthen operational coverage outside the federal IPEDS/CEDS backbone.
CEU,ceu,ACADEMIC_CONCEPT,IPEDS Glossary 2025-26,https://surveys.nces.ed.gov/ipeds/api/downloads/IPEDSGlossary.csv,NCES/IPEDS,true,MEDIUM,Derived mechanically from source-attested form “Continuing Education Unit (CEU)” (parenthetical-code-extracted); not independently source-attested as a standalone term.
Change in net assets,change in net assets,ACADEMIC_CONCEPT,IPEDS Glossary 2025-26,https://surveys.nces.ed.gov/ipeds/api/downloads/IPEDSGlossary.csv,NCES/IPEDS,false,LOW,Source-attested IPEDS glossary term.
Chief administrator,chief administrator,ROLE,IPEDS Glossary 2025-26,https://surveys.nces.ed.gov/ipeds/api/downloads/IPEDSGlossary.csv,NCES/IPEDS,false,LOW,Source-attested IPEDS glossary term.
Child institution,child institution,ORGANIZATION,IPEDS Glossary 2025-26,https://surveys.nces.ed.gov/ipeds/api/downloads/IPEDSGlossary.csv,NCES/IPEDS,false,LOW,Source-attested IPEDS glossary term. Related item: Parent institution
Children of Fallen Heroes Indicator,children of fallen heroes indicator,OTHER_DOMAIN_TERM,Common Education Data Standards (CEDS) Version 13 — Postsecondary domain,https://ceds.ed.gov/cedselementdetails.aspx?termid=27917,NCES/CEDS,false,LOW,Source-attested CEDS postsecondary element; entity=PS Student; category=Demographic
CIP,cip,ACADEMIC_CONCEPT,IPEDS Glossary 2025-26,https://surveys.nces.ed.gov/ipeds/api/downloads/IPEDSGlossary.csv,NCES/IPEDS,true,MEDIUM,Derived mechanically from source-attested form “Classification of Instructional Programs (CIP)” (parenthetical-code-extracted); not independently source-attested as a standalone term.
CIP (Classification of Instructional Programs),cip classification of instructional programs,OTHER_DOMAIN_TERM,UT Austin Office of the Registrar Glossary of Catalog Terminology,https://registrar.utexas.edu/catalogs/glossary,Public institutional catalog/registrar glossary,false,MEDIUM,Source-attested term; included to strengthen operational coverage outside the federal IPEDS/CEDS backbone.
CIP code,cip code,DOCUMENT_SYSTEM,IPEDS Glossary 2025-26,https://surveys.nces.ed.gov/ipeds/api/downloads/IPEDSGlossary.csv,NCES/IPEDS,false,MEDIUM,Source-attested IPEDS glossary term. Related item: Classification of Instructional Programs (CIP)
Class Schedule,class schedule,DOCUMENT_SYSTEM,UC Berkeley Office of the Registrar Enrollment Glossary,https://registrar.berkeley.edu/enrollment/glossary/,Public institutional registrar glossary,false,MEDIUM,Source-attested term; included to strengthen operational coverage outside the federal IPEDS/CEDS backbone.
Classification of Instructional Program Code,classification of instructional program code,DOCUMENT_SYSTEM,Common Education Data Standards (CEDS) Version 13 — Postsecondary domain,https://ceds.ed.gov/cedselementdetails.aspx?termid=26043,NCES/CEDS,false,LOW,Source-attested CEDS postsecondary element; entity=PS Institution; category=Program
Classification of Instructional Program Use,classification of instructional program use,ACADEMIC_CONCEPT,Common Education Data Standards (CEDS) Version 13 — Postsecondary domain,https://ceds.ed.gov/cedselementdetails.aspx?termid=26044,NCES/CEDS,false,LOW,Source-attested CEDS postsecondary element; entity=PS Institution; category=Program
Classification of Instructional Program Version,classification of instructional program version,ACADEMIC_CONCEPT,Common Education Data Standards (CEDS) Version 13 — Postsecondary domain,https://ceds.ed.gov/cedselementdetails.aspx?termid=26045,NCES/CEDS,false,LOW,Source-attested CEDS postsecondary element; entity=PS Institution; category=Program
Classification of Instructional Programs,classification of instructional programs,ACADEMIC_CONCEPT,IPEDS Glossary 2025-26,https://surveys.nces.ed.gov/ipeds/api/downloads/IPEDSGlossary.csv,NCES/IPEDS,true,LOW,Derived mechanically from source-attested form “Classification of Instructional Programs (CIP)” (parenthetical-label-stripped); not independently source-attested as a standalone term.
Classification of Instructional Programs (CIP),classification of instructional programs cip,ACADEMIC_CONCEPT,IPEDS Glossary 2025-26,https://surveys.nces.ed.gov/ipeds/api/downloads/IPEDSGlossary.csv,NCES/IPEDS,false,MEDIUM,Source-attested IPEDS glossary term.
Clerical and secretarial,clerical and secretarial,ACADEMIC_CONCEPT,IPEDS Glossary 2025-26,https://surveys.nces.ed.gov/ipeds/api/downloads/IPEDSGlossary.csv,NCES/IPEDS,false,LOW,Source-attested IPEDS glossary term.
Clock hour,clock hour,ACADEMIC_CONCEPT,IPEDS Glossary 2025-26,https://surveys.nces.ed.gov/ipeds/api/downloads/IPEDSGlossary.csv,NCES/IPEDS,false,LOW,Source-attested IPEDS glossary term.
Clock hour activity,clock hour activity,ACADEMIC_CONCEPT,IPEDS Glossary 2025-26,https://surveys.nces.ed.gov/ipeds/api/downloads/IPEDSGlossary.csv,NCES/IPEDS,false,LOW,Source-attested IPEDS glossary term.
CNP,cnp,DOCUMENT_SYSTEM,UC Berkeley Office of the Registrar Enrollment Glossary,https://registrar.berkeley.edu/enrollment/glossary/,Public institutional registrar glossary,true,MEDIUM,Derived mechanically from source-attested form “Cancel for Non-Payment Policy (CNP)” (parenthetical-code-extracted); not independently source-attested as a standalone term.
Co-requisite,co requisite,ACADEMIC_CONCEPT,UT Austin Office of the Registrar Glossary of Catalog Terminology,https://registrar.utexas.edu/catalogs/glossary,Public institutional catalog/registrar glossary,false,LOW,Source-attested term; included to strengthen operational coverage outside the federal IPEDS/CEDS backbone.
COA,coa,OTHER_DOMAIN_TERM,Federal Student Aid Handbook Glossary,https://fsapartners.ed.gov/knowledge-center/fsa-handbook/glossary,Federal Student Aid glossary,true,MEDIUM,Derived mechanically from source-attested form “Cost of Attendance (COA)” (parenthetical-code-extracted); not independently source-attested as a standalone term.
COD,cod,PROCESS_EVENT,Federal Student Aid Handbook Glossary,https://fsapartners.ed.gov/knowledge-center/fsa-handbook/glossary,Federal Student Aid glossary,true,MEDIUM,Derived mechanically from source-attested form “Common Origination and Disbursement (COD)” (parenthetical-code-extracted); not independently source-attested as a standalone term.
Coding System Organization Type,coding system organization type,DOCUMENT_SYSTEM,Common Education Data Standards (CEDS) Version 13 — Postsecondary domain,https://ceds.ed.gov/cedselementdetails.aspx?termid=28009,NCES/CEDS,false,LOW,Source-attested CEDS postsecondary element; entity=Organization; category=Job
Cohort,cohort,OTHER_DOMAIN_TERM,IPEDS Glossary 2025-26,https://surveys.nces.ed.gov/ipeds/api/downloads/IPEDSGlossary.csv,NCES/IPEDS,false,HIGH,Source-attested IPEDS glossary term.
Cohort Exclusion,cohort exclusion,OTHER_DOMAIN_TERM,Common Education Data Standards (CEDS) Version 13 — Postsecondary domain,https://ceds.ed.gov/cedselementdetails.aspx?termid=26106,NCES/CEDS,false,LOW,Source-attested CEDS postsecondary element; entity=PS Student; category=Institution Enrollment
Cohort Graduation Year,cohort graduation year,PROCESS_EVENT,Common Education Data Standards (CEDS) Version 13 — Postsecondary domain,https://ceds.ed.gov/cedselementdetails.aspx?termid=26577,NCES/CEDS,false,LOW,Source-attested CEDS postsecondary element; entity=PS Student; category=Demographic
Cohort Year,cohort year,ACADEMIC_CONCEPT,Common Education Data Standards (CEDS) Version 13 — Postsecondary domain,https://ceds.ed.gov/cedselementdetails.aspx?termid=26046,NCES/CEDS,false,LOW,Source-attested CEDS postsecondary element; entity=PS Student; category=K12 Transcript
Cohort year,cohort year,OTHER_DOMAIN_TERM,IPEDS Glossary 2025-26,https://surveys.nces.ed.gov/ipeds/api/downloads/IPEDSGlossary.csv,NCES/IPEDS,false,LOW,Source-attested IPEDS glossary term.
Collection year,collection year,ACADEMIC_CONCEPT,IPEDS Glossary 2025-26,https://surveys.nces.ed.gov/ipeds/api/downloads/IPEDSGlossary.csv,NCES/IPEDS,false,LOW,Source-attested IPEDS glossary term. Related item: Data year
College Navigator,college navigator,ORGANIZATION,IPEDS Glossary 2025-26,https://surveys.nces.ed.gov/ipeds/api/downloads/IPEDSGlossary.csv,NCES/IPEDS,false,MEDIUM,Source-attested IPEDS glossary term.
College Requirement,college requirement,ORGANIZATION,UT Austin Office of the Registrar Glossary of Catalog Terminology,https://registrar.utexas.edu/catalogs/glossary,Public institutional catalog/registrar glossary,false,MEDIUM,Source-attested term; included to strengthen operational coverage outside the federal IPEDS/CEDS backbone.
Common Origination and Disbursement,common origination and disbursement,PROCESS_EVENT,Federal Student Aid Handbook Glossary,https://fsapartners.ed.gov/knowledge-center/fsa-handbook/glossary,Federal Student Aid glossary,true,LOW,Derived mechanically from source-attested form “Common Origination and Disbursement (COD)” (parenthetical-label-stripped); not independently source-attested as a standalone term.
Common Origination and Disbursement (COD),common origination and disbursement cod,PROCESS_EVENT,Federal Student Aid Handbook Glossary,https://fsapartners.ed.gov/knowledge-center/fsa-handbook/glossary,Federal Student Aid glossary,false,MEDIUM,Source-attested term; included to strengthen operational coverage outside the federal IPEDS/CEDS backbone.
"Community, Social Service, Legal, Arts, Design, Entertainment, Sports, and Media Occupations",community social service legal arts design entertainment sports and media occupations,ACADEMIC_CONCEPT,IPEDS Glossary 2025-26,https://surveys.nces.ed.gov/ipeds/api/downloads/IPEDSGlossary.csv,NCES/IPEDS,false,LOW,Source-attested IPEDS glossary term.
Comparison group,comparison group,OTHER_DOMAIN_TERM,IPEDS Glossary 2025-26,https://surveys.nces.ed.gov/ipeds/api/downloads/IPEDSGlossary.csv,NCES/IPEDS,false,LOW,Source-attested IPEDS glossary term. Related item: Focus institution
Completer,completer,ACADEMIC_CONCEPT,IPEDS Glossary 2025-26,https://surveys.nces.ed.gov/ipeds/api/downloads/IPEDSGlossary.csv,NCES/IPEDS,false,HIGH,Source-attested IPEDS glossary term.
Completers within 150% of normal time,completers within 150 of normal time,ACADEMIC_CONCEPT,IPEDS Glossary 2025-26,https://surveys.nces.ed.gov/ipeds/api/downloads/IPEDSGlossary.csv,NCES/IPEDS,false,LOW,Source-attested IPEDS glossary term. Related item: Normal time to completion
Completions (C),completions c,ACADEMIC_CONCEPT,IPEDS Glossary 2025-26,https://surveys.nces.ed.gov/ipeds/api/downloads/IPEDSGlossary.csv,NCES/IPEDS,false,LOW,Source-attested IPEDS glossary term.
Component unit,component unit,OTHER_DOMAIN_TERM,IPEDS Glossary 2025-26,https://surveys.nces.ed.gov/ipeds/api/downloads/IPEDSGlossary.csv,NCES/IPEDS,false,LOW,Source-attested IPEDS glossary term.
Comprehensive Fee,comprehensive fee,OTHER_DOMAIN_TERM,Common Education Data Standards (CEDS) Version 13 — Postsecondary domain,https://ceds.ed.gov/cedselementdetails.aspx?termid=26733,NCES/CEDS,false,LOW,Source-attested CEDS postsecondary element; entity=PS Institution; category=IPEDS Reporting
Comprehensive fee,comprehensive fee,ACADEMIC_CONCEPT,IPEDS Glossary 2025-26,https://surveys.nces.ed.gov/ipeds/api/downloads/IPEDSGlossary.csv,NCES/IPEDS,false,LOW,Source-attested IPEDS glossary term.
Comprehensive transition and postsecondary program for students with intellectual disabilities,comprehensive transition and postsecondary program for students with intellectual disabilities,ACADEMIC_CONCEPT,IPEDS Glossary 2025-26,https://surveys.nces.ed.gov/ipeds/api/downloads/IPEDSGlossary.csv,NCES/IPEDS,false,LOW,Source-attested IPEDS glossary term.
"Computer, Engineering, and Science Occupations",computer engineering and science occupations,ACADEMIC_CONCEPT,IPEDS Glossary 2025-26,https://surveys.nces.ed.gov/ipeds/api/downloads/IPEDSGlossary.csv,NCES/IPEDS,false,LOW,Source-attested IPEDS glossary term.
Concentration,concentration,ACADEMIC_CONCEPT,UT Austin Office of the Registrar Glossary of Catalog Terminology,https://registrar.utexas.edu/catalogs/glossary,Public institutional catalog/registrar glossary,false,HIGH,Source-attested term; included to strengthen operational coverage outside the federal IPEDS/CEDS backbone.
Concurrent Degree,concurrent degree,ACADEMIC_CONCEPT,UT Austin Office of the Registrar Glossary of Catalog Terminology,https://registrar.utexas.edu/catalogs/glossary,Public institutional catalog/registrar glossary,false,MEDIUM,Source-attested term; included to strengthen operational coverage outside the federal IPEDS/CEDS backbone.
Consortial Relationship,consortial relationship,OTHER_DOMAIN_TERM,UT Austin Office of the Registrar Glossary of Catalog Terminology,https://registrar.utexas.edu/catalogs/glossary,Public institutional catalog/registrar glossary,false,LOW,Source-attested term; included to strengthen operational coverage outside the federal IPEDS/CEDS backbone.
Construction in progress,construction in progress,OTHER_DOMAIN_TERM,IPEDS Glossary 2025-26,https://surveys.nces.ed.gov/ipeds/api/downloads/IPEDSGlossary.csv,NCES/IPEDS,false,LOW,Source-attested IPEDS glossary term.
Contact hour (old definition),contact hour old definition,ACADEMIC_CONCEPT,IPEDS Glossary 2025-26,https://surveys.nces.ed.gov/ipeds/api/downloads/IPEDSGlossary.csv,NCES/IPEDS,false,LOW,Source-attested IPEDS glossary term.
Contact Hours,contact hours,ACADEMIC_CONCEPT,UT Austin Office of the Registrar Glossary of Catalog Terminology,https://registrar.utexas.edu/catalogs/glossary,Public institutional catalog/registrar glossary,false,MEDIUM,Source-attested term; included to strengthen operational coverage outside the federal IPEDS/CEDS backbone.
Continuing contract or employment agreement,continuing contract or employment agreement,DOCUMENT_SYSTEM,IPEDS Glossary 2025-26,https://surveys.nces.ed.gov/ipeds/api/downloads/IPEDSGlossary.csv,NCES/IPEDS,false,LOW,Source-attested IPEDS glossary term.
Continuing Education Unit,continuing education unit,ACADEMIC_CONCEPT,IPEDS Glossary 2025-26,https://surveys.nces.ed.gov/ipeds/api/downloads/IPEDSGlossary.csv,NCES/IPEDS,true,LOW,Derived mechanically from source-attested form “Continuing Education Unit (CEU)” (parenthetical-label-stripped); not independently source-attested as a standalone term.
Continuing Education Unit (CEU),continuing education unit ceu,ACADEMIC_CONCEPT,IPEDS Glossary 2025-26,https://surveys.nces.ed.gov/ipeds/api/downloads/IPEDSGlossary.csv,NCES/IPEDS,false,MEDIUM,Source-attested IPEDS glossary term.
Continuing professional education,continuing professional education,ACADEMIC_CONCEPT,IPEDS Glossary 2025-26,https://surveys.nces.ed.gov/ipeds/api/downloads/IPEDSGlossary.csv,NCES/IPEDS,false,LOW,Source-attested IPEDS glossary term.
Continuing/Returning student,continuing returning student,ROLE,IPEDS Glossary 2025-26,https://surveys.nces.ed.gov/ipeds/api/downloads/IPEDSGlossary.csv,NCES/IPEDS,true,LOW,Derived mechanically from source-attested form “Continuing/Returning student (undergraduate)” (parenthetical-label-stripped); not independently source-attested as a standalone term.
Continuing/Returning student (undergraduate),continuing returning student undergraduate,ROLE,IPEDS Glossary 2025-26,https://surveys.nces.ed.gov/ipeds/api/downloads/IPEDSGlossary.csv,NCES/IPEDS,false,LOW,Source-attested IPEDS glossary term.
Continuous basis,continuous basis,OTHER_DOMAIN_TERM,IPEDS Glossary 2025-26,https://surveys.nces.ed.gov/ipeds/api/downloads/IPEDSGlossary.csv,NCES/IPEDS,false,LOW,Source-attested IPEDS glossary term.
Contract Type,contract type,OTHER_DOMAIN_TERM,Common Education Data Standards (CEDS) Version 13 — Postsecondary domain,https://ceds.ed.gov/cedselementdetails.aspx?termid=26714,NCES/CEDS,false,LOW,Source-attested CEDS postsecondary element; entity=PS Staff; category=Employment
Contributions from affiliated entities,contributions from affiliated entities,ACADEMIC_CONCEPT,IPEDS Glossary 2025-26,https://surveys.nces.ed.gov/ipeds/api/downloads/IPEDSGlossary.csv,NCES/IPEDS,false,LOW,Source-attested IPEDS glossary term.
Control of Institution,control of institution,ORGANIZATION,Common Education Data Standards (CEDS) Version 13 — Postsecondary domain,https://ceds.ed.gov/cedselementdetails.aspx?termid=26048,NCES/CEDS,false,LOW,Source-attested CEDS postsecondary element; entity=PS Institution; category=Directory
Control (of institution),control of institution,ORGANIZATION,IPEDS Glossary 2025-26,https://surveys.nces.ed.gov/ipeds/api/downloads/IPEDSGlossary.csv,NCES/IPEDS,false,LOW,"Source-attested IPEDS glossary term. Related item: Sector,Institutional affiliation,Level (of institution)"
Cookie,cookie,OTHER_DOMAIN_TERM,IPEDS Glossary 2025-26,https://surveys.nces.ed.gov/ipeds/api/downloads/IPEDSGlossary.csv,NCES/IPEDS,false,HIGH,Source-attested IPEDS glossary term.
Cooperative (work-study) program,cooperative work study program,ACADEMIC_CONCEPT,IPEDS Glossary 2025-26,https://surveys.nces.ed.gov/ipeds/api/downloads/IPEDSGlossary.csv,NCES/IPEDS,false,LOW,Source-attested IPEDS glossary term.
Core expenses,core expenses,ACADEMIC_CONCEPT,IPEDS Glossary 2025-26,https://surveys.nces.ed.gov/ipeds/api/downloads/IPEDSGlossary.csv,NCES/IPEDS,false,LOW,Source-attested IPEDS glossary term.
Core revenues,core revenues,OTHER_DOMAIN_TERM,IPEDS Glossary 2025-26,https://surveys.nces.ed.gov/ipeds/api/downloads/IPEDSGlossary.csv,NCES/IPEDS,false,LOW,Source-attested IPEDS glossary term.
Correspondence Education,correspondence education,ACADEMIC_CONCEPT,IPEDS Glossary 2025-26,https://surveys.nces.ed.gov/ipeds/api/downloads/IPEDSGlossary.csv,NCES/IPEDS,false,LOW,Source-attested IPEDS glossary term.
Cost,cost,OTHER_DOMAIN_TERM,IPEDS Glossary 2025-26,https://surveys.nces.ed.gov/ipeds/api/downloads/IPEDSGlossary.csv,NCES/IPEDS,true,HIGH,Derived mechanically from source-attested form “Cost (CST)” (parenthetical-label-stripped); not independently source-attested as a standalone term.
Cost (CST),cost cst,OTHER_DOMAIN_TERM,IPEDS Glossary 2025-26,https://surveys.nces.ed.gov/ipeds/api/downloads/IPEDSGlossary.csv,NCES/IPEDS,false,MEDIUM,Source-attested IPEDS glossary term.
Cost of Attendance,cost of attendance,OTHER_DOMAIN_TERM,Federal Student Aid Handbook Glossary,https://fsapartners.ed.gov/knowledge-center/fsa-handbook/glossary,Federal Student Aid glossary,true,LOW,Derived mechanically from source-attested form “Cost of Attendance (COA)” (parenthetical-label-stripped); not independently source-attested as a standalone term.
Cost of Attendance (COA),cost of attendance coa,OTHER_DOMAIN_TERM,Federal Student Aid Handbook Glossary,https://fsapartners.ed.gov/knowledge-center/fsa-handbook/glossary,Federal Student Aid glossary,false,MEDIUM,Source-attested term; included to strengthen operational coverage outside the federal IPEDS/CEDS backbone.
Cost of attendance (COA) [for IPEDS reporting purposes],cost of attendance coa for ipeds reporting purposes,PROCESS_EVENT,IPEDS Glossary 2025-26,https://surveys.nces.ed.gov/ipeds/api/downloads/IPEDSGlossary.csv,NCES/IPEDS,false,MEDIUM,"Source-attested IPEDS glossary term. Related item: Allowable costs,Average cost of attendance,Total cost of attendance"
Counseling service,counseling service,PROCESS_EVENT,IPEDS Glossary 2025-26,https://surveys.nces.ed.gov/ipeds/api/downloads/IPEDSGlossary.csv,NCES/IPEDS,false,LOW,Source-attested IPEDS glossary term.
Country Code,country code,DOCUMENT_SYSTEM,Common Education Data Standards (CEDS) Version 13 — Postsecondary domain,https://ceds.ed.gov/cedselementdetails.aspx?termid=26050,NCES/CEDS,false,LOW,Source-attested CEDS postsecondary element; entity=Organization; category=Contact->Address
Country of Birth Code,country of birth code,DOCUMENT_SYSTEM,Common Education Data Standards (CEDS) Version 13 — Postsecondary domain,https://ceds.ed.gov/cedselementdetails.aspx?termid=26051,NCES/CEDS,false,LOW,Source-attested CEDS postsecondary element; entity=PS Student; category=Demographic
County ANSI Code,county ansi code,DOCUMENT_SYSTEM,Common Education Data Standards (CEDS) Version 13 — Postsecondary domain,https://ceds.ed.gov/cedselementdetails.aspx?termid=27176,NCES/CEDS,false,MEDIUM,Source-attested CEDS postsecondary element; entity=Organization; category=Address
Course,course,ACADEMIC_CONCEPT,UT Austin Office of the Registrar Glossary of Catalog Terminology,https://registrar.utexas.edu/catalogs/glossary,Public institutional catalog/registrar glossary,false,HIGH,Source-attested term; included to strengthen operational coverage outside the federal IPEDS/CEDS backbone.
Course Academic Grade,course academic grade,ACADEMIC_CONCEPT,Common Education Data Standards (CEDS) Version 13 — Postsecondary domain,https://ceds.ed.gov/cedselementdetails.aspx?termid=26053,NCES/CEDS,false,LOW,Source-attested CEDS postsecondary element; entity=Course Section; category=Enrollment
Course Academic Grade Scale Code,course academic grade scale code,DOCUMENT_SYSTEM,Common Education Data Standards (CEDS) Version 13 — Postsecondary domain,https://ceds.ed.gov/cedselementdetails.aspx?termid=27264,NCES/CEDS,false,LOW,Source-attested CEDS postsecondary element; entity=Course Section
Course Academic Grade Status Code,course academic grade status code,DOCUMENT_SYSTEM,Common Education Data Standards (CEDS) Version 13 — Postsecondary domain,https://ceds.ed.gov/cedselementdetails.aspx?termid=27265,NCES/CEDS,false,LOW,Source-attested CEDS postsecondary element; entity=Course Section; category=Enrollment->Student Course Section Mark
Course Add Date,course add date,PROCESS_EVENT,Common Education Data Standards (CEDS) Version 13 — Postsecondary domain,https://ceds.ed.gov/cedselementdetails.aspx?termid=27266,NCES/CEDS,false,LOW,Source-attested CEDS postsecondary element; entity=Course Section; category=Enrollment
Course Begin Date,course begin date,ACADEMIC_CONCEPT,Common Education Data Standards (CEDS) Version 13 — Postsecondary domain,https://ceds.ed.gov/cedselementdetails.aspx?termid=26054,NCES/CEDS,false,LOW,Source-attested CEDS postsecondary element; entity=Course Section; category=Course
Course Catalog,course catalog,DOCUMENT_SYSTEM,UC Berkeley Office of the Registrar Enrollment Glossary,https://registrar.berkeley.edu/enrollment/glossary/,Public institutional registrar glossary,false,MEDIUM,Source-attested term; included to strengthen operational coverage outside the federal IPEDS/CEDS backbone.
Course Credit Basis Type,course credit basis type,ACADEMIC_CONCEPT,Common Education Data Standards (CEDS) Version 13 — Postsecondary domain,https://ceds.ed.gov/cedselementdetails.aspx?termid=27269,NCES/CEDS,false,LOW,Source-attested CEDS postsecondary element; entity=Course Section
Course Credit Level Type,course credit level type,ACADEMIC_CONCEPT,Common Education Data Standards (CEDS) Version 13 — Postsecondary domain,https://ceds.ed.gov/cedselementdetails.aspx?termid=27270,NCES/CEDS,false,LOW,Source-attested CEDS postsecondary element; entity=Course Section
Course Credit Units,course credit units,ACADEMIC_CONCEPT,Common Education Data Standards (CEDS) Version 13 — Postsecondary domain,https://ceds.ed.gov/cedselementdetails.aspx?termid=26057,NCES/CEDS,false,LOW,Source-attested CEDS postsecondary element; entity=PS Staff; category=Professional Development
Course Drop Date,course drop date,PROCESS_EVENT,Common Education Data Standards (CEDS) Version 13 — Postsecondary domain,https://ceds.ed.gov/cedselementdetails.aspx?termid=27271,NCES/CEDS,false,LOW,Source-attested CEDS postsecondary element; entity=Course Section; category=Enrollment
Course End Date,course end date,ACADEMIC_CONCEPT,Common Education Data Standards (CEDS) Version 13 — Postsecondary domain,https://ceds.ed.gov/cedselementdetails.aspx?termid=26059,NCES/CEDS,false,LOW,Source-attested CEDS postsecondary element; entity=Course Section; category=Course
Course Grade Point Average Applicability,course grade point average applicability,ACADEMIC_CONCEPT,Common Education Data Standards (CEDS) Version 13 — Postsecondary domain,https://ceds.ed.gov/cedselementdetails.aspx?termid=26060,NCES/CEDS,false,LOW,Source-attested CEDS postsecondary element; entity=Course Section
Course Honors Type,course honors type,ACADEMIC_CONCEPT,Common Education Data Standards (CEDS) Version 13 — Postsecondary domain,https://ceds.ed.gov/cedselementdetails.aspx?termid=27273,NCES/CEDS,false,LOW,Source-attested CEDS postsecondary element; entity=Course Section
Course Instruction Method,course instruction method,ACADEMIC_CONCEPT,Common Education Data Standards (CEDS) Version 13 — Postsecondary domain,https://ceds.ed.gov/cedselementdetails.aspx?termid=27274,NCES/CEDS,false,LOW,Source-attested CEDS postsecondary element; entity=Course Section
Course Instruction Site Name,course instruction site name,ACADEMIC_CONCEPT,Common Education Data Standards (CEDS) Version 13 — Postsecondary domain,https://ceds.ed.gov/cedselementdetails.aspx?termid=27275,NCES/CEDS,false,LOW,Source-attested CEDS postsecondary element; entity=Course Section
Course Instruction Site Type,course instruction site type,ACADEMIC_CONCEPT,Common Education Data Standards (CEDS) Version 13 — Postsecondary domain,https://ceds.ed.gov/cedselementdetails.aspx?termid=27276,NCES/CEDS,false,LOW,Source-attested CEDS postsecondary element; entity=Course Section
Course Level Type,course level type,ACADEMIC_CONCEPT,Common Education Data Standards (CEDS) Version 13 — Postsecondary domain,https://ceds.ed.gov/cedselementdetails.aspx?termid=27278,NCES/CEDS,false,LOW,Source-attested CEDS postsecondary element; entity=Course Section
Course Loads,course loads,ACADEMIC_CONCEPT,UC Berkeley Office of the Registrar Enrollment Glossary,https://registrar.berkeley.edu/enrollment/glossary/,Public institutional registrar glossary,false,MEDIUM,Source-attested term; included to strengthen operational coverage outside the federal IPEDS/CEDS backbone.
Course Narrative Explanation Grade,course narrative explanation grade,ACADEMIC_CONCEPT,Common Education Data Standards (CEDS) Version 13 — Postsecondary domain,https://ceds.ed.gov/cedselementdetails.aspx?termid=27279,NCES/CEDS,false,LOW,Source-attested CEDS postsecondary element; entity=Course Section
Course Number,course number,ACADEMIC_CONCEPT,Common Education Data Standards (CEDS) Version 13 — Postsecondary domain,https://ceds.ed.gov/cedselementdetails.aspx?termid=27280,NCES/CEDS,false,MEDIUM,Source-attested CEDS postsecondary element; entity=Course Section
Course Override School,course override school,ORGANIZATION,Common Education Data Standards (CEDS) Version 13 — Postsecondary domain,https://ceds.ed.gov/cedselementdetails.aspx?termid=26063,NCES/CEDS,false,LOW,Source-attested CEDS postsecondary element; entity=Course Section; category=Enrollment
Course Quality Points Earned,course quality points earned,ACADEMIC_CONCEPT,Common Education Data Standards (CEDS) Version 13 — Postsecondary domain,https://ceds.ed.gov/cedselementdetails.aspx?termid=26064,NCES/CEDS,false,LOW,Source-attested CEDS postsecondary element; entity=Course Section; category=Enrollment
Course Repeat Code,course repeat code,DOCUMENT_SYSTEM,Common Education Data Standards (CEDS) Version 13 — Postsecondary domain,https://ceds.ed.gov/cedselementdetails.aspx?termid=26065,NCES/CEDS,false,LOW,Source-attested CEDS postsecondary element; entity=Course Section
Course Section Maximum Capacity,course section maximum capacity,ACADEMIC_CONCEPT,Common Education Data Standards (CEDS) Version 13 — Postsecondary domain,https://ceds.ed.gov/cedselementdetails.aspx?termid=27636,NCES/CEDS,false,LOW,Source-attested CEDS postsecondary element; entity=Course Section
Course Section Number,course section number,ACADEMIC_CONCEPT,Common Education Data Standards (CEDS) Version 13 — Postsecondary domain,https://ceds.ed.gov/cedselementdetails.aspx?termid=27281,NCES/CEDS,false,LOW,Source-attested CEDS postsecondary element; entity=Course Section
Course Subject Abbreviation,course subject abbreviation,ACADEMIC_CONCEPT,Common Education Data Standards (CEDS) Version 13 — Postsecondary domain,https://ceds.ed.gov/cedselementdetails.aspx?termid=26066,NCES/CEDS,false,LOW,Source-attested CEDS postsecondary element; entity=Course Section; category=Course
Course Total,course total,ACADEMIC_CONCEPT,Common Education Data Standards (CEDS) Version 13 — Postsecondary domain,https://ceds.ed.gov/cedselementdetails.aspx?termid=27282,NCES/CEDS,false,MEDIUM,Source-attested CEDS postsecondary element; entity=PS Student; category=Academic Record
Coursework,coursework,OTHER_DOMAIN_TERM,UT Austin Office of the Registrar Glossary of Catalog Terminology,https://registrar.utexas.edu/catalogs/glossary,Public institutional catalog/registrar glossary,false,HIGH,Source-attested term; included to strengthen operational coverage outside the federal IPEDS/CEDS backbone.
Credential,credential,DOCUMENT_SYSTEM,UT Austin Office of the Registrar Glossary of Catalog Terminology,https://registrar.utexas.edu/catalogs/glossary,Public institutional catalog/registrar glossary,false,HIGH,Source-attested term; included to strengthen operational coverage outside the federal IPEDS/CEDS backbone.
Credential Expiration Date,credential expiration date,DOCUMENT_SYSTEM,Common Education Data Standards (CEDS) Version 13 — Postsecondary domain,https://ceds.ed.gov/cedselementdetails.aspx?termid=26069,NCES/CEDS,false,LOW,Source-attested CEDS postsecondary element; entity=PS Staff; category=Credential or License
Credential or License Award Entity,credential or license award entity,DOCUMENT_SYSTEM,Common Education Data Standards (CEDS) Version 13 — Postsecondary domain,https://ceds.ed.gov/cedselementdetails.aspx?termid=27566,NCES/CEDS,false,LOW,Source-attested CEDS postsecondary element; entity=PS Staff; category=Credential or License
Credit,credit,ACADEMIC_CONCEPT,IPEDS Glossary 2025-26,https://surveys.nces.ed.gov/ipeds/api/downloads/IPEDSGlossary.csv,NCES/IPEDS,false,HIGH,Source-attested IPEDS glossary term.
Credit Balance,credit balance,ACADEMIC_CONCEPT,Federal Student Aid Handbook Glossary,https://fsapartners.ed.gov/knowledge-center/fsa-handbook/glossary,Federal Student Aid glossary,false,MEDIUM,Source-attested term; included to strengthen operational coverage outside the federal IPEDS/CEDS backbone.
Credit course,credit course,ACADEMIC_CONCEPT,IPEDS Glossary 2025-26,https://surveys.nces.ed.gov/ipeds/api/downloads/IPEDSGlossary.csv,NCES/IPEDS,false,MEDIUM,Source-attested IPEDS glossary term.
Credit for life experiences,credit for life experiences,ACADEMIC_CONCEPT,IPEDS Glossary 2025-26,https://surveys.nces.ed.gov/ipeds/api/downloads/IPEDSGlossary.csv,NCES/IPEDS,false,LOW,Source-attested IPEDS glossary term.
Credit for Military Training,credit for military training,ACADEMIC_CONCEPT,IPEDS Glossary 2025-26,https://surveys.nces.ed.gov/ipeds/api/downloads/IPEDSGlossary.csv,NCES/IPEDS,false,LOW,Source-attested IPEDS glossary term.
Credit hour,credit hour,ACADEMIC_CONCEPT,IPEDS Glossary 2025-26,https://surveys.nces.ed.gov/ipeds/api/downloads/IPEDSGlossary.csv,NCES/IPEDS,false,MEDIUM,Source-attested IPEDS glossary term. Related item: Clock hour
Credit hour activity,credit hour activity,ACADEMIC_CONCEPT,IPEDS Glossary 2025-26,https://surveys.nces.ed.gov/ipeds/api/downloads/IPEDSGlossary.csv,NCES/IPEDS,false,LOW,Source-attested IPEDS glossary term.
Credit Hours,credit hours,ACADEMIC_CONCEPT,UT Austin Office of the Registrar Glossary of Catalog Terminology,https://registrar.utexas.edu/catalogs/glossary,Public institutional catalog/registrar glossary,false,MEDIUM,Source-attested term; included to strengthen operational coverage outside the federal IPEDS/CEDS backbone.
Credit Hours Applied Other Program,credit hours applied other program,ACADEMIC_CONCEPT,Common Education Data Standards (CEDS) Version 13 — Postsecondary domain,https://ceds.ed.gov/cedselementdetails.aspx?termid=27283,NCES/CEDS,false,LOW,Source-attested CEDS postsecondary element; entity=PS Student; category=Academic Record->Academic Award
Credit Value,credit value,ACADEMIC_CONCEPT,Common Education Data Standards (CEDS) Version 13 — Postsecondary domain,https://ceds.ed.gov/cedselementdetails.aspx?termid=26058,NCES/CEDS,false,MEDIUM,Source-attested CEDS postsecondary element; entity=Course Section; category=Course
Credits Attempted Cumulative,credits attempted cumulative,OTHER_DOMAIN_TERM,Common Education Data Standards (CEDS) Version 13 — Postsecondary domain,https://ceds.ed.gov/cedselementdetails.aspx?termid=26073,NCES/CEDS,false,LOW,Source-attested CEDS postsecondary element; entity=PS Student; category=Academic Record
Credits Earned Cumulative,credits earned cumulative,OTHER_DOMAIN_TERM,Common Education Data Standards (CEDS) Version 13 — Postsecondary domain,https://ceds.ed.gov/cedselementdetails.aspx?termid=26074,NCES/CEDS,false,LOW,Source-attested CEDS postsecondary element; entity=PS Student; category=Academic Record
Critical Teacher Shortage Area Candidate,critical teacher shortage area candidate,ROLE,Common Education Data Standards (CEDS) Version 13 — Postsecondary domain,https://ceds.ed.gov/cedselementdetails.aspx?termid=26753,NCES/CEDS,false,LOW,Source-attested CEDS postsecondary element; entity=PS Student; category=Teacher Education/Preparation
Cross-over award period,cross over award period,PROCESS_EVENT,IPEDS Glossary 2025-26,https://surveys.nces.ed.gov/ipeds/api/downloads/IPEDSGlossary.csv,NCES/IPEDS,false,LOW,Source-attested IPEDS glossary term.
CSC,csc,ROLE,UC Berkeley Office of the Registrar Enrollment Glossary,https://registrar.berkeley.edu/enrollment/glossary/,Public institutional registrar glossary,true,MEDIUM,Derived mechanically from source-attested form “Cal Student Central (CSC)” (parenthetical-code-extracted); not independently source-attested as a standalone term.
CST,cst,OTHER_DOMAIN_TERM,IPEDS Glossary 2025-26,https://surveys.nces.ed.gov/ipeds/api/downloads/IPEDSGlossary.csv,NCES/IPEDS,true,MEDIUM,Derived mechanically from source-attested form “Cost (CST)” (parenthetical-code-extracted); not independently source-attested as a standalone term.
Current assets,current assets,OTHER_DOMAIN_TERM,IPEDS Glossary 2025-26,https://surveys.nces.ed.gov/ipeds/api/downloads/IPEDSGlossary.csv,NCES/IPEDS,false,LOW,Source-attested IPEDS glossary term.
Current liabilities,current liabilities,ACADEMIC_CONCEPT,IPEDS Glossary 2025-26,https://surveys.nces.ed.gov/ipeds/api/downloads/IPEDSGlossary.csv,NCES/IPEDS,false,LOW,Source-attested IPEDS glossary term.
Current replacement value,current replacement value,OTHER_DOMAIN_TERM,IPEDS Glossary 2025-26,https://surveys.nces.ed.gov/ipeds/api/downloads/IPEDSGlossary.csv,NCES/IPEDS,false,LOW,Source-attested IPEDS glossary term.
Custodial Parent or Guardian Indicator,custodial parent or guardian indicator,OTHER_DOMAIN_TERM,Common Education Data Standards (CEDS) Version 13 — Postsecondary domain,https://ceds.ed.gov/cedselementdetails.aspx?termid=26328,NCES/CEDS,false,LOW,Source-attested CEDS postsecondary element; entity=PS Student; category=Relationship
CV,cv,OTHER_DOMAIN_TERM,IPEDS Glossary 2025-26,https://surveys.nces.ed.gov/ipeds/api/downloads/IPEDSGlossary.csv,NCES/IPEDS,true,MEDIUM,Derived mechanically from source-attested form “Calculated value (CV)” (parenthetical-code-extracted); not independently source-attested as a standalone term.
DAS,das,DOCUMENT_SYSTEM,IPEDS Glossary 2025-26,https://surveys.nces.ed.gov/ipeds/api/downloads/IPEDSGlossary.csv,NCES/IPEDS,true,MEDIUM,Derived mechanically from source-attested form “Data Analysis System (DAS)” (parenthetical-code-extracted); not independently source-attested as a standalone term.
Data Analysis System,data analysis system,DOCUMENT_SYSTEM,IPEDS Glossary 2025-26,https://surveys.nces.ed.gov/ipeds/api/downloads/IPEDSGlossary.csv,NCES/IPEDS,true,LOW,Derived mechanically from source-attested form “Data Analysis System (DAS)” (parenthetical-label-stripped); not independently source-attested as a standalone term.
Data Analysis System (DAS),data analysis system das,DOCUMENT_SYSTEM,IPEDS Glossary 2025-26,https://surveys.nces.ed.gov/ipeds/api/downloads/IPEDSGlossary.csv,NCES/IPEDS,false,MEDIUM,Source-attested IPEDS glossary term.
Data collection system,data collection system,DOCUMENT_SYSTEM,IPEDS Glossary 2025-26,https://surveys.nces.ed.gov/ipeds/api/downloads/IPEDSGlossary.csv,NCES/IPEDS,true,LOW,Derived mechanically from source-attested form “Data collection system (DCS)” (parenthetical-label-stripped); not independently source-attested as a standalone term.
Data collection system (DCS),data collection system dcs,DOCUMENT_SYSTEM,IPEDS Glossary 2025-26,https://surveys.nces.ed.gov/ipeds/api/downloads/IPEDSGlossary.csv,NCES/IPEDS,false,MEDIUM,Source-attested IPEDS glossary term.
Data dictionary,data dictionary,OTHER_DOMAIN_TERM,IPEDS Glossary 2025-26,https://surveys.nces.ed.gov/ipeds/api/downloads/IPEDSGlossary.csv,NCES/IPEDS,false,LOW,Source-attested IPEDS glossary term.
Data Integrity Board,data integrity board,ORGANIZATION,Federal Student Aid Handbook Glossary,https://fsapartners.ed.gov/knowledge-center/fsa-handbook/glossary,Federal Student Aid glossary,true,LOW,Derived mechanically from source-attested form “Data Integrity Board (DIB)” (parenthetical-label-stripped); not independently source-attested as a standalone term.
Data Integrity Board (DIB),data integrity board dib,ORGANIZATION,Federal Student Aid Handbook Glossary,https://fsapartners.ed.gov/knowledge-center/fsa-handbook/glossary,Federal Student Aid glossary,false,MEDIUM,Source-attested term; included to strengthen operational coverage outside the federal IPEDS/CEDS backbone.
Data revision system,data revision system,DOCUMENT_SYSTEM,IPEDS Glossary 2025-26,https://surveys.nces.ed.gov/ipeds/api/downloads/IPEDSGlossary.csv,NCES/IPEDS,false,LOW,Source-attested IPEDS glossary term.
Data Universal Numbering System (DUNS) number,data universal numbering system duns number,DOCUMENT_SYSTEM,IPEDS Glossary 2025-26,https://surveys.nces.ed.gov/ipeds/api/downloads/IPEDSGlossary.csv,NCES/IPEDS,false,MEDIUM,Source-attested IPEDS glossary term. Related item: Unique Entity Identifier (UEI)
Data year,data year,OTHER_DOMAIN_TERM,IPEDS Glossary 2025-26,https://surveys.nces.ed.gov/ipeds/api/downloads/IPEDSGlossary.csv,NCES/IPEDS,false,LOW,Source-attested IPEDS glossary term.
Database,database,DOCUMENT_SYSTEM,IPEDS Glossary 2025-26,https://surveys.nces.ed.gov/ipeds/api/downloads/IPEDSGlossary.csv,NCES/IPEDS,false,HIGH,Source-attested IPEDS glossary term.
Dataset Cutting Tool,dataset cutting tool,OTHER_DOMAIN_TERM,IPEDS Glossary 2025-26,https://surveys.nces.ed.gov/ipeds/api/downloads/IPEDSGlossary.csv,NCES/IPEDS,true,LOW,Derived mechanically from source-attested form “Dataset Cutting Tool (DCT)” (parenthetical-label-stripped); not independently source-attested as a standalone term.
Dataset Cutting Tool (DCT),dataset cutting tool dct,OTHER_DOMAIN_TERM,IPEDS Glossary 2025-26,https://surveys.nces.ed.gov/ipeds/api/downloads/IPEDSGlossary.csv,NCES/IPEDS,false,MEDIUM,Source-attested IPEDS glossary term.
Day care service,day care service,OTHER_DOMAIN_TERM,IPEDS Glossary 2025-26,https://surveys.nces.ed.gov/ipeds/api/downloads/IPEDSGlossary.csv,NCES/IPEDS,false,LOW,Source-attested IPEDS glossary term.
DCGS,dcgs,DOCUMENT_SYSTEM,IPEDS Glossary 2025-26,https://surveys.nces.ed.gov/ipeds/api/downloads/IPEDSGlossary.csv,NCES/IPEDS,true,MEDIUM,Derived mechanically from source-attested form “Degree/certificate-seeking students (DCGS)” (parenthetical-code-extracted); not independently source-attested as a standalone term.
DCS,dcs,DOCUMENT_SYSTEM,IPEDS Glossary 2025-26,https://surveys.nces.ed.gov/ipeds/api/downloads/IPEDSGlossary.csv,NCES/IPEDS,true,MEDIUM,Derived mechanically from source-attested form “Data collection system (DCS)” (parenthetical-code-extracted); not independently source-attested as a standalone term.
DCT,dct,OTHER_DOMAIN_TERM,IPEDS Glossary 2025-26,https://surveys.nces.ed.gov/ipeds/api/downloads/IPEDSGlossary.csv,NCES/IPEDS,true,MEDIUM,Derived mechanically from source-attested form “Dataset Cutting Tool (DCT)” (parenthetical-code-extracted); not independently source-attested as a standalone term.
Deductions from physical plant assets,deductions from physical plant assets,OTHER_DOMAIN_TERM,IPEDS Glossary 2025-26,https://surveys.nces.ed.gov/ipeds/api/downloads/IPEDSGlossary.csv,NCES/IPEDS,false,LOW,Source-attested IPEDS glossary term.
Deferred inflows of resources,deferred inflows of resources,OTHER_DOMAIN_TERM,IPEDS Glossary 2025-26,https://surveys.nces.ed.gov/ipeds/api/downloads/IPEDSGlossary.csv,NCES/IPEDS,false,LOW,Source-attested IPEDS glossary term.
Deferred outflows of resources,deferred outflows of resources,OTHER_DOMAIN_TERM,IPEDS Glossary 2025-26,https://surveys.nces.ed.gov/ipeds/api/downloads/IPEDSGlossary.csv,NCES/IPEDS,false,LOW,Source-attested IPEDS glossary term.
Degree,degree,ACADEMIC_CONCEPT,IPEDS Glossary 2025-26,https://surveys.nces.ed.gov/ipeds/api/downloads/IPEDSGlossary.csv,NCES/IPEDS,false,HIGH,Source-attested IPEDS glossary term.
Degree,degree,ACADEMIC_CONCEPT,UT Austin Office of the Registrar Glossary of Catalog Terminology,https://registrar.utexas.edu/catalogs/glossary,Public institutional catalog/registrar glossary,false,HIGH,Source-attested term; included to strengthen operational coverage outside the federal IPEDS/CEDS backbone.
Degree Applicability,degree applicability,ACADEMIC_CONCEPT,Common Education Data Standards (CEDS) Version 13 — Postsecondary domain,https://ceds.ed.gov/cedselementdetails.aspx?termid=26077,NCES/CEDS,false,MEDIUM,Source-attested CEDS postsecondary element; entity=Course Section; category=Enrollment
Degree/certificate-seeking students,degree certificate seeking students,DOCUMENT_SYSTEM,IPEDS Glossary 2025-26,https://surveys.nces.ed.gov/ipeds/api/downloads/IPEDSGlossary.csv,NCES/IPEDS,true,LOW,Derived mechanically from source-attested form “Degree/certificate-seeking students (DCGS)” (parenthetical-label-stripped); not independently source-attested as a standalone term.
Degree/certificate-seeking students (DCGS),degree certificate seeking students dcgs,DOCUMENT_SYSTEM,IPEDS Glossary 2025-26,https://surveys.nces.ed.gov/ipeds/api/downloads/IPEDSGlossary.csv,NCES/IPEDS,false,MEDIUM,Source-attested IPEDS glossary term.
Degree Major,degree major,ACADEMIC_CONCEPT,UT Austin Office of the Registrar Glossary of Catalog Terminology,https://registrar.utexas.edu/catalogs/glossary,Public institutional catalog/registrar glossary,false,MEDIUM,Source-attested term; included to strengthen operational coverage outside the federal IPEDS/CEDS backbone.
Degree of urbanization (urban-centric locale),degree of urbanization urban centric locale,ACADEMIC_CONCEPT,IPEDS Glossary 2025-26,https://surveys.nces.ed.gov/ipeds/api/downloads/IPEDSGlossary.csv,NCES/IPEDS,false,LOW,Source-attested IPEDS glossary term.
Degree of Visual Impairment,degree of visual impairment,ACADEMIC_CONCEPT,Common Education Data Standards (CEDS) Version 13 — Postsecondary domain,https://ceds.ed.gov/cedselementdetails.aspx?termid=28111,NCES/CEDS,false,LOW,Source-attested CEDS postsecondary element; entity=PS Student; category=Disability
Degree or Certificate Conferring Date,degree or certificate conferring date,DOCUMENT_SYSTEM,Common Education Data Standards (CEDS) Version 13 — Postsecondary domain,https://ceds.ed.gov/cedselementdetails.aspx?termid=26343,NCES/CEDS,false,LOW,Source-attested CEDS postsecondary element; entity=PS Staff; category=Credential or License
Degree or Certificate Seeking Student,degree or certificate seeking student,ROLE,Federal Student Aid Handbook Glossary,https://fsapartners.ed.gov/knowledge-center/fsa-handbook/glossary,Federal Student Aid glossary,false,LOW,Source-attested term; included to strengthen operational coverage outside the federal IPEDS/CEDS backbone.
Degree or Certificate Seeking Student,degree or certificate seeking student,ROLE,Common Education Data Standards (CEDS) Version 13 — Postsecondary domain,https://ceds.ed.gov/cedselementdetails.aspx?termid=26078,NCES/CEDS,false,LOW,Source-attested CEDS postsecondary element; entity=PS Student; category=Institution Enrollment
Degree or Certificate Title or Subject,degree or certificate title or subject,DOCUMENT_SYSTEM,Common Education Data Standards (CEDS) Version 13 — Postsecondary domain,https://ceds.ed.gov/cedselementdetails.aspx?termid=26341,NCES/CEDS,false,LOW,Source-attested CEDS postsecondary element; entity=PS Staff; category=Credential or License
Degree or Certificate Type,degree or certificate type,DOCUMENT_SYSTEM,Common Education Data Standards (CEDS) Version 13 — Postsecondary domain,https://ceds.ed.gov/cedselementdetails.aspx?termid=26342,NCES/CEDS,false,LOW,Source-attested CEDS postsecondary element; entity=PS Staff; category=Credential or License
Degree Plan,degree plan,DOCUMENT_SYSTEM,UT Austin Office of the Registrar Glossary of Catalog Terminology,https://registrar.utexas.edu/catalogs/glossary,Public institutional catalog/registrar glossary,false,MEDIUM,Source-attested term; included to strengthen operational coverage outside the federal IPEDS/CEDS backbone.
Degree Program,degree program,ACADEMIC_CONCEPT,UT Austin Office of the Registrar Glossary of Catalog Terminology,https://registrar.utexas.edu/catalogs/glossary,Public institutional catalog/registrar glossary,false,MEDIUM,Source-attested term; included to strengthen operational coverage outside the federal IPEDS/CEDS backbone.
Degree Requirement,degree requirement,ACADEMIC_CONCEPT,UT Austin Office of the Registrar Glossary of Catalog Terminology,https://registrar.utexas.edu/catalogs/glossary,Public institutional catalog/registrar glossary,false,MEDIUM,Source-attested term; included to strengthen operational coverage outside the federal IPEDS/CEDS backbone.
DegreeVerify,degreeverify,OTHER_DOMAIN_TERM,National Student Clearinghouse Compliance Central Glossary,https://help.studentclearinghouse.org/compliancecentral/knowledge-base/glossary/,Sector enrollment reporting glossary,false,HIGH,Source-attested term; included to strengthen operational coverage outside the federal IPEDS/CEDS backbone.
Delegate,delegate,OTHER_DOMAIN_TERM,UC Berkeley Office of the Registrar Enrollment Glossary,https://registrar.berkeley.edu/enrollment/glossary/,Public institutional registrar glossary,true,HIGH,Derived mechanically from source-attested form “Delegate (access)” (parenthetical-label-stripped); not independently source-attested as a standalone term.
Delegate (access),delegate access,OTHER_DOMAIN_TERM,UC Berkeley Office of the Registrar Enrollment Glossary,https://registrar.berkeley.edu/enrollment/glossary/,Public institutional registrar glossary,false,LOW,Source-attested term; included to strengthen operational coverage outside the federal IPEDS/CEDS backbone.
Demographic Race Two or More Races,demographic race two or more races,OTHER_DOMAIN_TERM,Common Education Data Standards (CEDS) Version 13 — Postsecondary domain,https://ceds.ed.gov/cedselementdetails.aspx?termid=26974,NCES/CEDS,false,LOW,Source-attested CEDS postsecondary element; entity=PS Student; category=Demographic
Department,department,ORGANIZATION,UT Austin Office of the Registrar Glossary of Catalog Terminology,https://registrar.utexas.edu/catalogs/glossary,Public institutional catalog/registrar glossary,false,HIGH,Source-attested term; included to strengthen operational coverage outside the federal IPEDS/CEDS backbone.
Department of Defense Voluntary Education Program Memorandum of Understanding,department of defense voluntary education program memorandum of understanding,ORGANIZATION,IPEDS Glossary 2025-26,https://surveys.nces.ed.gov/ipeds/api/downloads/IPEDSGlossary.csv,NCES/IPEDS,false,LOW,Source-attested IPEDS glossary term.
Dependency Override,dependency override,OTHER_DOMAIN_TERM,Federal Student Aid Handbook Glossary,https://fsapartners.ed.gov/knowledge-center/fsa-handbook/glossary,Federal Student Aid glossary,false,LOW,Source-attested term; included to strengthen operational coverage outside the federal IPEDS/CEDS backbone.
Dependency Status,dependency status,OTHER_DOMAIN_TERM,Common Education Data Standards (CEDS) Version 13 — Postsecondary domain,https://ceds.ed.gov/cedselementdetails.aspx?termid=26079,NCES/CEDS,false,MEDIUM,Source-attested CEDS postsecondary element; entity=PS Student; category=Demographic
Dependent care expenses,dependent care expenses,ACADEMIC_CONCEPT,IPEDS Glossary 2025-26,https://surveys.nces.ed.gov/ipeds/api/downloads/IPEDSGlossary.csv,NCES/IPEDS,false,LOW,Source-attested IPEDS glossary term.
Dependent Student,dependent student,ROLE,Federal Student Aid Handbook Glossary,https://fsapartners.ed.gov/knowledge-center/fsa-handbook/glossary,Federal Student Aid glossary,false,LOW,Source-attested term; included to strengthen operational coverage outside the federal IPEDS/CEDS backbone.
Depository Account,depository account,OTHER_DOMAIN_TERM,Federal Student Aid Handbook Glossary,https://fsapartners.ed.gov/knowledge-center/fsa-handbook/glossary,Federal Student Aid glossary,false,LOW,Source-attested term; included to strengthen operational coverage outside the federal IPEDS/CEDS backbone.
Depreciation,depreciation,OTHER_DOMAIN_TERM,IPEDS Glossary 2025-26,https://surveys.nces.ed.gov/ipeds/api/downloads/IPEDSGlossary.csv,NCES/IPEDS,false,HIGH,Source-attested IPEDS glossary term.
Designated Department Official,designated department official,ORGANIZATION,Federal Student Aid Handbook Glossary,https://fsapartners.ed.gov/knowledge-center/fsa-handbook/glossary,Federal Student Aid glossary,false,LOW,Source-attested term; included to strengthen operational coverage outside the federal IPEDS/CEDS backbone.
Destination Point,destination point,OTHER_DOMAIN_TERM,Federal Student Aid Handbook Glossary,https://fsapartners.ed.gov/knowledge-center/fsa-handbook/glossary,Federal Student Aid glossary,false,LOW,Source-attested term; included to strengthen operational coverage outside the federal IPEDS/CEDS backbone.
Destination Point Administrator,destination point administrator,ROLE,Federal Student Aid Handbook Glossary,https://fsapartners.ed.gov/knowledge-center/fsa-handbook/glossary,Federal Student Aid glossary,true,LOW,Derived mechanically from source-attested form “Destination Point Administrator (DPA)” (parenthetical-label-stripped); not independently source-attested as a standalone term.
Destination Point Administrator (DPA),destination point administrator dpa,ROLE,Federal Student Aid Handbook Glossary,https://fsapartners.ed.gov/knowledge-center/fsa-handbook/glossary,Federal Student Aid glossary,false,MEDIUM,Source-attested term; included to strengthen operational coverage outside the federal IPEDS/CEDS backbone.
Developmental courses,developmental courses,ACADEMIC_CONCEPT,IPEDS Glossary 2025-26,https://surveys.nces.ed.gov/ipeds/api/downloads/IPEDSGlossary.csv,NCES/IPEDS,false,LOW,Source-attested IPEDS glossary term.
Developmental education,developmental education,ACADEMIC_CONCEPT,IPEDS Glossary 2025-26,https://surveys.nces.ed.gov/ipeds/api/downloads/IPEDSGlossary.csv,NCES/IPEDS,false,LOW,Source-attested IPEDS glossary term.
Developmental Education Referral Status,developmental education referral status,OTHER_DOMAIN_TERM,Common Education Data Standards (CEDS) Version 13 — Postsecondary domain,https://ceds.ed.gov/cedselementdetails.aspx?termid=27567,NCES/CEDS,false,LOW,Source-attested CEDS postsecondary element; entity=PS Student; category=Institution Enrollment
Developmental Education Type,developmental education type,OTHER_DOMAIN_TERM,Common Education Data Standards (CEDS) Version 13 — Postsecondary domain,https://ceds.ed.gov/cedselementdetails.aspx?termid=27568,NCES/CEDS,false,LOW,Source-attested CEDS postsecondary element; entity=PS Student; category=Institution Enrollment
Developmental services,developmental services,ACADEMIC_CONCEPT,IPEDS Glossary 2025-26,https://surveys.nces.ed.gov/ipeds/api/downloads/IPEDSGlossary.csv,NCES/IPEDS,false,LOW,Source-attested IPEDS glossary term.
DHS Match Flag,dhs match flag,OTHER_DOMAIN_TERM,Federal Student Aid Handbook Glossary,https://fsapartners.ed.gov/knowledge-center/fsa-handbook/glossary,Federal Student Aid glossary,false,MEDIUM,Source-attested term; included to strengthen operational coverage outside the federal IPEDS/CEDS backbone.
DHS Secondary Confirmation Match Flag,dhs secondary confirmation match flag,OTHER_DOMAIN_TERM,Federal Student Aid Handbook Glossary,https://fsapartners.ed.gov/knowledge-center/fsa-handbook/glossary,Federal Student Aid glossary,false,MEDIUM,Source-attested term; included to strengthen operational coverage outside the federal IPEDS/CEDS backbone.
DIB,dib,ORGANIZATION,Federal Student Aid Handbook Glossary,https://fsapartners.ed.gov/knowledge-center/fsa-handbook/glossary,Federal Student Aid glossary,true,MEDIUM,Derived mechanically from source-attested form “Data Integrity Board (DIB)” (parenthetical-code-extracted); not independently source-attested as a standalone term.
Differs by program (calendar system),differs by program calendar system,DOCUMENT_SYSTEM,IPEDS Glossary 2025-26,https://surveys.nces.ed.gov/ipeds/api/downloads/IPEDSGlossary.csv,NCES/IPEDS,false,LOW,Source-attested IPEDS glossary term.
Diploma,diploma,DOCUMENT_SYSTEM,IPEDS Glossary 2025-26,https://surveys.nces.ed.gov/ipeds/api/downloads/IPEDSGlossary.csv,NCES/IPEDS,false,HIGH,Source-attested IPEDS glossary term.
Diploma,diploma,DOCUMENT_SYSTEM,UT Austin Office of the Registrar Glossary of Catalog Terminology,https://registrar.utexas.edu/catalogs/glossary,Public institutional catalog/registrar glossary,false,HIGH,Source-attested term; included to strengthen operational coverage outside the federal IPEDS/CEDS backbone.
Diploma or Credential Award Date,diploma or credential award date,DOCUMENT_SYSTEM,Common Education Data Standards (CEDS) Version 13 — Postsecondary domain,https://ceds.ed.gov/cedselementdetails.aspx?termid=26081,NCES/CEDS,false,LOW,Source-attested CEDS postsecondary element; entity=PS Student; category=K12 Transcript
Direct Loan,direct loan,OTHER_DOMAIN_TERM,Federal Student Aid Handbook Glossary,https://fsapartners.ed.gov/knowledge-center/fsa-handbook/glossary,Federal Student Aid glossary,false,MEDIUM,Source-attested term; included to strengthen operational coverage outside the federal IPEDS/CEDS backbone.
Direct PLUS Loan,direct plus loan,OTHER_DOMAIN_TERM,Federal Student Aid Handbook Glossary,https://fsapartners.ed.gov/knowledge-center/fsa-handbook/glossary,Federal Student Aid glossary,false,MEDIUM,Source-attested term; included to strengthen operational coverage outside the federal IPEDS/CEDS backbone.
Direct Subsidized Loan,direct subsidized loan,OTHER_DOMAIN_TERM,Federal Student Aid Handbook Glossary,https://fsapartners.ed.gov/knowledge-center/fsa-handbook/glossary,Federal Student Aid glossary,false,LOW,Source-attested term; included to strengthen operational coverage outside the federal IPEDS/CEDS backbone.
Direct Unsubsidized Loan,direct unsubsidized loan,OTHER_DOMAIN_TERM,Federal Student Aid Handbook Glossary,https://fsapartners.ed.gov/knowledge-center/fsa-handbook/glossary,Federal Student Aid glossary,false,LOW,Source-attested term; included to strengthen operational coverage outside the federal IPEDS/CEDS backbone.
Directory Information Block Status,directory information block status,DOCUMENT_SYSTEM,Common Education Data Standards (CEDS) Version 13 — Postsecondary domain,https://ceds.ed.gov/cedselementdetails.aspx?termid=27569,NCES/CEDS,false,LOW,Source-attested CEDS postsecondary element; entity=PS Student; category=Term Enrollment
Disability Condition Status Type,disability condition status type,OTHER_DOMAIN_TERM,Common Education Data Standards (CEDS) Version 13 — Postsecondary domain,https://ceds.ed.gov/cedselementdetails.aspx?termid=27285,NCES/CEDS,false,LOW,Source-attested CEDS postsecondary element; entity=PS Student; category=Disability
Disability Condition Type,disability condition type,OTHER_DOMAIN_TERM,Common Education Data Standards (CEDS) Version 13 — Postsecondary domain,https://ceds.ed.gov/cedselementdetails.aspx?termid=27286,NCES/CEDS,false,LOW,Source-attested CEDS postsecondary element; entity=PS Student; category=Disability
Disability Determination Source Type,disability determination source type,OTHER_DOMAIN_TERM,Common Education Data Standards (CEDS) Version 13 — Postsecondary domain,https://ceds.ed.gov/cedselementdetails.aspx?termid=27287,NCES/CEDS,false,LOW,Source-attested CEDS postsecondary element; entity=PS Student; category=Disability
Disability services,disability services,ACADEMIC_CONCEPT,IPEDS Glossary 2025-26,https://surveys.nces.ed.gov/ipeds/api/downloads/IPEDSGlossary.csv,NCES/IPEDS,false,LOW,Source-attested IPEDS glossary term.
Disability Status,disability status,OTHER_DOMAIN_TERM,Common Education Data Standards (CEDS) Version 13 — Postsecondary domain,https://ceds.ed.gov/cedselementdetails.aspx?termid=26569,NCES/CEDS,false,MEDIUM,Source-attested CEDS postsecondary element; entity=PS Student; category=Disability
Disbursement,disbursement,PROCESS_EVENT,Federal Student Aid Handbook Glossary,https://fsapartners.ed.gov/knowledge-center/fsa-handbook/glossary,Federal Student Aid glossary,false,HIGH,Source-attested term; included to strengthen operational coverage outside the federal IPEDS/CEDS backbone.
Discipline,discipline,ACADEMIC_CONCEPT,UT Austin Office of the Registrar Glossary of Catalog Terminology,https://registrar.utexas.edu/catalogs/glossary,Public institutional catalog/registrar glossary,false,HIGH,Source-attested term; included to strengthen operational coverage outside the federal IPEDS/CEDS backbone.
Discounts and allowances,discounts and allowances,OTHER_DOMAIN_TERM,IPEDS Glossary 2025-26,https://surveys.nces.ed.gov/ipeds/api/downloads/IPEDSGlossary.csv,NCES/IPEDS,false,LOW,Source-attested IPEDS glossary term.
Displaced Student Status,displaced student status,ROLE,Common Education Data Standards (CEDS) Version 13 — Postsecondary domain,https://ceds.ed.gov/cedselementdetails.aspx?termid=26603,NCES/CEDS,false,LOW,Source-attested CEDS postsecondary element; entity=PS Student; category=Term Enrollment
Distance education,distance education,ACADEMIC_CONCEPT,IPEDS Glossary 2025-26,https://surveys.nces.ed.gov/ipeds/api/downloads/IPEDSGlossary.csv,NCES/IPEDS,false,LOW,Source-attested IPEDS glossary term.
Distance education course,distance education course,ACADEMIC_CONCEPT,IPEDS Glossary 2025-26,https://surveys.nces.ed.gov/ipeds/api/downloads/IPEDSGlossary.csv,NCES/IPEDS,false,LOW,Source-attested IPEDS glossary term.
Distance Education Course Enrollment,distance education course enrollment,PROCESS_EVENT,Common Education Data Standards (CEDS) Version 13 — Postsecondary domain,https://ceds.ed.gov/cedselementdetails.aspx?termid=26704,NCES/CEDS,false,LOW,Source-attested CEDS postsecondary element; entity=PS Student; category=Term Enrollment
Distance education program,distance education program,ACADEMIC_CONCEPT,IPEDS Glossary 2025-26,https://surveys.nces.ed.gov/ipeds/api/downloads/IPEDSGlossary.csv,NCES/IPEDS,false,LOW,Source-attested IPEDS glossary term.
Distance Education Program Enrollment Indicator,distance education program enrollment indicator,PROCESS_EVENT,Common Education Data Standards (CEDS) Version 13 — Postsecondary domain,https://ceds.ed.gov/cedselementdetails.aspx?termid=27289,NCES/CEDS,false,LOW,Source-attested CEDS postsecondary element; entity=PS Institution; category=Program
Dividend earnings,dividend earnings,OTHER_DOMAIN_TERM,IPEDS Glossary 2025-26,https://surveys.nces.ed.gov/ipeds/api/downloads/IPEDSGlossary.csv,NCES/IPEDS,false,LOW,Source-attested IPEDS glossary term.
Do Not Publish Indicator,do not publish indicator,OTHER_DOMAIN_TERM,Common Education Data Standards (CEDS) Version 13 — Postsecondary domain,https://ceds.ed.gov/cedselementdetails.aspx?termid=27905,NCES/CEDS,false,LOW,Source-attested CEDS postsecondary element; entity=Organization; category=Address
Doctor's degree,doctor s degree,ACADEMIC_CONCEPT,IPEDS Glossary 2025-26,https://surveys.nces.ed.gov/ipeds/api/downloads/IPEDSGlossary.csv,NCES/IPEDS,false,LOW,Source-attested IPEDS glossary term.
Doctor's degree-other,doctor s degree other,ACADEMIC_CONCEPT,IPEDS Glossary 2025-26,https://surveys.nces.ed.gov/ipeds/api/downloads/IPEDSGlossary.csv,NCES/IPEDS,false,LOW,Source-attested IPEDS glossary term.
Doctor's degree-professional practice,doctor s degree professional practice,ACADEMIC_CONCEPT,IPEDS Glossary 2025-26,https://surveys.nces.ed.gov/ipeds/api/downloads/IPEDSGlossary.csv,NCES/IPEDS,false,LOW,Source-attested IPEDS glossary term.
Doctor's degree-research/scholarship,doctor s degree research scholarship,ACADEMIC_CONCEPT,IPEDS Glossary 2025-26,https://surveys.nces.ed.gov/ipeds/api/downloads/IPEDSGlossary.csv,NCES/IPEDS,false,LOW,Source-attested IPEDS glossary term.
Doctoral Candidacy Admit Indicator,doctoral candidacy admit indicator,ACADEMIC_CONCEPT,Common Education Data Standards (CEDS) Version 13 — Postsecondary domain,https://ceds.ed.gov/cedselementdetails.aspx?termid=27290,NCES/CEDS,false,LOW,Source-attested CEDS postsecondary element; entity=PS Student; category=Graduate Student
Doctoral Candidacy Date,doctoral candidacy date,ACADEMIC_CONCEPT,Common Education Data Standards (CEDS) Version 13 — Postsecondary domain,https://ceds.ed.gov/cedselementdetails.aspx?termid=27291,NCES/CEDS,false,LOW,Source-attested CEDS postsecondary element; entity=PS Student; category=Graduate Student
Doctoral Exam Taken Date,doctoral exam taken date,ACADEMIC_CONCEPT,Common Education Data Standards (CEDS) Version 13 — Postsecondary domain,https://ceds.ed.gov/cedselementdetails.aspx?termid=27292,NCES/CEDS,false,LOW,Source-attested CEDS postsecondary element; entity=PS Student; category=Graduate Student
Doctoral Exams Required Type,doctoral exams required type,ACADEMIC_CONCEPT,Common Education Data Standards (CEDS) Version 13 — Postsecondary domain,https://ceds.ed.gov/cedselementdetails.aspx?termid=27293,NCES/CEDS,false,LOW,Source-attested CEDS postsecondary element; entity=PS Student; category=Graduate Student
Doctoral/Research Universities - Extensive,doctoral research universities extensive,ACADEMIC_CONCEPT,IPEDS Glossary 2025-26,https://surveys.nces.ed.gov/ipeds/api/downloads/IPEDSGlossary.csv,NCES/IPEDS,true,LOW,Derived mechanically from source-attested form “Doctoral/Research Universities - Extensive (Carnegie)” (parenthetical-label-stripped); not independently source-attested as a standalone term.
Doctoral/Research Universities - Extensive (Carnegie),doctoral research universities extensive carnegie,ACADEMIC_CONCEPT,IPEDS Glossary 2025-26,https://surveys.nces.ed.gov/ipeds/api/downloads/IPEDSGlossary.csv,NCES/IPEDS,false,LOW,Source-attested IPEDS glossary term. Related item: Carnegie Classification
Doctoral/Research Universities - Intensive,doctoral research universities intensive,ACADEMIC_CONCEPT,IPEDS Glossary 2025-26,https://surveys.nces.ed.gov/ipeds/api/downloads/IPEDSGlossary.csv,NCES/IPEDS,true,LOW,Derived mechanically from source-attested form “Doctoral/Research Universities - Intensive (Carnegie)” (parenthetical-label-stripped); not independently source-attested as a standalone term.
Doctoral/Research Universities - Intensive (Carnegie),doctoral research universities intensive carnegie,ACADEMIC_CONCEPT,IPEDS Glossary 2025-26,https://surveys.nces.ed.gov/ipeds/api/downloads/IPEDSGlossary.csv,NCES/IPEDS,false,LOW,Source-attested IPEDS glossary term. Related item: Carnegie Classification
Double Major,double major,ACADEMIC_CONCEPT,UT Austin Office of the Registrar Glossary of Catalog Terminology,https://registrar.utexas.edu/catalogs/glossary,Public institutional catalog/registrar glossary,false,MEDIUM,Source-attested term; included to strengthen operational coverage outside the federal IPEDS/CEDS backbone.
DPA,dpa,ROLE,Federal Student Aid Handbook Glossary,https://fsapartners.ed.gov/knowledge-center/fsa-handbook/glossary,Federal Student Aid glossary,true,MEDIUM,Derived mechanically from source-attested form “Destination Point Administrator (DPA)” (parenthetical-code-extracted); not independently source-attested as a standalone term.
DQP Categories of Learning,dqp categories of learning,ACADEMIC_CONCEPT,Common Education Data Standards (CEDS) Version 13 — Postsecondary domain,https://ceds.ed.gov/cedselementdetails.aspx?termid=27622,NCES/CEDS,false,MEDIUM,Source-attested CEDS postsecondary element; entity=PS Student; category=Institution Enrollment->Prior Academic Award
Dual credit,dual credit,ACADEMIC_CONCEPT,IPEDS Glossary 2025-26,https://surveys.nces.ed.gov/ipeds/api/downloads/IPEDSGlossary.csv,NCES/IPEDS,false,MEDIUM,Source-attested IPEDS glossary term.
Dual Credit Dual Enrollment Credits Awarded,dual credit dual enrollment credits awarded,PROCESS_EVENT,Common Education Data Standards (CEDS) Version 13 — Postsecondary domain,https://ceds.ed.gov/cedselementdetails.aspx?termid=26085,NCES/CEDS,false,LOW,Source-attested CEDS postsecondary element; entity=PS Student; category=Academic Record
Dual Degree,dual degree,ACADEMIC_CONCEPT,UT Austin Office of the Registrar Glossary of Catalog Terminology,https://registrar.utexas.edu/catalogs/glossary,Public institutional catalog/registrar glossary,false,MEDIUM,Source-attested term; included to strengthen operational coverage outside the federal IPEDS/CEDS backbone.
Dual Degree Program,dual degree program,ACADEMIC_CONCEPT,UT Austin Office of the Registrar Glossary of Catalog Terminology,https://registrar.utexas.edu/catalogs/glossary,Public institutional catalog/registrar glossary,false,LOW,Source-attested term; included to strengthen operational coverage outside the federal IPEDS/CEDS backbone.
Dual enrollment,dual enrollment,PROCESS_EVENT,IPEDS Glossary 2025-26,https://surveys.nces.ed.gov/ipeds/api/downloads/IPEDSGlossary.csv,NCES/IPEDS,false,LOW,Source-attested IPEDS glossary term.
Dual Major,dual major,ACADEMIC_CONCEPT,UT Austin Office of the Registrar Glossary of Catalog Terminology,https://registrar.utexas.edu/catalogs/glossary,Public institutional catalog/registrar glossary,false,MEDIUM,Source-attested term; included to strengthen operational coverage outside the federal IPEDS/CEDS backbone.
Duolingo,duolingo,ACADEMIC_CONCEPT,IPEDS Glossary 2025-26,https://surveys.nces.ed.gov/ipeds/api/downloads/IPEDSGlossary.csv,NCES/IPEDS,false,HIGH,Source-attested IPEDS glossary term. Related item: English Proficiency Test
E-books,e books,OTHER_DOMAIN_TERM,IPEDS Glossary 2025-26,https://surveys.nces.ed.gov/ipeds/api/downloads/IPEDSGlossary.csv,NCES/IPEDS,false,LOW,Source-attested IPEDS glossary term.
E-media,e media,OTHER_DOMAIN_TERM,IPEDS Glossary 2025-26,https://surveys.nces.ed.gov/ipeds/api/downloads/IPEDSGlossary.csv,NCES/IPEDS,false,LOW,Source-attested IPEDS glossary term.
E-serial,e serial,OTHER_DOMAIN_TERM,IPEDS Glossary 2025-26,https://surveys.nces.ed.gov/ipeds/api/downloads/IPEDSGlossary.csv,NCES/IPEDS,false,LOW,Source-attested IPEDS glossary term.
E12,e12,PROCESS_EVENT,IPEDS Glossary 2025-26,https://surveys.nces.ed.gov/ipeds/api/downloads/IPEDSGlossary.csv,NCES/IPEDS,true,MEDIUM,Derived mechanically from source-attested form “12-month Enrollment (E12)” (parenthetical-code-extracted); not independently source-attested as a standalone term.
EAP,eap,ACADEMIC_CONCEPT,IPEDS Glossary 2025-26,https://surveys.nces.ed.gov/ipeds/api/downloads/IPEDSGlossary.csv,NCES/IPEDS,true,MEDIUM,Derived mechanically from source-attested form “Employees by Assigned Position (EAP)” (parenthetical-code-extracted); not independently source-attested as a standalone term.
Early action,early action,OTHER_DOMAIN_TERM,IPEDS Glossary 2025-26,https://surveys.nces.ed.gov/ipeds/api/downloads/IPEDSGlossary.csv,NCES/IPEDS,false,LOW,Source-attested IPEDS glossary term.
Early admission,early admission,PROCESS_EVENT,IPEDS Glossary 2025-26,https://surveys.nces.ed.gov/ipeds/api/downloads/IPEDSGlossary.csv,NCES/IPEDS,false,MEDIUM,Source-attested IPEDS glossary term.
Early decision,early decision,OTHER_DOMAIN_TERM,IPEDS Glossary 2025-26,https://surveys.nces.ed.gov/ipeds/api/downloads/IPEDSGlossary.csv,NCES/IPEDS,false,LOW,Source-attested IPEDS glossary term.
Early Drop Deadline,early drop deadline,PROCESS_EVENT,UC Berkeley Office of the Registrar Enrollment Glossary,https://registrar.berkeley.edu/enrollment/glossary/,Public institutional registrar glossary,true,LOW,Derived mechanically from source-attested form “Early Drop Deadline (EDD)” (parenthetical-label-stripped); not independently source-attested as a standalone term.
Early Drop Deadline (EDD),early drop deadline edd,PROCESS_EVENT,UC Berkeley Office of the Registrar Enrollment Glossary,https://registrar.berkeley.edu/enrollment/glossary/,Public institutional registrar glossary,false,MEDIUM,Source-attested term; included to strengthen operational coverage outside the federal IPEDS/CEDS backbone.
Early Registration,early registration,PROCESS_EVENT,National Student Clearinghouse Compliance Central Glossary,https://help.studentclearinghouse.org/compliancecentral/knowledge-base/glossary/,Sector enrollment reporting glossary,false,LOW,Source-attested term; included to strengthen operational coverage outside the federal IPEDS/CEDS backbone.
Economic Disadvantage Status,economic disadvantage status,OTHER_DOMAIN_TERM,Common Education Data Standards (CEDS) Version 13 — Postsecondary domain,https://ceds.ed.gov/cedselementdetails.aspx?termid=26086,NCES/CEDS,false,LOW,Source-attested CEDS postsecondary element; entity=PS Student; category=Economically Disadvantaged
EDD,edd,PROCESS_EVENT,UC Berkeley Office of the Registrar Enrollment Glossary,https://registrar.berkeley.edu/enrollment/glossary/,Public institutional registrar glossary,true,MEDIUM,Derived mechanically from source-attested form “Early Drop Deadline (EDD)” (parenthetical-code-extracted); not independently source-attested as a standalone term.
Education Job Type,education job type,OTHER_DOMAIN_TERM,Common Education Data Standards (CEDS) Version 13 — Postsecondary domain,https://ceds.ed.gov/cedselementdetails.aspx?termid=28015,NCES/CEDS,false,LOW,Source-attested CEDS postsecondary element; entity=Organization; category=Job
Educational offerings,educational offerings,ACADEMIC_CONCEPT,IPEDS Glossary 2025-26,https://surveys.nces.ed.gov/ipeds/api/downloads/IPEDSGlossary.csv,NCES/IPEDS,false,LOW,Source-attested IPEDS glossary term.
Educational Program,educational program,ACADEMIC_CONCEPT,UT Austin Office of the Registrar Glossary of Catalog Terminology,https://registrar.utexas.edu/catalogs/glossary,Public institutional catalog/registrar glossary,false,MEDIUM,Source-attested term; included to strengthen operational coverage outside the federal IPEDS/CEDS backbone.
EF,ef,PROCESS_EVENT,IPEDS Glossary 2025-26,https://surveys.nces.ed.gov/ipeds/api/downloads/IPEDSGlossary.csv,NCES/IPEDS,true,MEDIUM,Derived mechanically from source-attested form “Fall Enrollment (EF)” (parenthetical-code-extracted); not independently source-attested as a standalone term.
EFC,efc,OTHER_DOMAIN_TERM,Federal Student Aid Handbook Glossary,https://fsapartners.ed.gov/knowledge-center/fsa-handbook/glossary,Federal Student Aid glossary,true,MEDIUM,Derived mechanically from source-attested form “Expected Family Contribution (EFC)” (parenthetical-code-extracted); not independently source-attested as a standalone term.
EIN,ein,OTHER_DOMAIN_TERM,IPEDS Glossary 2025-26,https://surveys.nces.ed.gov/ipeds/api/downloads/IPEDSGlossary.csv,NCES/IPEDS,true,MEDIUM,Derived mechanically from source-attested form “Employer Identification Number (EIN)” (parenthetical-code-extracted); not independently source-attested as a standalone term.
Electronic Mail Address,electronic mail address,OTHER_DOMAIN_TERM,Common Education Data Standards (CEDS) Version 13 — Postsecondary domain,https://ceds.ed.gov/cedselementdetails.aspx?termid=26088,NCES/CEDS,false,LOW,Source-attested CEDS postsecondary element; entity=Organization; category=Contact->Email
Electronic Mail Address Type,electronic mail address type,OTHER_DOMAIN_TERM,Common Education Data Standards (CEDS) Version 13 — Postsecondary domain,https://ceds.ed.gov/cedselementdetails.aspx?termid=26089,NCES/CEDS,false,LOW,Source-attested CEDS postsecondary element; entity=Organization; category=Contact->Email
Eligible Program,eligible program,ACADEMIC_CONCEPT,Federal Student Aid Handbook Glossary,https://fsapartners.ed.gov/knowledge-center/fsa-handbook/glossary,Federal Student Aid glossary,false,MEDIUM,Source-attested term; included to strengthen operational coverage outside the federal IPEDS/CEDS backbone.
Emancipated Minor,emancipated minor,ACADEMIC_CONCEPT,Common Education Data Standards (CEDS) Version 13 — Postsecondary domain,https://ceds.ed.gov/cedselementdetails.aspx?termid=27931,NCES/CEDS,false,MEDIUM,Source-attested CEDS postsecondary element; entity=PS Student; category=Demographic
Emphasis,emphasis,OTHER_DOMAIN_TERM,UT Austin Office of the Registrar Glossary of Catalog Terminology,https://registrar.utexas.edu/catalogs/glossary,Public institutional catalog/registrar glossary,false,HIGH,Source-attested term; included to strengthen operational coverage outside the federal IPEDS/CEDS backbone.
Employed After Exit,employed after exit,OTHER_DOMAIN_TERM,Common Education Data Standards (CEDS) Version 13 — Postsecondary domain,https://ceds.ed.gov/cedselementdetails.aspx?termid=26990,NCES/CEDS,false,LOW,Source-attested CEDS postsecondary element; entity=PS Student; category=Employment
Employed While Enrolled,employed while enrolled,OTHER_DOMAIN_TERM,Common Education Data Standards (CEDS) Version 13 — Postsecondary domain,https://ceds.ed.gov/cedselementdetails.aspx?termid=26989,NCES/CEDS,false,LOW,Source-attested CEDS postsecondary element; entity=PS Student; category=Employment
Employees by Assigned Position,employees by assigned position,ACADEMIC_CONCEPT,IPEDS Glossary 2025-26,https://surveys.nces.ed.gov/ipeds/api/downloads/IPEDSGlossary.csv,NCES/IPEDS,true,LOW,Derived mechanically from source-attested form “Employees by Assigned Position (EAP)” (parenthetical-label-stripped); not independently source-attested as a standalone term.
Employees by Assigned Position (EAP),employees by assigned position eap,ACADEMIC_CONCEPT,IPEDS Glossary 2025-26,https://surveys.nces.ed.gov/ipeds/api/downloads/IPEDSGlossary.csv,NCES/IPEDS,false,MEDIUM,Source-attested IPEDS glossary term.
Employer Identification Number,employer identification number,OTHER_DOMAIN_TERM,IPEDS Glossary 2025-26,https://surveys.nces.ed.gov/ipeds/api/downloads/IPEDSGlossary.csv,NCES/IPEDS,true,LOW,Derived mechanically from source-attested form “Employer Identification Number (EIN)” (parenthetical-label-stripped); not independently source-attested as a standalone term.
Employer Identification Number (EIN),employer identification number ein,OTHER_DOMAIN_TERM,IPEDS Glossary 2025-26,https://surveys.nces.ed.gov/ipeds/api/downloads/IPEDSGlossary.csv,NCES/IPEDS,false,MEDIUM,Source-attested IPEDS glossary term.
Employment End Date,employment end date,OTHER_DOMAIN_TERM,Common Education Data Standards (CEDS) Version 13 — Postsecondary domain,https://ceds.ed.gov/cedselementdetails.aspx?termid=26794,NCES/CEDS,false,LOW,Source-attested CEDS postsecondary element; entity=PS Student; category=Employment
Employment NAICS Code,employment naics code,DOCUMENT_SYSTEM,Common Education Data Standards (CEDS) Version 13 — Postsecondary domain,https://ceds.ed.gov/cedselementdetails.aspx?termid=27070,NCES/CEDS,false,MEDIUM,Source-attested CEDS postsecondary element; entity=PS Student; category=Employment
Employment Separation Reason,employment separation reason,OTHER_DOMAIN_TERM,Common Education Data Standards (CEDS) Version 13 — Postsecondary domain,https://ceds.ed.gov/cedselementdetails.aspx?termid=26613,NCES/CEDS,false,LOW,Source-attested CEDS postsecondary element; entity=PS Staff; category=Employment
Employment services for current students,employment services for current students,OTHER_DOMAIN_TERM,IPEDS Glossary 2025-26,https://surveys.nces.ed.gov/ipeds/api/downloads/IPEDSGlossary.csv,NCES/IPEDS,false,LOW,Source-attested IPEDS glossary term.
Employment Start Date,employment start date,OTHER_DOMAIN_TERM,Common Education Data Standards (CEDS) Version 13 — Postsecondary domain,https://ceds.ed.gov/cedselementdetails.aspx?termid=26345,NCES/CEDS,false,LOW,Source-attested CEDS postsecondary element; entity=PS Student; category=Employment
Employment Status While Enrolled,employment status while enrolled,OTHER_DOMAIN_TERM,Common Education Data Standards (CEDS) Version 13 — Postsecondary domain,https://ceds.ed.gov/cedselementdetails.aspx?termid=27310,NCES/CEDS,false,LOW,Source-attested CEDS postsecondary element; entity=PS Student; category=Employment
End of Term,end of term,ACADEMIC_CONCEPT,National Student Clearinghouse Compliance Central Glossary,https://help.studentclearinghouse.org/compliancecentral/knowledge-base/glossary/,Sector enrollment reporting glossary,true,LOW,Derived mechanically from source-attested form “End of Term (EOT)” (parenthetical-label-stripped); not independently source-attested as a standalone term.
End of Term (EOT),end of term eot,ACADEMIC_CONCEPT,National Student Clearinghouse Compliance Central Glossary,https://help.studentclearinghouse.org/compliancecentral/knowledge-base/glossary/,Sector enrollment reporting glossary,false,MEDIUM,Source-attested term; included to strengthen operational coverage outside the federal IPEDS/CEDS backbone.
Endowment funds,endowment funds,ACADEMIC_CONCEPT,IPEDS Glossary 2025-26,https://surveys.nces.ed.gov/ipeds/api/downloads/IPEDSGlossary.csv,NCES/IPEDS,false,LOW,Source-attested IPEDS glossary term.
Endowment income,endowment income,OTHER_DOMAIN_TERM,IPEDS Glossary 2025-26,https://surveys.nces.ed.gov/ipeds/api/downloads/IPEDSGlossary.csv,NCES/IPEDS,false,LOW,Source-attested IPEDS glossary term.
Endowment net assets,endowment net assets,ACADEMIC_CONCEPT,IPEDS Glossary 2025-26,https://surveys.nces.ed.gov/ipeds/api/downloads/IPEDSGlossary.csv,NCES/IPEDS,false,LOW,Source-attested IPEDS glossary term.
English Proficiency Test,english proficiency test,ACADEMIC_CONCEPT,IPEDS Glossary 2025-26,https://surveys.nces.ed.gov/ipeds/api/downloads/IPEDSGlossary.csv,NCES/IPEDS,false,LOW,"Source-attested IPEDS glossary term. Related item: Test of English as a Foreign Language (TOEFL),Cambridge Certificate of Advanced English (CAE),Duolingo,International English Language Testing System (IELTS)"
Enrolled,enrolled,OTHER_DOMAIN_TERM,UC Berkeley Office of the Registrar Enrollment Glossary,https://registrar.berkeley.edu/enrollment/glossary/,Public institutional registrar glossary,false,HIGH,Source-attested term; included to strengthen operational coverage outside the federal IPEDS/CEDS backbone.
Enrolled for credit,enrolled for credit,ACADEMIC_CONCEPT,IPEDS Glossary 2025-26,https://surveys.nces.ed.gov/ipeds/api/downloads/IPEDSGlossary.csv,NCES/IPEDS,false,LOW,Source-attested IPEDS glossary term.
Enrollment Capacity,enrollment capacity,PROCESS_EVENT,Common Education Data Standards (CEDS) Version 13 — Postsecondary domain,https://ceds.ed.gov/cedselementdetails.aspx?termid=27979,NCES/CEDS,false,LOW,Source-attested CEDS postsecondary element; entity=PS Institution; category=Directory
Enrollment Entry Date,enrollment entry date,PROCESS_EVENT,Common Education Data Standards (CEDS) Version 13 — Postsecondary domain,https://ceds.ed.gov/cedselementdetails.aspx?termid=26097,NCES/CEDS,false,LOW,Source-attested CEDS postsecondary element; entity=PS Student; category=Institution Enrollment
Enrollment Exit Date,enrollment exit date,PROCESS_EVENT,Common Education Data Standards (CEDS) Version 13 — Postsecondary domain,https://ceds.ed.gov/cedselementdetails.aspx?termid=26107,NCES/CEDS,false,LOW,Source-attested CEDS postsecondary element; entity=PS Student; category=Institution Enrollment
Enrollment file,enrollment file,DOCUMENT_SYSTEM,National Student Clearinghouse Compliance Central Glossary,https://help.studentclearinghouse.org/compliancecentral/knowledge-base/glossary/,Sector enrollment reporting glossary,false,LOW,Source-attested term; included to strengthen operational coverage outside the federal IPEDS/CEDS backbone.
Enrollment in Postsecondary Award Type,enrollment in postsecondary award type,PROCESS_EVENT,Common Education Data Standards (CEDS) Version 13 — Postsecondary domain,https://ceds.ed.gov/cedselementdetails.aspx?termid=26360,NCES/CEDS,false,LOW,Source-attested CEDS postsecondary element; entity=PS Student; category=Institution Enrollment->Program
Enrollment Reporting,enrollment reporting,PROCESS_EVENT,National Student Clearinghouse Compliance Central Glossary,https://help.studentclearinghouse.org/compliancecentral/knowledge-base/glossary/,Sector enrollment reporting glossary,false,LOW,Source-attested term; included to strengthen operational coverage outside the federal IPEDS/CEDS backbone.
Enrollment Status,enrollment status,PROCESS_EVENT,UT Austin Office of the Registrar Glossary of Catalog Terminology,https://registrar.utexas.edu/catalogs/glossary,Public institutional catalog/registrar glossary,false,MEDIUM,Source-attested term; included to strengthen operational coverage outside the federal IPEDS/CEDS backbone.
Entering students,entering students,ACADEMIC_CONCEPT,IPEDS Glossary 2025-26,https://surveys.nces.ed.gov/ipeds/api/downloads/IPEDSGlossary.csv,NCES/IPEDS,true,LOW,Derived mechanically from source-attested form “Entering students (undergraduate)” (parenthetical-label-stripped); not independently source-attested as a standalone term.
Entering students (undergraduate),entering students undergraduate,ACADEMIC_CONCEPT,IPEDS Glossary 2025-26,https://surveys.nces.ed.gov/ipeds/api/downloads/IPEDSGlossary.csv,NCES/IPEDS,false,LOW,Source-attested IPEDS glossary term.
Entrance Counseling,entrance counseling,PROCESS_EVENT,Federal Student Aid Handbook Glossary,https://fsapartners.ed.gov/knowledge-center/fsa-handbook/glossary,Federal Student Aid glossary,false,LOW,Source-attested term; included to strengthen operational coverage outside the federal IPEDS/CEDS backbone.
Entry Date into Postsecondary,entry date into postsecondary,OTHER_DOMAIN_TERM,Common Education Data Standards (CEDS) Version 13 — Postsecondary domain,https://ceds.ed.gov/cedselementdetails.aspx?termid=26098,NCES/CEDS,false,LOW,Source-attested CEDS postsecondary element; entity=PS Student; category=Institution Enrollment
EOT,eot,ACADEMIC_CONCEPT,National Student Clearinghouse Compliance Central Glossary,https://help.studentclearinghouse.org/compliancecentral/knowledge-base/glossary/,Sector enrollment reporting glossary,true,MEDIUM,Derived mechanically from source-attested form “End of Term (EOT)” (parenthetical-code-extracted); not independently source-attested as a standalone term.
Equipment,equipment,OTHER_DOMAIN_TERM,IPEDS Glossary 2025-26,https://surveys.nces.ed.gov/ipeds/api/downloads/IPEDSGlossary.csv,NCES/IPEDS,false,HIGH,Source-attested IPEDS glossary term.
Equity,equity,OTHER_DOMAIN_TERM,IPEDS Glossary 2025-26,https://surveys.nces.ed.gov/ipeds/api/downloads/IPEDSGlossary.csv,NCES/IPEDS,false,HIGH,Source-attested IPEDS glossary term.
Error Resolution Report,error resolution report,DOCUMENT_SYSTEM,National Student Clearinghouse Compliance Central Glossary,https://help.studentclearinghouse.org/compliancecentral/knowledge-base/glossary/,Sector enrollment reporting glossary,false,LOW,Source-attested term; included to strengthen operational coverage outside the federal IPEDS/CEDS backbone.
Exclusions,exclusions,OTHER_DOMAIN_TERM,IPEDS Glossary 2025-26,https://surveys.nces.ed.gov/ipeds/api/downloads/IPEDSGlossary.csv,NCES/IPEDS,false,HIGH,Source-attested IPEDS glossary term. Related item: Student Right-to-Know Act
"Executive, administrative, and managerial",executive administrative and managerial,ACADEMIC_CONCEPT,IPEDS Glossary 2025-26,https://surveys.nces.ed.gov/ipeds/api/downloads/IPEDSGlossary.csv,NCES/IPEDS,false,LOW,Source-attested IPEDS glossary term.
Exit Counseling,exit counseling,PROCESS_EVENT,Federal Student Aid Handbook Glossary,https://fsapartners.ed.gov/knowledge-center/fsa-handbook/glossary,Federal Student Aid glossary,false,LOW,Source-attested term; included to strengthen operational coverage outside the federal IPEDS/CEDS backbone.
Expected Family Contribution,expected family contribution,OTHER_DOMAIN_TERM,Federal Student Aid Handbook Glossary,https://fsapartners.ed.gov/knowledge-center/fsa-handbook/glossary,Federal Student Aid glossary,true,LOW,Derived mechanically from source-attested form “Expected Family Contribution (EFC)” (parenthetical-label-stripped); not independently source-attested as a standalone term.
Expected Family Contribution (EFC),expected family contribution efc,OTHER_DOMAIN_TERM,Federal Student Aid Handbook Glossary,https://fsapartners.ed.gov/knowledge-center/fsa-handbook/glossary,Federal Student Aid glossary,false,MEDIUM,Source-attested term; included to strengthen operational coverage outside the federal IPEDS/CEDS backbone.
Expenses,expenses,ACADEMIC_CONCEPT,IPEDS Glossary 2025-26,https://surveys.nces.ed.gov/ipeds/api/downloads/IPEDSGlossary.csv,NCES/IPEDS,false,HIGH,Source-attested IPEDS glossary term.
Extension centers,extension centers,ACADEMIC_CONCEPT,IPEDS Glossary 2025-26,https://surveys.nces.ed.gov/ipeds/api/downloads/IPEDSGlossary.csv,NCES/IPEDS,false,LOW,Source-attested IPEDS glossary term.
Extension division,extension division,ORGANIZATION,IPEDS Glossary 2025-26,https://surveys.nces.ed.gov/ipeds/api/downloads/IPEDSGlossary.csv,NCES/IPEDS,false,MEDIUM,Source-attested IPEDS glossary term.
Faculty,faculty,ROLE,IPEDS Glossary 2025-26,https://surveys.nces.ed.gov/ipeds/api/downloads/IPEDSGlossary.csv,NCES/IPEDS,false,HIGH,Source-attested IPEDS glossary term.
Faculty Status,faculty status,ROLE,Common Education Data Standards (CEDS) Version 13 — Postsecondary domain,https://ceds.ed.gov/cedselementdetails.aspx?termid=26711,NCES/CEDS,false,MEDIUM,Source-attested CEDS postsecondary element; entity=PS Staff; category=Employment
Faculty Status,faculty status,ROLE,IPEDS Glossary 2025-26,https://surveys.nces.ed.gov/ipeds/api/downloads/IPEDSGlossary.csv,NCES/IPEDS,false,MEDIUM,Source-attested IPEDS glossary term.
FAFSA,fafsa,ROLE,Federal Student Aid Handbook Glossary,https://fsapartners.ed.gov/knowledge-center/fsa-handbook/glossary,Federal Student Aid glossary,true,MEDIUM,Derived mechanically from source-attested form “Free Application for Federal Student Aid (FAFSA)” (parenthetical-code-extracted); not independently source-attested as a standalone term.
FAFSA Submission Summary,fafsa submission summary,DOCUMENT_SYSTEM,Federal Student Aid Handbook Glossary,https://fsapartners.ed.gov/knowledge-center/fsa-handbook/glossary,Federal Student Aid glossary,false,MEDIUM,Source-attested term; included to strengthen operational coverage outside the federal IPEDS/CEDS backbone.
Fall cohort,fall cohort,ACADEMIC_CONCEPT,IPEDS Glossary 2025-26,https://surveys.nces.ed.gov/ipeds/api/downloads/IPEDSGlossary.csv,NCES/IPEDS,false,MEDIUM,Source-attested IPEDS glossary term.
Fall Enrollment,fall enrollment,PROCESS_EVENT,IPEDS Glossary 2025-26,https://surveys.nces.ed.gov/ipeds/api/downloads/IPEDSGlossary.csv,NCES/IPEDS,true,MEDIUM,Derived mechanically from source-attested form “Fall Enrollment (EF)” (parenthetical-label-stripped); not independently source-attested as a standalone term.
Fall Enrollment (EF),fall enrollment ef,PROCESS_EVENT,IPEDS Glossary 2025-26,https://surveys.nces.ed.gov/ipeds/api/downloads/IPEDSGlossary.csv,NCES/IPEDS,false,MEDIUM,Source-attested IPEDS glossary term.
Fall Staff (S),fall staff s,ROLE,IPEDS Glossary 2025-26,https://surveys.nces.ed.gov/ipeds/api/downloads/IPEDSGlossary.csv,NCES/IPEDS,false,LOW,Source-attested IPEDS glossary term.
Fall term,fall term,ACADEMIC_CONCEPT,IPEDS Glossary 2025-26,https://surveys.nces.ed.gov/ipeds/api/downloads/IPEDSGlossary.csv,NCES/IPEDS,false,MEDIUM,Source-attested IPEDS glossary term.
FASB (Financial Accounting Standards Board),fasb financial accounting standards board,ORGANIZATION,IPEDS Glossary 2025-26,https://surveys.nces.ed.gov/ipeds/api/downloads/IPEDSGlossary.csv,NCES/IPEDS,false,MEDIUM,Source-attested IPEDS glossary term.
Federal grants,federal grants,OTHER_DOMAIN_TERM,IPEDS Glossary 2025-26,https://surveys.nces.ed.gov/ipeds/api/downloads/IPEDSGlossary.csv,NCES/IPEDS,false,LOW,Source-attested IPEDS glossary term.
Federal grants (grants/educational assistance funds),federal grants grants educational assistance funds,OTHER_DOMAIN_TERM,IPEDS Glossary 2025-26,https://surveys.nces.ed.gov/ipeds/api/downloads/IPEDSGlossary.csv,NCES/IPEDS,false,LOW,Source-attested IPEDS glossary term.
Federal Pell Grant,federal pell grant,OTHER_DOMAIN_TERM,Federal Student Aid Handbook Glossary,https://fsapartners.ed.gov/knowledge-center/fsa-handbook/glossary,Federal Student Aid glossary,false,MEDIUM,Source-attested term; included to strengthen operational coverage outside the federal IPEDS/CEDS backbone.
Federal Race and Ethnicity Declined,federal race and ethnicity declined,OTHER_DOMAIN_TERM,Common Education Data Standards (CEDS) Version 13 — Postsecondary domain,https://ceds.ed.gov/cedselementdetails.aspx?termid=27932,NCES/CEDS,false,LOW,Source-attested CEDS postsecondary element; entity=PS Student; category=Demographic
Federal School Code,federal school code,ORGANIZATION,Common Education Data Standards (CEDS) Version 13 — Postsecondary domain,https://ceds.ed.gov/cedselementdetails.aspx?termid=26111,NCES/CEDS,false,LOW,Source-attested CEDS postsecondary element; entity=PS Institution; category=Directory
Federal Supplemental Educational Opportunity Grant,federal supplemental educational opportunity grant,OTHER_DOMAIN_TERM,Federal Student Aid Handbook Glossary,https://fsapartners.ed.gov/knowledge-center/fsa-handbook/glossary,Federal Student Aid glossary,true,LOW,Derived mechanically from source-attested form “Federal Supplemental Educational Opportunity Grant (FSEOG)” (parenthetical-label-stripped); not independently source-attested as a standalone term.
Federal Supplemental Educational Opportunity Grant (FSEOG),federal supplemental educational opportunity grant fseog,OTHER_DOMAIN_TERM,Federal Student Aid Handbook Glossary,https://fsapartners.ed.gov/knowledge-center/fsa-handbook/glossary,Federal Student Aid glossary,false,MEDIUM,Source-attested term; included to strengthen operational coverage outside the federal IPEDS/CEDS backbone.
Federal Supplementary Educational Opportunity Grants,federal supplementary educational opportunity grants,OTHER_DOMAIN_TERM,IPEDS Glossary 2025-26,https://surveys.nces.ed.gov/ipeds/api/downloads/IPEDSGlossary.csv,NCES/IPEDS,true,LOW,Derived mechanically from source-attested form “Federal Supplementary Educational Opportunity Grants (FSEOG)” (parenthetical-label-stripped); not independently source-attested as a standalone term.
Federal Supplementary Educational Opportunity Grants (FSEOG),federal supplementary educational opportunity grants fseog,OTHER_DOMAIN_TERM,IPEDS Glossary 2025-26,https://surveys.nces.ed.gov/ipeds/api/downloads/IPEDSGlossary.csv,NCES/IPEDS,false,MEDIUM,Source-attested IPEDS glossary term.
Federal Work Study,federal work study,ACADEMIC_CONCEPT,IPEDS Glossary 2025-26,https://surveys.nces.ed.gov/ipeds/api/downloads/IPEDSGlossary.csv,NCES/IPEDS,true,LOW,Derived mechanically from source-attested form “Federal Work Study (FWS)” (parenthetical-label-stripped); not independently source-attested as a standalone term.
Federal Work-Study (FWS),federal work study fws,OTHER_DOMAIN_TERM,Federal Student Aid Handbook Glossary,https://fsapartners.ed.gov/knowledge-center/fsa-handbook/glossary,Federal Student Aid glossary,false,MEDIUM,Source-attested term; included to strengthen operational coverage outside the federal IPEDS/CEDS backbone.
Federal Work Study (FWS),federal work study fws,ACADEMIC_CONCEPT,IPEDS Glossary 2025-26,https://surveys.nces.ed.gov/ipeds/api/downloads/IPEDSGlossary.csv,NCES/IPEDS,false,MEDIUM,Source-attested IPEDS glossary term.
Fee Payment Plan,fee payment plan,DOCUMENT_SYSTEM,UC Berkeley Office of the Registrar Enrollment Glossary,https://registrar.berkeley.edu/enrollment/glossary/,Public institutional registrar glossary,false,LOW,Source-attested term; included to strengthen operational coverage outside the federal IPEDS/CEDS backbone.
Fellowships,fellowships,OTHER_DOMAIN_TERM,IPEDS Glossary 2025-26,https://surveys.nces.ed.gov/ipeds/api/downloads/IPEDSGlossary.csv,NCES/IPEDS,false,HIGH,Source-attested IPEDS glossary term.
FICE (Federal Interagency Committee on Education) code,fice federal interagency committee on education code,ORGANIZATION,IPEDS Glossary 2025-26,https://surveys.nces.ed.gov/ipeds/api/downloads/IPEDSGlossary.csv,NCES/IPEDS,false,MEDIUM,Source-attested IPEDS glossary term.
Fiduciary funds,fiduciary funds,OTHER_DOMAIN_TERM,IPEDS Glossary 2025-26,https://surveys.nces.ed.gov/ipeds/api/downloads/IPEDSGlossary.csv,NCES/IPEDS,false,LOW,Source-attested IPEDS glossary term.
Finance (F),finance f,ACADEMIC_CONCEPT,IPEDS Glossary 2025-26,https://surveys.nces.ed.gov/ipeds/api/downloads/IPEDSGlossary.csv,NCES/IPEDS,false,LOW,Source-attested IPEDS glossary term.
Financial Account Category,financial account category,OTHER_DOMAIN_TERM,Common Education Data Standards (CEDS) Version 13 — Postsecondary domain,https://ceds.ed.gov/cedselementdetails.aspx?termid=27312,NCES/CEDS,false,LOW,Source-attested CEDS postsecondary element; entity=PS Institution; category=Finance
Financial Account Description,financial account description,OTHER_DOMAIN_TERM,Common Education Data Standards (CEDS) Version 13 — Postsecondary domain,https://ceds.ed.gov/cedselementdetails.aspx?termid=27313,NCES/CEDS,false,LOW,Source-attested CEDS postsecondary element; entity=PS Institution; category=Finance
Financial Account Name,financial account name,OTHER_DOMAIN_TERM,Common Education Data Standards (CEDS) Version 13 — Postsecondary domain,https://ceds.ed.gov/cedselementdetails.aspx?termid=27315,NCES/CEDS,false,LOW,Source-attested CEDS postsecondary element; entity=PS Institution; category=Finance
Financial Account Number,financial account number,OTHER_DOMAIN_TERM,Common Education Data Standards (CEDS) Version 13 — Postsecondary domain,https://ceds.ed.gov/cedselementdetails.aspx?termid=27530,NCES/CEDS,false,LOW,Source-attested CEDS postsecondary element; entity=PS Institution; category=Finance
Financial Account Program Name,financial account program name,ACADEMIC_CONCEPT,Common Education Data Standards (CEDS) Version 13 — Postsecondary domain,https://ceds.ed.gov/cedselementdetails.aspx?termid=27626,NCES/CEDS,false,LOW,Source-attested CEDS postsecondary element; entity=PS Institution; category=Finance
Financial Account Program Number,financial account program number,ACADEMIC_CONCEPT,Common Education Data Standards (CEDS) Version 13 — Postsecondary domain,https://ceds.ed.gov/cedselementdetails.aspx?termid=27627,NCES/CEDS,false,LOW,Source-attested CEDS postsecondary element; entity=PS Institution; category=Finance
Financial Accounting Date,financial accounting date,OTHER_DOMAIN_TERM,Common Education Data Standards (CEDS) Version 13 — Postsecondary domain,https://ceds.ed.gov/cedselementdetails.aspx?termid=27629,NCES/CEDS,false,LOW,Source-attested CEDS postsecondary element; entity=PS Institution; category=Finance
Financial Accounting Period Actual Value,financial accounting period actual value,OTHER_DOMAIN_TERM,Common Education Data Standards (CEDS) Version 13 — Postsecondary domain,https://ceds.ed.gov/cedselementdetails.aspx?termid=27317,NCES/CEDS,false,LOW,Source-attested CEDS postsecondary element; entity=PS Institution; category=Finance
Financial Accounting Period Budgeted Value,financial accounting period budgeted value,OTHER_DOMAIN_TERM,Common Education Data Standards (CEDS) Version 13 — Postsecondary domain,https://ceds.ed.gov/cedselementdetails.aspx?termid=27318,NCES/CEDS,false,LOW,Source-attested CEDS postsecondary element; entity=PS Institution; category=Finance
Financial Accounting Period Encumbered Value,financial accounting period encumbered value,OTHER_DOMAIN_TERM,Common Education Data Standards (CEDS) Version 13 — Postsecondary domain,https://ceds.ed.gov/cedselementdetails.aspx?termid=27625,NCES/CEDS,false,LOW,Source-attested CEDS postsecondary element; entity=PS Institution; category=Finance
Financial Accounting Value,financial accounting value,OTHER_DOMAIN_TERM,Common Education Data Standards (CEDS) Version 13 — Postsecondary domain,https://ceds.ed.gov/cedselementdetails.aspx?termid=27628,NCES/CEDS,false,LOW,Source-attested CEDS postsecondary element; entity=PS Institution; category=Finance
Financial aid,financial aid,OTHER_DOMAIN_TERM,IPEDS Glossary 2025-26,https://surveys.nces.ed.gov/ipeds/api/downloads/IPEDSGlossary.csv,NCES/IPEDS,false,MEDIUM,Source-attested IPEDS glossary term.
Financial Aid Applicant,financial aid applicant,ROLE,Common Education Data Standards (CEDS) Version 13 — Postsecondary domain,https://ceds.ed.gov/cedselementdetails.aspx?termid=26745,NCES/CEDS,false,LOW,Source-attested CEDS postsecondary element; entity=PS Student; category=Financial Aid
Financial Aid Application Type,financial aid application type,DOCUMENT_SYSTEM,Common Education Data Standards (CEDS) Version 13 — Postsecondary domain,https://ceds.ed.gov/cedselementdetails.aspx?termid=27186,NCES/CEDS,false,LOW,Source-attested CEDS postsecondary element; entity=PS Student; category=Financial Aid
Financial Aid Award Amount,financial aid award amount,PROCESS_EVENT,Common Education Data Standards (CEDS) Version 13 — Postsecondary domain,https://ceds.ed.gov/cedselementdetails.aspx?termid=26112,NCES/CEDS,false,LOW,Source-attested CEDS postsecondary element; entity=PS Student; category=Financial Aid
Financial Aid Award Status,financial aid award status,PROCESS_EVENT,Common Education Data Standards (CEDS) Version 13 — Postsecondary domain,https://ceds.ed.gov/cedselementdetails.aspx?termid=26362,NCES/CEDS,false,LOW,Source-attested CEDS postsecondary element; entity=PS Student; category=Financial Aid
Financial Aid Award Type,financial aid award type,PROCESS_EVENT,Common Education Data Standards (CEDS) Version 13 — Postsecondary domain,https://ceds.ed.gov/cedselementdetails.aspx?termid=26113,NCES/CEDS,false,LOW,Source-attested CEDS postsecondary element; entity=PS Student; category=Financial Aid
Financial Aid Income Level,financial aid income level,OTHER_DOMAIN_TERM,Common Education Data Standards (CEDS) Version 13 — Postsecondary domain,https://ceds.ed.gov/cedselementdetails.aspx?termid=27319,NCES/CEDS,false,LOW,Source-attested CEDS postsecondary element; entity=PS Student; category=Financial Aid
Financial Aid Veteran’s Benefit Status,financial aid veteran s benefit status,OTHER_DOMAIN_TERM,Common Education Data Standards (CEDS) Version 13 — Postsecondary domain,https://ceds.ed.gov/cedselementdetails.aspx?termid=27588,NCES/CEDS,false,LOW,Source-attested CEDS postsecondary element; entity=PS Student; category=Financial Aid
Financial Aid Veteran’s Benefit Type,financial aid veteran s benefit type,OTHER_DOMAIN_TERM,Common Education Data Standards (CEDS) Version 13 — Postsecondary domain,https://ceds.ed.gov/cedselementdetails.aspx?termid=27589,NCES/CEDS,false,LOW,Source-attested CEDS postsecondary element; entity=PS Student; category=Financial Aid
Financial Aid Year Designator,financial aid year designator,OTHER_DOMAIN_TERM,Common Education Data Standards (CEDS) Version 13 — Postsecondary domain,https://ceds.ed.gov/cedselementdetails.aspx?termid=27590,NCES/CEDS,false,LOW,Source-attested CEDS postsecondary element; entity=PS Student; category=Financial Aid
Financial Need,financial need,OTHER_DOMAIN_TERM,Common Education Data Standards (CEDS) Version 13 — Postsecondary domain,https://ceds.ed.gov/cedselementdetails.aspx?termid=26747,NCES/CEDS,false,LOW,Source-attested CEDS postsecondary element; entity=PS Student; category=Financial Aid
Financial Need Determination Methodology,financial need determination methodology,OTHER_DOMAIN_TERM,Common Education Data Standards (CEDS) Version 13 — Postsecondary domain,https://ceds.ed.gov/cedselementdetails.aspx?termid=27188,NCES/CEDS,false,LOW,Source-attested CEDS postsecondary element; entity=PS Student; category=Financial Aid
FIPS (Federal Information Processing Standards) code,fips federal information processing standards code,DOCUMENT_SYSTEM,IPEDS Glossary 2025-26,https://surveys.nces.ed.gov/ipeds/api/downloads/IPEDSGlossary.csv,NCES/IPEDS,false,MEDIUM,Source-attested IPEDS glossary term.
First Generation College Student,first generation college student,ROLE,Common Education Data Standards (CEDS) Version 13 — Postsecondary domain,https://ceds.ed.gov/cedselementdetails.aspx?termid=27933,NCES/CEDS,false,LOW,Source-attested CEDS postsecondary element; entity=PS Student; category=Demographic
First Name,first name,OTHER_DOMAIN_TERM,Common Education Data Standards (CEDS) Version 13 — Postsecondary domain,https://ceds.ed.gov/cedselementdetails.aspx?termid=26115,NCES/CEDS,false,LOW,Source-attested CEDS postsecondary element; entity=Organization; category=Contact->Name
First of Term,first of term,ACADEMIC_CONCEPT,National Student Clearinghouse Compliance Central Glossary,https://help.studentclearinghouse.org/compliancecentral/knowledge-base/glossary/,Sector enrollment reporting glossary,true,LOW,Derived mechanically from source-attested form “First of Term (FOT)” (parenthetical-label-stripped); not independently source-attested as a standalone term.
First of Term (FOT),first of term fot,ACADEMIC_CONCEPT,National Student Clearinghouse Compliance Central Glossary,https://help.studentclearinghouse.org/compliancecentral/knowledge-base/glossary/,Sector enrollment reporting glossary,false,MEDIUM,Source-attested term; included to strengthen operational coverage outside the federal IPEDS/CEDS backbone.
First-professional,first professional,ACADEMIC_CONCEPT,IPEDS Glossary 2025-26,https://surveys.nces.ed.gov/ipeds/api/downloads/IPEDSGlossary.csv,NCES/IPEDS,false,LOW,Source-attested IPEDS glossary term.
First Time Postsecondary Student,first time postsecondary student,ROLE,Common Education Data Standards (CEDS) Version 13 — Postsecondary domain,https://ceds.ed.gov/cedselementdetails.aspx?termid=26117,NCES/CEDS,false,LOW,Source-attested CEDS postsecondary element; entity=PS Student; category=Institution Enrollment
First-time student,first time student,ROLE,IPEDS Glossary 2025-26,https://surveys.nces.ed.gov/ipeds/api/downloads/IPEDSGlossary.csv,NCES/IPEDS,true,LOW,Derived mechanically from source-attested form “First-time student (undergraduate)” (parenthetical-label-stripped); not independently source-attested as a standalone term.
First-time student (undergraduate),first time student undergraduate,ROLE,IPEDS Glossary 2025-26,https://surveys.nces.ed.gov/ipeds/api/downloads/IPEDSGlossary.csv,NCES/IPEDS,false,LOW,Source-attested IPEDS glossary term.
Fiscal Period Begin Date,fiscal period begin date,OTHER_DOMAIN_TERM,Common Education Data Standards (CEDS) Version 13 — Postsecondary domain,https://ceds.ed.gov/cedselementdetails.aspx?termid=27623,NCES/CEDS,false,LOW,Source-attested CEDS postsecondary element; entity=PS Institution; category=Finance
Fiscal Period End Date,fiscal period end date,OTHER_DOMAIN_TERM,Common Education Data Standards (CEDS) Version 13 — Postsecondary domain,https://ceds.ed.gov/cedselementdetails.aspx?termid=27624,NCES/CEDS,false,LOW,Source-attested CEDS postsecondary element; entity=PS Institution; category=Finance
Fiscal Year,fiscal year,OTHER_DOMAIN_TERM,Common Education Data Standards (CEDS) Version 13 — Postsecondary domain,https://ceds.ed.gov/cedselementdetails.aspx?termid=27620,NCES/CEDS,false,LOW,Source-attested CEDS postsecondary element; entity=PS Institution; category=Finance
Fixed assets,fixed assets,OTHER_DOMAIN_TERM,IPEDS Glossary 2025-26,https://surveys.nces.ed.gov/ipeds/api/downloads/IPEDSGlossary.csv,NCES/IPEDS,false,LOW,Source-attested IPEDS glossary term.
Focus institution,focus institution,ORGANIZATION,IPEDS Glossary 2025-26,https://surveys.nces.ed.gov/ipeds/api/downloads/IPEDSGlossary.csv,NCES/IPEDS,false,LOW,Source-attested IPEDS glossary term.
Food charges (formerly board charges),food charges formerly board charges,ORGANIZATION,IPEDS Glossary 2025-26,https://surveys.nces.ed.gov/ipeds/api/downloads/IPEDSGlossary.csv,NCES/IPEDS,false,LOW,Source-attested IPEDS glossary term.
Food plan (formerly board plan),food plan formerly board plan,ORGANIZATION,IPEDS Glossary 2025-26,https://surveys.nces.ed.gov/ipeds/api/downloads/IPEDSGlossary.csv,NCES/IPEDS,false,LOW,Source-attested IPEDS glossary term.
FOT,fot,ACADEMIC_CONCEPT,National Student Clearinghouse Compliance Central Glossary,https://help.studentclearinghouse.org/compliancecentral/knowledge-base/glossary/,Sector enrollment reporting glossary,true,MEDIUM,Derived mechanically from source-attested form “First of Term (FOT)” (parenthetical-code-extracted); not independently source-attested as a standalone term.
Four-year institution,four year institution,ORGANIZATION,IPEDS Glossary 2025-26,https://surveys.nces.ed.gov/ipeds/api/downloads/IPEDSGlossary.csv,NCES/IPEDS,false,LOW,Source-attested IPEDS glossary term.
Fraternity Participation Status,fraternity participation status,OTHER_DOMAIN_TERM,Common Education Data Standards (CEDS) Version 13 — Postsecondary domain,https://ceds.ed.gov/cedselementdetails.aspx?termid=26743,NCES/CEDS,false,LOW,Source-attested CEDS postsecondary element; entity=PS Student; category=Term Enrollment
Free Application for Federal Student Aid,free application for federal student aid,ROLE,Federal Student Aid Handbook Glossary,https://fsapartners.ed.gov/knowledge-center/fsa-handbook/glossary,Federal Student Aid glossary,true,LOW,Derived mechanically from source-attested form “Free Application for Federal Student Aid (FAFSA)” (parenthetical-label-stripped); not independently source-attested as a standalone term.
Free Application for Federal Student Aid (FAFSA),free application for federal student aid fafsa,ROLE,Federal Student Aid Handbook Glossary,https://fsapartners.ed.gov/knowledge-center/fsa-handbook/glossary,Federal Student Aid glossary,false,MEDIUM,Source-attested term; included to strengthen operational coverage outside the federal IPEDS/CEDS backbone.
Freshman,freshman,OTHER_DOMAIN_TERM,IPEDS Glossary 2025-26,https://surveys.nces.ed.gov/ipeds/api/downloads/IPEDSGlossary.csv,NCES/IPEDS,false,HIGH,Source-attested IPEDS glossary term.
Fringe benefits,fringe benefits,OTHER_DOMAIN_TERM,IPEDS Glossary 2025-26,https://surveys.nces.ed.gov/ipeds/api/downloads/IPEDSGlossary.csv,NCES/IPEDS,false,LOW,Source-attested IPEDS glossary term.
FSEOG,fseog,OTHER_DOMAIN_TERM,IPEDS Glossary 2025-26,https://surveys.nces.ed.gov/ipeds/api/downloads/IPEDSGlossary.csv,NCES/IPEDS,true,MEDIUM,Derived mechanically from source-attested form “Federal Supplementary Educational Opportunity Grants (FSEOG)” (parenthetical-code-extracted); not independently source-attested as a standalone term.
Full aid year,full aid year,ACADEMIC_CONCEPT,IPEDS Glossary 2025-26,https://surveys.nces.ed.gov/ipeds/api/downloads/IPEDSGlossary.csv,NCES/IPEDS,false,LOW,Source-attested IPEDS glossary term.
Full-Time Employee Benefits,full time employee benefits,ROLE,Common Education Data Standards (CEDS) Version 13 — Postsecondary domain,https://ceds.ed.gov/cedselementdetails.aspx?termid=26866,NCES/CEDS,false,LOW,Source-attested CEDS postsecondary element; entity=Organization; category=Organization Information
Full-time equivalent (FTE) of staff,full time equivalent fte of staff,ROLE,IPEDS Glossary 2025-26,https://surveys.nces.ed.gov/ipeds/api/downloads/IPEDSGlossary.csv,NCES/IPEDS,false,MEDIUM,Source-attested IPEDS glossary term.
Full-time equivalent (FTE) of students,full time equivalent fte of students,OTHER_DOMAIN_TERM,IPEDS Glossary 2025-26,https://surveys.nces.ed.gov/ipeds/api/downloads/IPEDSGlossary.csv,NCES/IPEDS,false,MEDIUM,"Source-attested IPEDS glossary term. Related item: Calculation of FTE students (using instructional activity),Calculation of FTE students (using fall student headcounts)"
Full-time staff,full time staff,ROLE,IPEDS Glossary 2025-26,https://surveys.nces.ed.gov/ipeds/api/downloads/IPEDSGlossary.csv,NCES/IPEDS,true,LOW,Derived mechanically from source-attested form “Full-time staff (employees)” (parenthetical-label-stripped); not independently source-attested as a standalone term.
Full-time staff (employees),full time staff employees,ROLE,IPEDS Glossary 2025-26,https://surveys.nces.ed.gov/ipeds/api/downloads/IPEDSGlossary.csv,NCES/IPEDS,false,LOW,Source-attested IPEDS glossary term.
Full-time Status,full time status,ACADEMIC_CONCEPT,Common Education Data Standards (CEDS) Version 13 — Postsecondary domain,https://ceds.ed.gov/cedselementdetails.aspx?termid=26713,NCES/CEDS,false,LOW,Source-attested CEDS postsecondary element; entity=PS Staff; category=Employment
Full-time student,full time student,ROLE,IPEDS Glossary 2025-26,https://surveys.nces.ed.gov/ipeds/api/downloads/IPEDSGlossary.csv,NCES/IPEDS,false,LOW,Source-attested IPEDS glossary term. Related item: Credit
Full-year cohort,full year cohort,ACADEMIC_CONCEPT,IPEDS Glossary 2025-26,https://surveys.nces.ed.gov/ipeds/api/downloads/IPEDSGlossary.csv,NCES/IPEDS,false,LOW,Source-attested IPEDS glossary term.
Functional Expense,functional expense,OTHER_DOMAIN_TERM,IPEDS Glossary 2025-26,https://surveys.nces.ed.gov/ipeds/api/downloads/IPEDSGlossary.csv,NCES/IPEDS,false,LOW,Source-attested IPEDS glossary term.
Funding Source Amount,funding source amount,OTHER_DOMAIN_TERM,Common Education Data Standards (CEDS) Version 13 — Postsecondary domain,https://ceds.ed.gov/cedselementdetails.aspx?termid=28020,NCES/CEDS,false,LOW,Source-attested CEDS postsecondary element; entity=PS Institution; category=Finance
Funding Source Percentage,funding source percentage,OTHER_DOMAIN_TERM,Common Education Data Standards (CEDS) Version 13 — Postsecondary domain,https://ceds.ed.gov/cedselementdetails.aspx?termid=28021,NCES/CEDS,false,LOW,Source-attested CEDS postsecondary element; entity=PS Institution; category=Finance
Funds functioning as endowment (quasi-endowment funds),funds functioning as endowment quasi endowment funds,OTHER_DOMAIN_TERM,IPEDS Glossary 2025-26,https://surveys.nces.ed.gov/ipeds/api/downloads/IPEDSGlossary.csv,NCES/IPEDS,false,LOW,Source-attested IPEDS glossary term.
FWS,fws,ACADEMIC_CONCEPT,IPEDS Glossary 2025-26,https://surveys.nces.ed.gov/ipeds/api/downloads/IPEDSGlossary.csv,NCES/IPEDS,true,MEDIUM,Derived mechanically from source-attested form “Federal Work Study (FWS)” (parenthetical-code-extracted); not independently source-attested as a standalone term.
G from DV,g from dv,OTHER_DOMAIN_TERM,National Student Clearinghouse Compliance Central Glossary,https://help.studentclearinghouse.org/compliancecentral/knowledge-base/glossary/,Sector enrollment reporting glossary,false,MEDIUM,Source-attested term; included to strengthen operational coverage outside the federal IPEDS/CEDS backbone.
Gains,gains,ACADEMIC_CONCEPT,IPEDS Glossary 2025-26,https://surveys.nces.ed.gov/ipeds/api/downloads/IPEDSGlossary.csv,NCES/IPEDS,false,HIGH,Source-attested IPEDS glossary term.
GASB (Governmental Accounting Standards Board),gasb governmental accounting standards board,ORGANIZATION,IPEDS Glossary 2025-26,https://surveys.nces.ed.gov/ipeds/api/downloads/IPEDSGlossary.csv,NCES/IPEDS,false,MEDIUM,Source-attested IPEDS glossary term.
GASB governmental model using standards prior to GASB 34 & 35,gasb governmental model using standards prior to gasb 34 and 35,OTHER_DOMAIN_TERM,IPEDS Glossary 2025-26,https://surveys.nces.ed.gov/ipeds/api/downloads/IPEDSGlossary.csv,NCES/IPEDS,false,MEDIUM,Source-attested IPEDS glossary term.
GASB model using GASB 34 & 35,gasb model using gasb 34 and 35,OTHER_DOMAIN_TERM,IPEDS Glossary 2025-26,https://surveys.nces.ed.gov/ipeds/api/downloads/IPEDSGlossary.csv,NCES/IPEDS,false,MEDIUM,Source-attested IPEDS glossary term.
GED,ged,ACADEMIC_CONCEPT,IPEDS Glossary 2025-26,https://surveys.nces.ed.gov/ipeds/api/downloads/IPEDSGlossary.csv,NCES/IPEDS,true,MEDIUM,Derived mechanically from source-attested form “General Educational Development (GED)” (parenthetical-code-extracted); not independently source-attested as a standalone term.
General Educational Development,general educational development,ACADEMIC_CONCEPT,IPEDS Glossary 2025-26,https://surveys.nces.ed.gov/ipeds/api/downloads/IPEDSGlossary.csv,NCES/IPEDS,true,LOW,Derived mechanically from source-attested form “General Educational Development (GED)” (parenthetical-label-stripped); not independently source-attested as a standalone term.
General Educational Development (GED),general educational development ged,ACADEMIC_CONCEPT,IPEDS Glossary 2025-26,https://surveys.nces.ed.gov/ipeds/api/downloads/IPEDSGlossary.csv,NCES/IPEDS,false,MEDIUM,Source-attested IPEDS glossary term.
General purpose financial statement,general purpose financial statement,OTHER_DOMAIN_TERM,IPEDS Glossary 2025-26,https://surveys.nces.ed.gov/ipeds/api/downloads/IPEDSGlossary.csv,NCES/IPEDS,true,LOW,Derived mechanically from source-attested form “General purpose financial statement (GPFS)” (parenthetical-label-stripped); not independently source-attested as a standalone term.
General purpose financial statement (GPFS),general purpose financial statement gpfs,OTHER_DOMAIN_TERM,IPEDS Glossary 2025-26,https://surveys.nces.ed.gov/ipeds/api/downloads/IPEDSGlossary.csv,NCES/IPEDS,false,MEDIUM,Source-attested IPEDS glossary term.
Generation Code or Suffix,generation code or suffix,DOCUMENT_SYSTEM,Common Education Data Standards (CEDS) Version 13 — Postsecondary domain,https://ceds.ed.gov/cedselementdetails.aspx?termid=26121,NCES/CEDS,false,LOW,Source-attested CEDS postsecondary element; entity=Organization; category=Contact->Name
Gifts,gifts,OTHER_DOMAIN_TERM,IPEDS Glossary 2025-26,https://surveys.nces.ed.gov/ipeds/api/downloads/IPEDSGlossary.csv,NCES/IPEDS,false,HIGH,Source-attested IPEDS glossary term.
Governing board,governing board,ORGANIZATION,IPEDS Glossary 2025-26,https://surveys.nces.ed.gov/ipeds/api/downloads/IPEDSGlossary.csv,NCES/IPEDS,false,MEDIUM,Source-attested IPEDS glossary term.
Government appropriations,government appropriations,OTHER_DOMAIN_TERM,IPEDS Glossary 2025-26,https://surveys.nces.ed.gov/ipeds/api/downloads/IPEDSGlossary.csv,NCES/IPEDS,true,LOW,Derived mechanically from source-attested form “Government appropriations (revenues)” (parenthetical-label-stripped); not independently source-attested as a standalone term.
Government appropriations (revenues),government appropriations revenues,OTHER_DOMAIN_TERM,IPEDS Glossary 2025-26,https://surveys.nces.ed.gov/ipeds/api/downloads/IPEDSGlossary.csv,NCES/IPEDS,false,LOW,Source-attested IPEDS glossary term.
Governmental activities,governmental activities,OTHER_DOMAIN_TERM,IPEDS Glossary 2025-26,https://surveys.nces.ed.gov/ipeds/api/downloads/IPEDSGlossary.csv,NCES/IPEDS,false,LOW,Source-attested IPEDS glossary term.
Governmental activities with business-type,governmental activities with business type,OTHER_DOMAIN_TERM,IPEDS Glossary 2025-26,https://surveys.nces.ed.gov/ipeds/api/downloads/IPEDSGlossary.csv,NCES/IPEDS,false,LOW,Source-attested IPEDS glossary term.
GPFS,gpfs,OTHER_DOMAIN_TERM,IPEDS Glossary 2025-26,https://surveys.nces.ed.gov/ipeds/api/downloads/IPEDSGlossary.csv,NCES/IPEDS,true,MEDIUM,Derived mechanically from source-attested form “General purpose financial statement (GPFS)” (parenthetical-code-extracted); not independently source-attested as a standalone term.
GR,gr,PROCESS_EVENT,IPEDS Glossary 2025-26,https://surveys.nces.ed.gov/ipeds/api/downloads/IPEDSGlossary.csv,NCES/IPEDS,true,MEDIUM,Derived mechanically from source-attested form “Graduation Rates (GR)” (parenthetical-code-extracted); not independently source-attested as a standalone term.
Grade Point Average,grade point average,ACADEMIC_CONCEPT,Common Education Data Standards (CEDS) Version 13 — Postsecondary domain,https://ceds.ed.gov/cedselementdetails.aspx?termid=26127,NCES/CEDS,false,LOW,Source-attested CEDS postsecondary element; entity=PS Student; category=Academic Record
Grade Point Average Cumulative,grade point average cumulative,ACADEMIC_CONCEPT,Common Education Data Standards (CEDS) Version 13 — Postsecondary domain,https://ceds.ed.gov/cedselementdetails.aspx?termid=26128,NCES/CEDS,false,LOW,Source-attested CEDS postsecondary element; entity=PS Applicant
Grade Point Average Domain,grade point average domain,ACADEMIC_CONCEPT,Common Education Data Standards (CEDS) Version 13 — Postsecondary domain,https://ceds.ed.gov/cedselementdetails.aspx?termid=26739,NCES/CEDS,false,LOW,Source-attested CEDS postsecondary element; entity=PS Applicant
Grade Point Average Weighted Indicator,grade point average weighted indicator,ACADEMIC_CONCEPT,Common Education Data Standards (CEDS) Version 13 — Postsecondary domain,https://ceds.ed.gov/cedselementdetails.aspx?termid=26123,NCES/CEDS,false,LOW,Source-attested CEDS postsecondary element; entity=PS Applicant
Grade Value Qualifier,grade value qualifier,ACADEMIC_CONCEPT,Common Education Data Standards (CEDS) Version 13 — Postsecondary domain,https://ceds.ed.gov/cedselementdetails.aspx?termid=26609,NCES/CEDS,false,LOW,Source-attested CEDS postsecondary element; entity=Course Section; category=Enrollment->Student Course Section Mark
Graduate Assistant IPEDS Occupation Category,graduate assistant ipeds occupation category,ROLE,Common Education Data Standards (CEDS) Version 13 — Postsecondary domain,https://ceds.ed.gov/cedselementdetails.aspx?termid=26721,NCES/CEDS,false,MEDIUM,Source-attested CEDS postsecondary element; entity=PS Staff; category=Employment
Graduate Assistant Status,graduate assistant status,ROLE,Common Education Data Standards (CEDS) Version 13 — Postsecondary domain,https://ceds.ed.gov/cedselementdetails.aspx?termid=26720,NCES/CEDS,false,LOW,Source-attested CEDS postsecondary element; entity=PS Staff; category=Employment
Graduate Assistants,graduate assistants,PROCESS_EVENT,IPEDS Glossary 2025-26,https://surveys.nces.ed.gov/ipeds/api/downloads/IPEDSGlossary.csv,NCES/IPEDS,true,LOW,Derived mechanically from source-attested form “Graduate Assistants (Other)” (parenthetical-label-stripped); not independently source-attested as a standalone term.
Graduate Assistants (Other),graduate assistants other,PROCESS_EVENT,IPEDS Glossary 2025-26,https://surveys.nces.ed.gov/ipeds/api/downloads/IPEDSGlossary.csv,NCES/IPEDS,false,LOW,Source-attested IPEDS glossary term.
Graduate Assistants (Research),graduate assistants research,PROCESS_EVENT,IPEDS Glossary 2025-26,https://surveys.nces.ed.gov/ipeds/api/downloads/IPEDSGlossary.csv,NCES/IPEDS,false,LOW,Source-attested IPEDS glossary term.
Graduate Assistants (Teaching),graduate assistants teaching,PROCESS_EVENT,IPEDS Glossary 2025-26,https://surveys.nces.ed.gov/ipeds/api/downloads/IPEDSGlossary.csv,NCES/IPEDS,false,LOW,Source-attested IPEDS glossary term.
Graduate or Doctoral Exam Results Status,graduate or doctoral exam results status,PROCESS_EVENT,Common Education Data Standards (CEDS) Version 13 — Postsecondary domain,https://ceds.ed.gov/cedselementdetails.aspx?termid=27324,NCES/CEDS,false,LOW,Source-attested CEDS postsecondary element; entity=PS Student; category=Graduate Student
Graduate School,graduate school,ORGANIZATION,UT Austin Office of the Registrar Glossary of Catalog Terminology,https://registrar.utexas.edu/catalogs/glossary,Public institutional catalog/registrar glossary,false,MEDIUM,Source-attested term; included to strengthen operational coverage outside the federal IPEDS/CEDS backbone.
Graduate student,graduate student,ROLE,IPEDS Glossary 2025-26,https://surveys.nces.ed.gov/ipeds/api/downloads/IPEDSGlossary.csv,NCES/IPEDS,false,LOW,Source-attested IPEDS glossary term.
Graduates Only enrollment file,graduates only enrollment file,DOCUMENT_SYSTEM,National Student Clearinghouse Compliance Central Glossary,https://help.studentclearinghouse.org/compliancecentral/knowledge-base/glossary/,Sector enrollment reporting glossary,false,LOW,Source-attested term; included to strengthen operational coverage outside the federal IPEDS/CEDS backbone.
Graduation rate,graduation rate,PROCESS_EVENT,IPEDS Glossary 2025-26,https://surveys.nces.ed.gov/ipeds/api/downloads/IPEDSGlossary.csv,NCES/IPEDS,false,LOW,Source-attested IPEDS glossary term.
Graduation Rates,graduation rates,PROCESS_EVENT,IPEDS Glossary 2025-26,https://surveys.nces.ed.gov/ipeds/api/downloads/IPEDSGlossary.csv,NCES/IPEDS,true,LOW,Derived mechanically from source-attested form “Graduation Rates (GR)” (parenthetical-label-stripped); not independently source-attested as a standalone term.
Graduation Rates (GR),graduation rates gr,PROCESS_EVENT,IPEDS Glossary 2025-26,https://surveys.nces.ed.gov/ipeds/api/downloads/IPEDSGlossary.csv,NCES/IPEDS,false,MEDIUM,Source-attested IPEDS glossary term.
Grants and contracts,grants and contracts,OTHER_DOMAIN_TERM,IPEDS Glossary 2025-26,https://surveys.nces.ed.gov/ipeds/api/downloads/IPEDSGlossary.csv,NCES/IPEDS,true,LOW,Derived mechanically from source-attested form “Grants and contracts (revenues)” (parenthetical-label-stripped); not independently source-attested as a standalone term.
Grants and contracts (revenues),grants and contracts revenues,OTHER_DOMAIN_TERM,IPEDS Glossary 2025-26,https://surveys.nces.ed.gov/ipeds/api/downloads/IPEDSGlossary.csv,NCES/IPEDS,false,LOW,Source-attested IPEDS glossary term.
Grants by local government (student aid),grants by local government student aid,ROLE,IPEDS Glossary 2025-26,https://surveys.nces.ed.gov/ipeds/api/downloads/IPEDSGlossary.csv,NCES/IPEDS,false,LOW,Source-attested IPEDS glossary term.
Grants by state government (student aid),grants by state government student aid,ROLE,IPEDS Glossary 2025-26,https://surveys.nces.ed.gov/ipeds/api/downloads/IPEDSGlossary.csv,NCES/IPEDS,false,LOW,Source-attested IPEDS glossary term.
HBCU,hbcu,OTHER_DOMAIN_TERM,IPEDS Glossary 2025-26,https://surveys.nces.ed.gov/ipeds/api/downloads/IPEDSGlossary.csv,NCES/IPEDS,true,MEDIUM,Derived mechanically from source-attested form “Historically Black Colleges and Universities (HBCU)” (parenthetical-code-extracted); not independently source-attested as a standalone term.
HEAL,heal,ACADEMIC_CONCEPT,IPEDS Glossary 2025-26,https://surveys.nces.ed.gov/ipeds/api/downloads/IPEDSGlossary.csv,NCES/IPEDS,true,MEDIUM,Derived mechanically from source-attested form “Health Education Assistance Loan (HEAL)” (parenthetical-code-extracted); not independently source-attested as a standalone term.
Health Education Assistance Loan,health education assistance loan,ACADEMIC_CONCEPT,IPEDS Glossary 2025-26,https://surveys.nces.ed.gov/ipeds/api/downloads/IPEDSGlossary.csv,NCES/IPEDS,true,LOW,Derived mechanically from source-attested form “Health Education Assistance Loan (HEAL)” (parenthetical-label-stripped); not independently source-attested as a standalone term.
Health Education Assistance Loan (HEAL),health education assistance loan heal,ACADEMIC_CONCEPT,IPEDS Glossary 2025-26,https://surveys.nces.ed.gov/ipeds/api/downloads/IPEDSGlossary.csv,NCES/IPEDS,false,MEDIUM,Source-attested IPEDS glossary term.
Healthcare Practitioners and Technical Occupations,healthcare practitioners and technical occupations,ACADEMIC_CONCEPT,IPEDS Glossary 2025-26,https://surveys.nces.ed.gov/ipeds/api/downloads/IPEDSGlossary.csv,NCES/IPEDS,false,LOW,Source-attested IPEDS glossary term.
HEGIS,hegis,OTHER_DOMAIN_TERM,IPEDS Glossary 2025-26,https://surveys.nces.ed.gov/ipeds/api/downloads/IPEDSGlossary.csv,NCES/IPEDS,true,MEDIUM,Derived mechanically from source-attested form “Higher Education General Information Survey (HEGIS)” (parenthetical-code-extracted); not independently source-attested as a standalone term.
High school diploma or recognized equivalent,high school diploma or recognized equivalent,ORGANIZATION,IPEDS Glossary 2025-26,https://surveys.nces.ed.gov/ipeds/api/downloads/IPEDSGlossary.csv,NCES/IPEDS,false,LOW,Source-attested IPEDS glossary term.
High School Diploma Type,high school diploma type,ORGANIZATION,Common Education Data Standards (CEDS) Version 13 — Postsecondary domain,https://ceds.ed.gov/cedselementdetails.aspx?termid=26138,NCES/CEDS,false,LOW,Source-attested CEDS postsecondary element; entity=PS Student; category=K12 Transcript
High School Percentile,high school percentile,ORGANIZATION,Common Education Data Standards (CEDS) Version 13 — Postsecondary domain,https://ceds.ed.gov/cedselementdetails.aspx?termid=26740,NCES/CEDS,false,LOW,Source-attested CEDS postsecondary element; entity=PS Applicant
High school student,high school student,ROLE,IPEDS Glossary 2025-26,https://surveys.nces.ed.gov/ipeds/api/downloads/IPEDSGlossary.csv,NCES/IPEDS,false,LOW,Source-attested IPEDS glossary term.
High School Student Class Rank,high school student class rank,ROLE,Common Education Data Standards (CEDS) Version 13 — Postsecondary domain,https://ceds.ed.gov/cedselementdetails.aspx?termid=26041,NCES/CEDS,false,LOW,Source-attested CEDS postsecondary element; entity=PS Applicant
Higher Education General Information Survey,higher education general information survey,OTHER_DOMAIN_TERM,IPEDS Glossary 2025-26,https://surveys.nces.ed.gov/ipeds/api/downloads/IPEDSGlossary.csv,NCES/IPEDS,true,LOW,Derived mechanically from source-attested form “Higher Education General Information Survey (HEGIS)” (parenthetical-label-stripped); not independently source-attested as a standalone term.
Higher Education General Information Survey (HEGIS),higher education general information survey hegis,OTHER_DOMAIN_TERM,IPEDS Glossary 2025-26,https://surveys.nces.ed.gov/ipeds/api/downloads/IPEDSGlossary.csv,NCES/IPEDS,false,MEDIUM,Source-attested IPEDS glossary term.
Higher Education Institution Accreditation Status,higher education institution accreditation status,ORGANIZATION,Common Education Data Standards (CEDS) Version 13 — Postsecondary domain,https://ceds.ed.gov/cedselementdetails.aspx?termid=26817,NCES/CEDS,false,LOW,Source-attested CEDS postsecondary element; entity=PS Staff; category=Education
Highest Level of Education Completed,highest level of education completed,ACADEMIC_CONCEPT,Common Education Data Standards (CEDS) Version 13 — Postsecondary domain,https://ceds.ed.gov/cedselementdetails.aspx?termid=26141,NCES/CEDS,false,LOW,Source-attested CEDS postsecondary element; entity=PS Staff; category=Education
Hire Date,hire date,OTHER_DOMAIN_TERM,Common Education Data Standards (CEDS) Version 13 — Postsecondary domain,https://ceds.ed.gov/cedselementdetails.aspx?termid=26143,NCES/CEDS,false,LOW,Source-attested CEDS postsecondary element; entity=PS Staff; category=Employment
Hispanic/Latino,hispanic latino,OTHER_DOMAIN_TERM,IPEDS Glossary 2025-26,https://surveys.nces.ed.gov/ipeds/api/downloads/IPEDSGlossary.csv,NCES/IPEDS,false,LOW,Source-attested IPEDS glossary term.
Hispanic (old definition),hispanic old definition,OTHER_DOMAIN_TERM,IPEDS Glossary 2025-26,https://surveys.nces.ed.gov/ipeds/api/downloads/IPEDSGlossary.csv,NCES/IPEDS,false,LOW,Source-attested IPEDS glossary term.
Hispanic or Latino Ethnicity,hispanic or latino ethnicity,OTHER_DOMAIN_TERM,Common Education Data Standards (CEDS) Version 13 — Postsecondary domain,https://ceds.ed.gov/cedselementdetails.aspx?termid=26144,NCES/CEDS,false,LOW,Source-attested CEDS postsecondary element; entity=PS Student; category=Demographic
Historically Black Colleges and Universities,historically black colleges and universities,OTHER_DOMAIN_TERM,IPEDS Glossary 2025-26,https://surveys.nces.ed.gov/ipeds/api/downloads/IPEDSGlossary.csv,NCES/IPEDS,true,LOW,Derived mechanically from source-attested form “Historically Black Colleges and Universities (HBCU)” (parenthetical-label-stripped); not independently source-attested as a standalone term.
Historically Black Colleges and Universities (HBCU),historically black colleges and universities hbcu,OTHER_DOMAIN_TERM,IPEDS Glossary 2025-26,https://surveys.nces.ed.gov/ipeds/api/downloads/IPEDSGlossary.csv,NCES/IPEDS,false,MEDIUM,Source-attested IPEDS glossary term.
Home Address,home address,OTHER_DOMAIN_TERM,UC Berkeley Office of the Registrar Enrollment Glossary,https://registrar.berkeley.edu/enrollment/glossary/,Public institutional registrar glossary,false,LOW,Source-attested term; included to strengthen operational coverage outside the federal IPEDS/CEDS backbone.
Home study,home study,ACADEMIC_CONCEPT,IPEDS Glossary 2025-26,https://surveys.nces.ed.gov/ipeds/api/downloads/IPEDSGlossary.csv,NCES/IPEDS,false,MEDIUM,Source-attested IPEDS glossary term.
Homelessness Status,homelessness status,OTHER_DOMAIN_TERM,Common Education Data Standards (CEDS) Version 13 — Postsecondary domain,https://ceds.ed.gov/cedselementdetails.aspx?termid=26149,NCES/CEDS,false,MEDIUM,Source-attested CEDS postsecondary element; entity=PS Student; category=Homeless
Hospital services,hospital services,OTHER_DOMAIN_TERM,IPEDS Glossary 2025-26,https://surveys.nces.ed.gov/ipeds/api/downloads/IPEDSGlossary.csv,NCES/IPEDS,false,LOW,Source-attested IPEDS glossary term.
Hospitals,hospitals,ACADEMIC_CONCEPT,IPEDS Glossary 2025-26,https://surveys.nces.ed.gov/ipeds/api/downloads/IPEDSGlossary.csv,NCES/IPEDS,true,HIGH,Derived mechanically from source-attested form “Hospitals (revenues)” (parenthetical-label-stripped); not independently source-attested as a standalone term.
Hospitals (revenues),hospitals revenues,ACADEMIC_CONCEPT,IPEDS Glossary 2025-26,https://surveys.nces.ed.gov/ipeds/api/downloads/IPEDSGlossary.csv,NCES/IPEDS,false,LOW,Source-attested IPEDS glossary term.
Housing,housing,OTHER_DOMAIN_TERM,UC Berkeley Office of the Registrar Enrollment Glossary,https://registrar.berkeley.edu/enrollment/glossary/,Public institutional registrar glossary,false,HIGH,Source-attested term; included to strengthen operational coverage outside the federal IPEDS/CEDS backbone.
Housing capacity,housing capacity,OTHER_DOMAIN_TERM,IPEDS Glossary 2025-26,https://surveys.nces.ed.gov/ipeds/api/downloads/IPEDSGlossary.csv,NCES/IPEDS,false,LOW,Source-attested IPEDS glossary term.
Housing charges (formerly room charges),housing charges formerly room charges,ACADEMIC_CONCEPT,IPEDS Glossary 2025-26,https://surveys.nces.ed.gov/ipeds/api/downloads/IPEDSGlossary.csv,NCES/IPEDS,false,LOW,Source-attested IPEDS glossary term.
Housing plan,housing plan,DOCUMENT_SYSTEM,IPEDS Glossary 2025-26,https://surveys.nces.ed.gov/ipeds/api/downloads/IPEDSGlossary.csv,NCES/IPEDS,true,MEDIUM,Derived mechanically from source-attested form “Housing plan (restricted)” (parenthetical-label-stripped); not independently source-attested as a standalone term.
Housing plan (restricted),housing plan restricted,DOCUMENT_SYSTEM,IPEDS Glossary 2025-26,https://surveys.nces.ed.gov/ipeds/api/downloads/IPEDSGlossary.csv,NCES/IPEDS,false,LOW,Source-attested IPEDS glossary term.
HR,hr,OTHER_DOMAIN_TERM,IPEDS Glossary 2025-26,https://surveys.nces.ed.gov/ipeds/api/downloads/IPEDSGlossary.csv,NCES/IPEDS,true,MEDIUM,Derived mechanically from source-attested form “Human resources (HR)” (parenthetical-code-extracted); not independently source-attested as a standalone term.
Human resources,human resources,OTHER_DOMAIN_TERM,IPEDS Glossary 2025-26,https://surveys.nces.ed.gov/ipeds/api/downloads/IPEDSGlossary.csv,NCES/IPEDS,true,LOW,Derived mechanically from source-attested form “Human resources (HR)” (parenthetical-label-stripped); not independently source-attested as a standalone term.
Human resources (HR),human resources hr,OTHER_DOMAIN_TERM,IPEDS Glossary 2025-26,https://surveys.nces.ed.gov/ipeds/api/downloads/IPEDSGlossary.csv,NCES/IPEDS,false,MEDIUM,Source-attested IPEDS glossary term.
IC,ic,ACADEMIC_CONCEPT,IPEDS Glossary 2025-26,https://surveys.nces.ed.gov/ipeds/api/downloads/IPEDSGlossary.csv,NCES/IPEDS,true,MEDIUM,Derived mechanically from source-attested form “Institutional Characteristics (IC)” (parenthetical-code-extracted); not independently source-attested as a standalone term.
IDEA Indicator,idea indicator,ACADEMIC_CONCEPT,Common Education Data Standards (CEDS) Version 13 — Postsecondary domain,https://ceds.ed.gov/cedselementdetails.aspx?termid=26151,NCES/CEDS,false,MEDIUM,Source-attested CEDS postsecondary element; entity=PS Student; category=Disability
IELTS,ielts,DOCUMENT_SYSTEM,IPEDS Glossary 2025-26,https://surveys.nces.ed.gov/ipeds/api/downloads/IPEDSGlossary.csv,NCES/IPEDS,true,MEDIUM,Derived mechanically from source-attested form “International English Language Testing System (IELTS)” (parenthetical-code-extracted); not independently source-attested as a standalone term.
Imputation,imputation,OTHER_DOMAIN_TERM,IPEDS Glossary 2025-26,https://surveys.nces.ed.gov/ipeds/api/downloads/IPEDSGlossary.csv,NCES/IPEDS,false,HIGH,Source-attested IPEDS glossary term.
Imputation flag,imputation flag,OTHER_DOMAIN_TERM,IPEDS Glossary 2025-26,https://surveys.nces.ed.gov/ipeds/api/downloads/IPEDSGlossary.csv,NCES/IPEDS,false,LOW,Source-attested IPEDS glossary term.
In-district student,in district student,ROLE,IPEDS Glossary 2025-26,https://surveys.nces.ed.gov/ipeds/api/downloads/IPEDSGlossary.csv,NCES/IPEDS,false,LOW,Source-attested IPEDS glossary term.
In-district tuition,in district tuition,OTHER_DOMAIN_TERM,IPEDS Glossary 2025-26,https://surveys.nces.ed.gov/ipeds/api/downloads/IPEDSGlossary.csv,NCES/IPEDS,false,LOW,Source-attested IPEDS glossary term.
In-state student,in state student,ROLE,IPEDS Glossary 2025-26,https://surveys.nces.ed.gov/ipeds/api/downloads/IPEDSGlossary.csv,NCES/IPEDS,false,LOW,Source-attested IPEDS glossary term.
In-state tuition,in state tuition,ACADEMIC_CONCEPT,IPEDS Glossary 2025-26,https://surveys.nces.ed.gov/ipeds/api/downloads/IPEDSGlossary.csv,NCES/IPEDS,false,LOW,Source-attested IPEDS glossary term.
Income tax,income tax,OTHER_DOMAIN_TERM,IPEDS Glossary 2025-26,https://surveys.nces.ed.gov/ipeds/api/downloads/IPEDSGlossary.csv,NCES/IPEDS,false,LOW,Source-attested IPEDS glossary term.
Increased Learning Time Type,increased learning time type,ACADEMIC_CONCEPT,Common Education Data Standards (CEDS) Version 13 — Postsecondary domain,https://ceds.ed.gov/cedselementdetails.aspx?termid=26164,NCES/CEDS,false,LOW,Source-attested CEDS postsecondary element; entity=PS Institution; category=Institution Characteristics
Indebtedness on capital assets,indebtedness on capital assets,OTHER_DOMAIN_TERM,IPEDS Glossary 2025-26,https://surveys.nces.ed.gov/ipeds/api/downloads/IPEDSGlossary.csv,NCES/IPEDS,false,LOW,Source-attested IPEDS glossary term.
Indefinite duration (continuing or at-will) contract or employment agreement,indefinite duration continuing or at will contract or employment agreement,DOCUMENT_SYSTEM,IPEDS Glossary 2025-26,https://surveys.nces.ed.gov/ipeds/api/downloads/IPEDSGlossary.csv,NCES/IPEDS,false,LOW,Source-attested IPEDS glossary term.
Independent operations,independent operations,ACADEMIC_CONCEPT,IPEDS Glossary 2025-26,https://surveys.nces.ed.gov/ipeds/api/downloads/IPEDSGlossary.csv,NCES/IPEDS,false,LOW,Source-attested IPEDS glossary term.
Independent operations (revenues),independent operations revenues,ACADEMIC_CONCEPT,IPEDS Glossary 2025-26,https://surveys.nces.ed.gov/ipeds/api/downloads/IPEDSGlossary.csv,NCES/IPEDS,false,LOW,Source-attested IPEDS glossary term.
Independent Student,independent student,ROLE,Federal Student Aid Handbook Glossary,https://fsapartners.ed.gov/knowledge-center/fsa-handbook/glossary,Federal Student Aid glossary,false,LOW,Source-attested term; included to strengthen operational coverage outside the federal IPEDS/CEDS backbone.
Indirect Cost Rate,indirect cost rate,OTHER_DOMAIN_TERM,Common Education Data Standards (CEDS) Version 13 — Postsecondary domain,https://ceds.ed.gov/cedselementdetails.aspx?termid=28118,NCES/CEDS,false,LOW,Source-attested CEDS postsecondary element; entity=PS Institution; category=Finance
Indirect Cost Rate Agreement Approved By,indirect cost rate agreement approved by,DOCUMENT_SYSTEM,Common Education Data Standards (CEDS) Version 13 — Postsecondary domain,https://ceds.ed.gov/cedselementdetails.aspx?termid=28117,NCES/CEDS,false,LOW,Source-attested CEDS postsecondary element; entity=PS Institution; category=Finance
Indirect Cost Rate Agreement End Date,indirect cost rate agreement end date,DOCUMENT_SYSTEM,Common Education Data Standards (CEDS) Version 13 — Postsecondary domain,https://ceds.ed.gov/cedselementdetails.aspx?termid=28116,NCES/CEDS,false,LOW,Source-attested CEDS postsecondary element; entity=PS Institution; category=Finance
Indirect Cost Rate Agreement Indicator,indirect cost rate agreement indicator,DOCUMENT_SYSTEM,Common Education Data Standards (CEDS) Version 13 — Postsecondary domain,https://ceds.ed.gov/cedselementdetails.aspx?termid=28113,NCES/CEDS,false,LOW,Source-attested CEDS postsecondary element; entity=PS Institution; category=Finance
Indirect Cost Rate Agreement Start Date,indirect cost rate agreement start date,DOCUMENT_SYSTEM,Common Education Data Standards (CEDS) Version 13 — Postsecondary domain,https://ceds.ed.gov/cedselementdetails.aspx?termid=28114,NCES/CEDS,false,LOW,Source-attested CEDS postsecondary element; entity=PS Institution; category=Finance
Indirect Cost Rate Deviation Reason Type,indirect cost rate deviation reason type,OTHER_DOMAIN_TERM,Common Education Data Standards (CEDS) Version 13 — Postsecondary domain,https://ceds.ed.gov/cedselementdetails.aspx?termid=28120,NCES/CEDS,false,LOW,Source-attested CEDS postsecondary element; entity=PS Institution; category=Finance
Indirect Cost Rate Stage Code,indirect cost rate stage code,DOCUMENT_SYSTEM,Common Education Data Standards (CEDS) Version 13 — Postsecondary domain,https://ceds.ed.gov/cedselementdetails.aspx?termid=28119,NCES/CEDS,false,LOW,Source-attested CEDS postsecondary element; entity=PS Institution; category=Finance
Infrastructure,infrastructure,OTHER_DOMAIN_TERM,IPEDS Glossary 2025-26,https://surveys.nces.ed.gov/ipeds/api/downloads/IPEDSGlossary.csv,NCES/IPEDS,false,HIGH,Source-attested IPEDS glossary term.
Initial cohort,initial cohort,ACADEMIC_CONCEPT,IPEDS Glossary 2025-26,https://surveys.nces.ed.gov/ipeds/api/downloads/IPEDSGlossary.csv,NCES/IPEDS,false,LOW,Source-attested IPEDS glossary term. Related item: Revised cohort
Initial Enrollment Term,initial enrollment term,PROCESS_EVENT,Common Education Data Standards (CEDS) Version 13 — Postsecondary domain,https://ceds.ed.gov/cedselementdetails.aspx?termid=26165,NCES/CEDS,false,LOW,Source-attested CEDS postsecondary element; entity=PS Student; category=Institution Enrollment
Institution IPEDS UnitID,institution ipeds unitid,ORGANIZATION,Common Education Data Standards (CEDS) Version 13 — Postsecondary domain,https://ceds.ed.gov/cedselementdetails.aspx?termid=26166,NCES/CEDS,false,MEDIUM,Source-attested CEDS postsecondary element; entity=PS Institution; category=IPEDS Reporting
Institution of higher education,institution of higher education,ORGANIZATION,IPEDS Glossary 2025-26,https://surveys.nces.ed.gov/ipeds/api/downloads/IPEDSGlossary.csv,NCES/IPEDS,false,LOW,Source-attested IPEDS glossary term.
Institution's staff (not in medical schools),institution s staff not in medical schools,ROLE,IPEDS Glossary 2025-26,https://surveys.nces.ed.gov/ipeds/api/downloads/IPEDSGlossary.csv,NCES/IPEDS,false,LOW,Source-attested IPEDS glossary term.
Institution size category,institution size category,ORGANIZATION,IPEDS Glossary 2025-26,https://surveys.nces.ed.gov/ipeds/api/downloads/IPEDSGlossary.csv,NCES/IPEDS,false,LOW,Source-attested IPEDS glossary term.
Institution Telephone Number Type,institution telephone number type,ORGANIZATION,Common Education Data Standards (CEDS) Version 13 — Postsecondary domain,https://ceds.ed.gov/cedselementdetails.aspx?termid=26167,NCES/CEDS,false,LOW,Source-attested CEDS postsecondary element; entity=Organization; category=Telephone
Institutional account,institutional account,OTHER_DOMAIN_TERM,IPEDS Glossary 2025-26,https://surveys.nces.ed.gov/ipeds/api/downloads/IPEDSGlossary.csv,NCES/IPEDS,false,LOW,Source-attested IPEDS glossary term.
Institutional affiliation,institutional affiliation,OTHER_DOMAIN_TERM,IPEDS Glossary 2025-26,https://surveys.nces.ed.gov/ipeds/api/downloads/IPEDSGlossary.csv,NCES/IPEDS,false,LOW,Source-attested IPEDS glossary term. Related item: Control (of institution)
Institutional burden,institutional burden,ACADEMIC_CONCEPT,IPEDS Glossary 2025-26,https://surveys.nces.ed.gov/ipeds/api/downloads/IPEDSGlossary.csv,NCES/IPEDS,false,LOW,Source-attested IPEDS glossary term.
Institutional category,institutional category,OTHER_DOMAIN_TERM,IPEDS Glossary 2025-26,https://surveys.nces.ed.gov/ipeds/api/downloads/IPEDSGlossary.csv,NCES/IPEDS,false,LOW,Source-attested IPEDS glossary term.
Institutional Characteristics,institutional characteristics,ACADEMIC_CONCEPT,IPEDS Glossary 2025-26,https://surveys.nces.ed.gov/ipeds/api/downloads/IPEDSGlossary.csv,NCES/IPEDS,true,LOW,Derived mechanically from source-attested form “Institutional Characteristics (IC)” (parenthetical-label-stripped); not independently source-attested as a standalone term.
Institutional Characteristics (IC),institutional characteristics ic,ACADEMIC_CONCEPT,IPEDS Glossary 2025-26,https://surveys.nces.ed.gov/ipeds/api/downloads/IPEDSGlossary.csv,NCES/IPEDS,false,MEDIUM,Source-attested IPEDS glossary term.
Institutional grants,institutional grants,ACADEMIC_CONCEPT,IPEDS Glossary 2025-26,https://surveys.nces.ed.gov/ipeds/api/downloads/IPEDSGlossary.csv,NCES/IPEDS,false,LOW,Source-attested IPEDS glossary term.
Institutional grants from restricted resources,institutional grants from restricted resources,OTHER_DOMAIN_TERM,IPEDS Glossary 2025-26,https://surveys.nces.ed.gov/ipeds/api/downloads/IPEDSGlossary.csv,NCES/IPEDS,false,LOW,Source-attested IPEDS glossary term.
Institutional grants from unrestricted resources,institutional grants from unrestricted resources,OTHER_DOMAIN_TERM,IPEDS Glossary 2025-26,https://surveys.nces.ed.gov/ipeds/api/downloads/IPEDSGlossary.csv,NCES/IPEDS,false,LOW,Source-attested IPEDS glossary term.
Institutional grants (restricted),institutional grants restricted,OTHER_DOMAIN_TERM,IPEDS Glossary 2025-26,https://surveys.nces.ed.gov/ipeds/api/downloads/IPEDSGlossary.csv,NCES/IPEDS,true,LOW,Derived mechanically from source-attested form “Institutional grants (restricted) (allowances)” (parenthetical-label-stripped); not independently source-attested as a standalone term.
Institutional grants (restricted) (allowances),institutional grants restricted allowances,OTHER_DOMAIN_TERM,IPEDS Glossary 2025-26,https://surveys.nces.ed.gov/ipeds/api/downloads/IPEDSGlossary.csv,NCES/IPEDS,false,LOW,Source-attested IPEDS glossary term.
Institutional grants (unrestricted),institutional grants unrestricted,OTHER_DOMAIN_TERM,IPEDS Glossary 2025-26,https://surveys.nces.ed.gov/ipeds/api/downloads/IPEDSGlossary.csv,NCES/IPEDS,true,LOW,Derived mechanically from source-attested form “Institutional grants (unrestricted) (allowances)” (parenthetical-label-stripped); not independently source-attested as a standalone term.
Institutional grants (unrestricted) (allowances),institutional grants unrestricted allowances,OTHER_DOMAIN_TERM,IPEDS Glossary 2025-26,https://surveys.nces.ed.gov/ipeds/api/downloads/IPEDSGlossary.csv,NCES/IPEDS,false,LOW,Source-attested IPEDS glossary term.
Institutional Student Information Record,institutional student information record,ROLE,Federal Student Aid Handbook Glossary,https://fsapartners.ed.gov/knowledge-center/fsa-handbook/glossary,Federal Student Aid glossary,true,LOW,Derived mechanically from source-attested form “Institutional Student Information Record (ISIR)” (parenthetical-label-stripped); not independently source-attested as a standalone term.
Institutional Student Information Record (ISIR),institutional student information record isir,ROLE,Federal Student Aid Handbook Glossary,https://fsapartners.ed.gov/knowledge-center/fsa-handbook/glossary,Federal Student Aid glossary,false,MEDIUM,Source-attested term; included to strengthen operational coverage outside the federal IPEDS/CEDS backbone.
Institutional support,institutional support,OTHER_DOMAIN_TERM,IPEDS Glossary 2025-26,https://surveys.nces.ed.gov/ipeds/api/downloads/IPEDSGlossary.csv,NCES/IPEDS,false,LOW,Source-attested IPEDS glossary term.
Institutional system,institutional system,ORGANIZATION,IPEDS Glossary 2025-26,https://surveys.nces.ed.gov/ipeds/api/downloads/IPEDSGlossary.csv,NCES/IPEDS,false,LOW,Source-attested IPEDS glossary term.
Institutionally controlled housing,institutionally controlled housing,OTHER_DOMAIN_TERM,IPEDS Glossary 2025-26,https://surveys.nces.ed.gov/ipeds/api/downloads/IPEDSGlossary.csv,NCES/IPEDS,false,LOW,Source-attested IPEDS glossary term.
Institutionally Controlled Housing Status,institutionally controlled housing status,OTHER_DOMAIN_TERM,Common Education Data Standards (CEDS) Version 13 — Postsecondary domain,https://ceds.ed.gov/cedselementdetails.aspx?termid=26727,NCES/CEDS,false,LOW,Source-attested CEDS postsecondary element; entity=PS Institution; category=IPEDS Reporting
Instruction,instruction,ACADEMIC_CONCEPT,IPEDS Glossary 2025-26,https://surveys.nces.ed.gov/ipeds/api/downloads/IPEDSGlossary.csv,NCES/IPEDS,false,HIGH,Source-attested IPEDS glossary term.
Instruction combined with research and/or public service,instruction combined with research and or public service,ACADEMIC_CONCEPT,IPEDS Glossary 2025-26,https://surveys.nces.ed.gov/ipeds/api/downloads/IPEDSGlossary.csv,NCES/IPEDS,false,LOW,Source-attested IPEDS glossary term.
Instruction Credit Type,instruction credit type,ACADEMIC_CONCEPT,Common Education Data Standards (CEDS) Version 13 — Postsecondary domain,https://ceds.ed.gov/cedselementdetails.aspx?termid=26719,NCES/CEDS,false,LOW,Source-attested CEDS postsecondary element; entity=PS Staff; category=Employment
Instructional activity,instructional activity,ACADEMIC_CONCEPT,IPEDS Glossary 2025-26,https://surveys.nces.ed.gov/ipeds/api/downloads/IPEDSGlossary.csv,NCES/IPEDS,false,LOW,Source-attested IPEDS glossary term.
Instructional Activity Hours Attempted,instructional activity hours attempted,ACADEMIC_CONCEPT,Common Education Data Standards (CEDS) Version 13 — Postsecondary domain,https://ceds.ed.gov/cedselementdetails.aspx?termid=26168,NCES/CEDS,false,LOW,Source-attested CEDS postsecondary element; entity=PS Student; category=Term Enrollment
Instructional Activity Hours Completed,instructional activity hours completed,ACADEMIC_CONCEPT,Common Education Data Standards (CEDS) Version 13 — Postsecondary domain,https://ceds.ed.gov/cedselementdetails.aspx?termid=26361,NCES/CEDS,false,LOW,Source-attested CEDS postsecondary element; entity=PS Student; category=Term Enrollment
Instructional Activity Hours Type,instructional activity hours type,ACADEMIC_CONCEPT,Common Education Data Standards (CEDS) Version 13 — Postsecondary domain,https://ceds.ed.gov/cedselementdetails.aspx?termid=26169,NCES/CEDS,false,LOW,Source-attested CEDS postsecondary element; entity=PS Student; category=Term Enrollment
Instructional Faculty Salaries,instructional faculty salaries,ROLE,IPEDS Glossary 2025-26,https://surveys.nces.ed.gov/ipeds/api/downloads/IPEDSGlossary.csv,NCES/IPEDS,true,LOW,Derived mechanically from source-attested form “Instructional Faculty Salaries (SA)” (parenthetical-label-stripped); not independently source-attested as a standalone term.
Instructional Faculty Salaries (SA),instructional faculty salaries sa,ROLE,IPEDS Glossary 2025-26,https://surveys.nces.ed.gov/ipeds/api/downloads/IPEDSGlossary.csv,NCES/IPEDS,false,MEDIUM,Source-attested IPEDS glossary term.
Instructional Staff,instructional staff,ROLE,IPEDS Glossary 2025-26,https://surveys.nces.ed.gov/ipeds/api/downloads/IPEDSGlossary.csv,NCES/IPEDS,false,MEDIUM,Source-attested IPEDS glossary term.
Instructional Staff Contract Length,instructional staff contract length,ROLE,Common Education Data Standards (CEDS) Version 13 — Postsecondary domain,https://ceds.ed.gov/cedselementdetails.aspx?termid=26712,NCES/CEDS,false,LOW,Source-attested CEDS postsecondary element; entity=PS Staff; category=Employment
Instructional Staff Faculty Tenure Status,instructional staff faculty tenure status,ROLE,Common Education Data Standards (CEDS) Version 13 — Postsecondary domain,https://ceds.ed.gov/cedselementdetails.aspx?termid=26716,NCES/CEDS,false,LOW,Source-attested CEDS postsecondary element; entity=PS Staff; category=Employment
Instructional Staff Status,instructional staff status,ROLE,Common Education Data Standards (CEDS) Version 13 — Postsecondary domain,https://ceds.ed.gov/cedselementdetails.aspx?termid=26709,NCES/CEDS,false,LOW,Source-attested CEDS postsecondary element; entity=PS Staff; category=Employment
Instructor Drop (from a course),instructor drop from a course,ROLE,UC Berkeley Office of the Registrar Enrollment Glossary,https://registrar.berkeley.edu/enrollment/glossary/,Public institutional registrar glossary,false,LOW,Source-attested term; included to strengthen operational coverage outside the federal IPEDS/CEDS backbone.
Intangible assets,intangible assets,OTHER_DOMAIN_TERM,IPEDS Glossary 2025-26,https://surveys.nces.ed.gov/ipeds/api/downloads/IPEDSGlossary.csv,NCES/IPEDS,false,LOW,Source-attested IPEDS glossary term.
Integrated Postsecondary Education Data System,integrated postsecondary education data system,DOCUMENT_SYSTEM,IPEDS Glossary 2025-26,https://surveys.nces.ed.gov/ipeds/api/downloads/IPEDSGlossary.csv,NCES/IPEDS,true,LOW,Derived mechanically from source-attested form “Integrated Postsecondary Education Data System (IPEDS)” (parenthetical-label-stripped); not independently source-attested as a standalone term.
Integrated Postsecondary Education Data System (IPEDS),integrated postsecondary education data system ipeds,DOCUMENT_SYSTEM,IPEDS Glossary 2025-26,https://surveys.nces.ed.gov/ipeds/api/downloads/IPEDSGlossary.csv,NCES/IPEDS,false,MEDIUM,Source-attested IPEDS glossary term.
Interest,interest,OTHER_DOMAIN_TERM,IPEDS Glossary 2025-26,https://surveys.nces.ed.gov/ipeds/api/downloads/IPEDSGlossary.csv,NCES/IPEDS,false,HIGH,Source-attested IPEDS glossary term.
International English Language Testing System,international english language testing system,DOCUMENT_SYSTEM,IPEDS Glossary 2025-26,https://surveys.nces.ed.gov/ipeds/api/downloads/IPEDSGlossary.csv,NCES/IPEDS,true,LOW,Derived mechanically from source-attested form “International English Language Testing System (IELTS)” (parenthetical-label-stripped); not independently source-attested as a standalone term.
International English Language Testing System (IELTS),international english language testing system ielts,DOCUMENT_SYSTEM,IPEDS Glossary 2025-26,https://surveys.nces.ed.gov/ipeds/api/downloads/IPEDSGlossary.csv,NCES/IPEDS,false,MEDIUM,Source-attested IPEDS glossary term. Related item: English Proficiency Test
Internet Download Speed,internet download speed,OTHER_DOMAIN_TERM,Common Education Data Standards (CEDS) Version 13 — Postsecondary domain,https://ceds.ed.gov/cedselementdetails.aspx?termid=27938,NCES/CEDS,false,LOW,Source-attested CEDS postsecondary element; entity=PS Student; category=Digital Access->Internet Speed Test
Internet Speed Test Date Time,internet speed test date time,OTHER_DOMAIN_TERM,Common Education Data Standards (CEDS) Version 13 — Postsecondary domain,https://ceds.ed.gov/cedselementdetails.aspx?termid=27940,NCES/CEDS,false,LOW,Source-attested CEDS postsecondary element; entity=PS Student; category=Digital Access->Internet Speed Test
Internet Upload Speed,internet upload speed,OTHER_DOMAIN_TERM,Common Education Data Standards (CEDS) Version 13 — Postsecondary domain,https://ceds.ed.gov/cedselementdetails.aspx?termid=27941,NCES/CEDS,false,LOW,Source-attested CEDS postsecondary element; entity=PS Student; category=Digital Access->Internet Speed Test
"Invested in capital assets, net of related debt",invested in capital assets net of related debt,OTHER_DOMAIN_TERM,IPEDS Glossary 2025-26,https://surveys.nces.ed.gov/ipeds/api/downloads/IPEDSGlossary.csv,NCES/IPEDS,false,LOW,Source-attested IPEDS glossary term.
Investment gains,investment gains,OTHER_DOMAIN_TERM,IPEDS Glossary 2025-26,https://surveys.nces.ed.gov/ipeds/api/downloads/IPEDSGlossary.csv,NCES/IPEDS,false,LOW,Source-attested IPEDS glossary term.
Investment income,investment income,OTHER_DOMAIN_TERM,IPEDS Glossary 2025-26,https://surveys.nces.ed.gov/ipeds/api/downloads/IPEDSGlossary.csv,NCES/IPEDS,false,LOW,Source-attested IPEDS glossary term.
Investment return,investment return,PROCESS_EVENT,IPEDS Glossary 2025-26,https://surveys.nces.ed.gov/ipeds/api/downloads/IPEDSGlossary.csv,NCES/IPEDS,false,MEDIUM,Source-attested IPEDS glossary term.
IPEDS,ipeds,DOCUMENT_SYSTEM,IPEDS Glossary 2025-26,https://surveys.nces.ed.gov/ipeds/api/downloads/IPEDSGlossary.csv,NCES/IPEDS,true,MEDIUM,Derived mechanically from source-attested form “Integrated Postsecondary Education Data System (IPEDS)” (parenthetical-code-extracted); not independently source-attested as a standalone term.
IPEDS Collection Year Designator,ipeds collection year designator,ACADEMIC_CONCEPT,Common Education Data Standards (CEDS) Version 13 — Postsecondary domain,https://ceds.ed.gov/cedselementdetails.aspx?termid=27592,NCES/CEDS,false,MEDIUM,Source-attested CEDS postsecondary element; entity=PS Institution; category=IPEDS Reporting
IPEDS College Opportunities Online Locator (IPEDS COOL),ipeds college opportunities online locator ipeds cool,ORGANIZATION,IPEDS Glossary 2025-26,https://surveys.nces.ed.gov/ipeds/api/downloads/IPEDSGlossary.csv,NCES/IPEDS,false,MEDIUM,Source-attested IPEDS glossary term.
IPEDS coordinator,ipeds coordinator,ROLE,IPEDS Glossary 2025-26,https://surveys.nces.ed.gov/ipeds/api/downloads/IPEDSGlossary.csv,NCES/IPEDS,false,MEDIUM,Source-attested IPEDS glossary term.
IPEDS Finance FASB Financial Position Category,ipeds finance fasb financial position category,ACADEMIC_CONCEPT,Common Education Data Standards (CEDS) Version 13 — Postsecondary domain,https://ceds.ed.gov/cedselementdetails.aspx?termid=27652,NCES/CEDS,false,MEDIUM,Source-attested CEDS postsecondary element; entity=PS Institution; category=Finance
IPEDS Finance FASB Functional Expense Category,ipeds finance fasb functional expense category,OTHER_DOMAIN_TERM,Common Education Data Standards (CEDS) Version 13 — Postsecondary domain,https://ceds.ed.gov/cedselementdetails.aspx?termid=27640,NCES/CEDS,false,MEDIUM,Source-attested CEDS postsecondary element; entity=PS Institution; category=Finance
IPEDS Finance FASB Pell Grant Transactions,ipeds finance fasb pell grant transactions,ACADEMIC_CONCEPT,Common Education Data Standards (CEDS) Version 13 — Postsecondary domain,https://ceds.ed.gov/cedselementdetails.aspx?termid=27661,NCES/CEDS,false,MEDIUM,Source-attested CEDS postsecondary element; entity=PS Institution; category=Finance
IPEDS Finance FASB Revenue Category,ipeds finance fasb revenue category,ACADEMIC_CONCEPT,Common Education Data Standards (CEDS) Version 13 — Postsecondary domain,https://ceds.ed.gov/cedselementdetails.aspx?termid=27654,NCES/CEDS,false,MEDIUM,Source-attested CEDS postsecondary element; entity=PS Institution; category=Finance
IPEDS Finance FASB Revenue Restriction Category,ipeds finance fasb revenue restriction category,ACADEMIC_CONCEPT,Common Education Data Standards (CEDS) Version 13 — Postsecondary domain,https://ceds.ed.gov/cedselementdetails.aspx?termid=27655,NCES/CEDS,false,MEDIUM,Source-attested CEDS postsecondary element; entity=PS Institution; category=Finance
IPEDS Finance FASB Scholarships and Fellowships Revenue Category,ipeds finance fasb scholarships and fellowships revenue category,ACADEMIC_CONCEPT,Common Education Data Standards (CEDS) Version 13 — Postsecondary domain,https://ceds.ed.gov/cedselementdetails.aspx?termid=27659,NCES/CEDS,false,MEDIUM,Source-attested CEDS postsecondary element; entity=PS Institution; category=Finance
IPEDS Finance GASB Financial Position Category,ipeds finance gasb financial position category,ACADEMIC_CONCEPT,Common Education Data Standards (CEDS) Version 13 — Postsecondary domain,https://ceds.ed.gov/cedselementdetails.aspx?termid=27651,NCES/CEDS,false,MEDIUM,Source-attested CEDS postsecondary element; entity=PS Institution; category=Finance
IPEDS Finance GASB Functional Expense Category,ipeds finance gasb functional expense category,OTHER_DOMAIN_TERM,Common Education Data Standards (CEDS) Version 13 — Postsecondary domain,https://ceds.ed.gov/cedselementdetails.aspx?termid=27656,NCES/CEDS,false,MEDIUM,Source-attested CEDS postsecondary element; entity=PS Institution; category=Finance
IPEDS Finance GASB Revenue Category,ipeds finance gasb revenue category,ACADEMIC_CONCEPT,Common Education Data Standards (CEDS) Version 13 — Postsecondary domain,https://ceds.ed.gov/cedselementdetails.aspx?termid=27653,NCES/CEDS,false,MEDIUM,Source-attested CEDS postsecondary element; entity=PS Institution; category=Finance
IPEDS Finance GASB Scholarships and Fellowships Revenue Category,ipeds finance gasb scholarships and fellowships revenue category,ACADEMIC_CONCEPT,Common Education Data Standards (CEDS) Version 13 — Postsecondary domain,https://ceds.ed.gov/cedselementdetails.aspx?termid=27658,NCES/CEDS,false,MEDIUM,Source-attested CEDS postsecondary element; entity=PS Institution; category=Finance
IPEDS Finance Intercollegiate Athletics Expenses,ipeds finance intercollegiate athletics expenses,OTHER_DOMAIN_TERM,Common Education Data Standards (CEDS) Version 13 — Postsecondary domain,https://ceds.ed.gov/cedselementdetails.aspx?termid=27660,NCES/CEDS,false,MEDIUM,Source-attested CEDS postsecondary element; entity=PS Institution; category=Finance
IPEDS Finance Natural Expense Category,ipeds finance natural expense category,OTHER_DOMAIN_TERM,Common Education Data Standards (CEDS) Version 13 — Postsecondary domain,https://ceds.ed.gov/cedselementdetails.aspx?termid=27657,NCES/CEDS,false,MEDIUM,Source-attested CEDS postsecondary element; entity=PS Institution; category=Finance
IPEDS Occupational Category,ipeds occupational category,OTHER_DOMAIN_TERM,Common Education Data Standards (CEDS) Version 13 — Postsecondary domain,https://ceds.ed.gov/cedselementdetails.aspx?termid=26708,NCES/CEDS,false,MEDIUM,Source-attested CEDS postsecondary element; entity=PS Staff; category=Employment
IPEDS universe,ipeds universe,OTHER_DOMAIN_TERM,IPEDS Glossary 2025-26,https://surveys.nces.ed.gov/ipeds/api/downloads/IPEDSGlossary.csv,NCES/IPEDS,false,MEDIUM,Source-attested IPEDS glossary term. Related item: Institutional Characteristics (IC)
IPEDS Use the Data Webpage (formerly IPEDS Data Center),ipeds use the data webpage formerly ipeds data center,ORGANIZATION,IPEDS Glossary 2025-26,https://surveys.nces.ed.gov/ipeds/api/downloads/IPEDSGlossary.csv,NCES/IPEDS,false,MEDIUM,Source-attested IPEDS glossary term.
ISIR,isir,ROLE,Federal Student Aid Handbook Glossary,https://fsapartners.ed.gov/knowledge-center/fsa-handbook/glossary,Federal Student Aid glossary,true,MEDIUM,Derived mechanically from source-attested form “Institutional Student Information Record (ISIR)” (parenthetical-code-extracted); not independently source-attested as a standalone term.
ISO 639-2 Language Code,iso 639 2 language code,DOCUMENT_SYSTEM,Common Education Data Standards (CEDS) Version 13 — Postsecondary domain,https://ceds.ed.gov/cedselementdetails.aspx?termid=26317,NCES/CEDS,false,MEDIUM,Source-attested CEDS postsecondary element; entity=PS Student; category=Language
ISO 639-3 Language Code,iso 639 3 language code,DOCUMENT_SYSTEM,Common Education Data Standards (CEDS) Version 13 — Postsecondary domain,https://ceds.ed.gov/cedselementdetails.aspx?termid=27618,NCES/CEDS,false,MEDIUM,Source-attested CEDS postsecondary element; entity=PS Student; category=Language
ISO 639-5 Language Family,iso 639 5 language family,OTHER_DOMAIN_TERM,Common Education Data Standards (CEDS) Version 13 — Postsecondary domain,https://ceds.ed.gov/cedselementdetails.aspx?termid=27619,NCES/CEDS,false,MEDIUM,Source-attested CEDS postsecondary element; entity=PS Student; category=Language
Job Identification System,job identification system,DOCUMENT_SYSTEM,Common Education Data Standards (CEDS) Version 13 — Postsecondary domain,https://ceds.ed.gov/cedselementdetails.aspx?termid=28026,NCES/CEDS,false,LOW,Source-attested CEDS postsecondary element; entity=Organization; category=Job
Job Identifier,job identifier,DOCUMENT_SYSTEM,Common Education Data Standards (CEDS) Version 13 — Postsecondary domain,https://ceds.ed.gov/cedselementdetails.aspx?termid=28027,NCES/CEDS,false,LOW,Source-attested CEDS postsecondary element; entity=Organization; category=Job
Job Position Expected Start Date,job position expected start date,OTHER_DOMAIN_TERM,Common Education Data Standards (CEDS) Version 13 — Postsecondary domain,https://ceds.ed.gov/cedselementdetails.aspx?termid=28028,NCES/CEDS,false,LOW,Source-attested CEDS postsecondary element; entity=Organization; category=Job
Job Position Identification System,job position identification system,DOCUMENT_SYSTEM,Common Education Data Standards (CEDS) Version 13 — Postsecondary domain,https://ceds.ed.gov/cedselementdetails.aspx?termid=28029,NCES/CEDS,false,LOW,Source-attested CEDS postsecondary element; entity=Organization; category=Job
Job Position Identifier,job position identifier,DOCUMENT_SYSTEM,Common Education Data Standards (CEDS) Version 13 — Postsecondary domain,https://ceds.ed.gov/cedselementdetails.aspx?termid=28030,NCES/CEDS,false,LOW,Source-attested CEDS postsecondary element; entity=Organization; category=Job
Job Position Status,job position status,OTHER_DOMAIN_TERM,Common Education Data Standards (CEDS) Version 13 — Postsecondary domain,https://ceds.ed.gov/cedselementdetails.aspx?termid=28031,NCES/CEDS,false,LOW,Source-attested CEDS postsecondary element; entity=Organization; category=Job
Job Position Status Cancelled Reason,job position status cancelled reason,OTHER_DOMAIN_TERM,Common Education Data Standards (CEDS) Version 13 — Postsecondary domain,https://ceds.ed.gov/cedselementdetails.aspx?termid=28032,NCES/CEDS,false,LOW,Source-attested CEDS postsecondary element; entity=Organization; category=Job
Job Position Status Date,job position status date,OTHER_DOMAIN_TERM,Common Education Data Standards (CEDS) Version 13 — Postsecondary domain,https://ceds.ed.gov/cedselementdetails.aspx?termid=28033,NCES/CEDS,false,LOW,Source-attested CEDS postsecondary element; entity=Organization; category=Job
Job Training Partnership Act,job training partnership act,OTHER_DOMAIN_TERM,IPEDS Glossary 2025-26,https://surveys.nces.ed.gov/ipeds/api/downloads/IPEDSGlossary.csv,NCES/IPEDS,true,LOW,Derived mechanically from source-attested form “Job Training Partnership Act (JTPA)” (parenthetical-label-stripped); not independently source-attested as a standalone term.
Job Training Partnership Act (JTPA),job training partnership act jtpa,OTHER_DOMAIN_TERM,IPEDS Glossary 2025-26,https://surveys.nces.ed.gov/ipeds/api/downloads/IPEDSGlossary.csv,NCES/IPEDS,false,MEDIUM,Source-attested IPEDS glossary term.
JTPA,jtpa,OTHER_DOMAIN_TERM,IPEDS Glossary 2025-26,https://surveys.nces.ed.gov/ipeds/api/downloads/IPEDSGlossary.csv,NCES/IPEDS,true,MEDIUM,Derived mechanically from source-attested form “Job Training Partnership Act (JTPA)” (parenthetical-code-extracted); not independently source-attested as a standalone term.
Keyholder,keyholder,OTHER_DOMAIN_TERM,IPEDS Glossary 2025-26,https://surveys.nces.ed.gov/ipeds/api/downloads/IPEDSGlossary.csv,NCES/IPEDS,false,HIGH,Source-attested IPEDS glossary term.
Land and land improvements,land and land improvements,OTHER_DOMAIN_TERM,IPEDS Glossary 2025-26,https://surveys.nces.ed.gov/ipeds/api/downloads/IPEDSGlossary.csv,NCES/IPEDS,false,LOW,Source-attested IPEDS glossary term.
Land-grant institution,land grant institution,ORGANIZATION,IPEDS Glossary 2025-26,https://surveys.nces.ed.gov/ipeds/api/downloads/IPEDSGlossary.csv,NCES/IPEDS,false,MEDIUM,Source-attested IPEDS glossary term.
Language Type,language type,OTHER_DOMAIN_TERM,Common Education Data Standards (CEDS) Version 13 — Postsecondary domain,https://ceds.ed.gov/cedselementdetails.aspx?termid=26316,NCES/CEDS,false,LOW,Source-attested CEDS postsecondary element; entity=PS Student; category=Language
Last or Surname,last or surname,OTHER_DOMAIN_TERM,Common Education Data Standards (CEDS) Version 13 — Postsecondary domain,https://ceds.ed.gov/cedselementdetails.aspx?termid=26172,NCES/CEDS,false,LOW,Source-attested CEDS postsecondary element; entity=Organization; category=Contact->Name
Latitude,latitude,OTHER_DOMAIN_TERM,Common Education Data Standards (CEDS) Version 13 — Postsecondary domain,https://ceds.ed.gov/cedselementdetails.aspx?termid=26599,NCES/CEDS,false,HIGH,Source-attested CEDS postsecondary element; entity=Organization; category=Address
Leave Event Type,leave event type,OTHER_DOMAIN_TERM,Common Education Data Standards (CEDS) Version 13 — Postsecondary domain,https://ceds.ed.gov/cedselementdetails.aspx?termid=26617,NCES/CEDS,false,LOW,Source-attested CEDS postsecondary element; entity=PS Staff; category=Attendance
Legacy status,legacy status,OTHER_DOMAIN_TERM,IPEDS Glossary 2025-26,https://surveys.nces.ed.gov/ipeds/api/downloads/IPEDSGlossary.csv,NCES/IPEDS,false,MEDIUM,Source-attested IPEDS glossary term.
Less than 2-year institution,less than 2 year institution,ORGANIZATION,IPEDS Glossary 2025-26,https://surveys.nces.ed.gov/ipeds/api/downloads/IPEDSGlossary.csv,NCES/IPEDS,false,LOW,Source-attested IPEDS glossary term.
Less than 9/10-month salary contract/teaching period,less than 9 10 month salary contract teaching period,ACADEMIC_CONCEPT,IPEDS Glossary 2025-26,https://surveys.nces.ed.gov/ipeds/api/downloads/IPEDSGlossary.csv,NCES/IPEDS,false,LOW,Source-attested IPEDS glossary term.
Less-than-annual contract or employment agreement,less than annual contract or employment agreement,DOCUMENT_SYSTEM,IPEDS Glossary 2025-26,https://surveys.nces.ed.gov/ipeds/api/downloads/IPEDSGlossary.csv,NCES/IPEDS,false,LOW,Source-attested IPEDS glossary term.
Level of Institution,level of institution,ORGANIZATION,Common Education Data Standards (CEDS) Version 13 — Postsecondary domain,https://ceds.ed.gov/cedselementdetails.aspx?termid=26178,NCES/CEDS,false,LOW,Source-attested CEDS postsecondary element; entity=PS Institution; category=Directory
Level (of institution),level of institution,ORGANIZATION,IPEDS Glossary 2025-26,https://surveys.nces.ed.gov/ipeds/api/downloads/IPEDSGlossary.csv,NCES/IPEDS,false,LOW,"Source-attested IPEDS glossary term. Related item: Sector,Control (of institution)"
Levels of offering,levels of offering,ACADEMIC_CONCEPT,IPEDS Glossary 2025-26,https://surveys.nces.ed.gov/ipeds/api/downloads/IPEDSGlossary.csv,NCES/IPEDS,false,LOW,Source-attested IPEDS glossary term.
Liabilities,liabilities,OTHER_DOMAIN_TERM,IPEDS Glossary 2025-26,https://surveys.nces.ed.gov/ipeds/api/downloads/IPEDSGlossary.csv,NCES/IPEDS,false,HIGH,Source-attested IPEDS glossary term.
Librarians and Media Collections Specialists,librarians and media collections specialists,OTHER_DOMAIN_TERM,IPEDS Glossary 2025-26,https://surveys.nces.ed.gov/ipeds/api/downloads/IPEDSGlossary.csv,NCES/IPEDS,false,LOW,Source-attested IPEDS glossary term.
"Librarians, Curators, and Archivists",librarians curators and archivists,OTHER_DOMAIN_TERM,IPEDS Glossary 2025-26,https://surveys.nces.ed.gov/ipeds/api/downloads/IPEDSGlossary.csv,NCES/IPEDS,false,LOW,Source-attested IPEDS glossary term.
Library,library,ACADEMIC_CONCEPT,IPEDS Glossary 2025-26,https://surveys.nces.ed.gov/ipeds/api/downloads/IPEDSGlossary.csv,NCES/IPEDS,false,HIGH,Source-attested IPEDS glossary term.
Library and Student and Academic Affairs and Other Education Services Occupations,library and student and academic affairs and other education services occupations,ACADEMIC_CONCEPT,IPEDS Glossary 2025-26,https://surveys.nces.ed.gov/ipeds/api/downloads/IPEDSGlossary.csv,NCES/IPEDS,false,LOW,Source-attested IPEDS glossary term.
Library collections,library collections,OTHER_DOMAIN_TERM,IPEDS Glossary 2025-26,https://surveys.nces.ed.gov/ipeds/api/downloads/IPEDSGlossary.csv,NCES/IPEDS,false,LOW,Source-attested IPEDS glossary term.
Library Technicians,library technicians,OTHER_DOMAIN_TERM,IPEDS Glossary 2025-26,https://surveys.nces.ed.gov/ipeds/api/downloads/IPEDSGlossary.csv,NCES/IPEDS,false,LOW,Source-attested IPEDS glossary term.
Loan funds,loan funds,OTHER_DOMAIN_TERM,IPEDS Glossary 2025-26,https://surveys.nces.ed.gov/ipeds/api/downloads/IPEDSGlossary.csv,NCES/IPEDS,false,MEDIUM,Source-attested IPEDS glossary term.
Loans to students,loans to students,OTHER_DOMAIN_TERM,IPEDS Glossary 2025-26,https://surveys.nces.ed.gov/ipeds/api/downloads/IPEDSGlossary.csv,NCES/IPEDS,false,LOW,Source-attested IPEDS glossary term.
Local Address,local address,OTHER_DOMAIN_TERM,UC Berkeley Office of the Registrar Enrollment Glossary,https://registrar.berkeley.edu/enrollment/glossary/,Public institutional registrar glossary,false,LOW,Source-attested term; included to strengthen operational coverage outside the federal IPEDS/CEDS backbone.
"Local appropriations, education district taxes, and similar support",local appropriations education district taxes and similar support,OTHER_DOMAIN_TERM,IPEDS Glossary 2025-26,https://surveys.nces.ed.gov/ipeds/api/downloads/IPEDSGlossary.csv,NCES/IPEDS,false,LOW,Source-attested IPEDS glossary term.
Local Education Agency Identification System,local education agency identification system,DOCUMENT_SYSTEM,Common Education Data Standards (CEDS) Version 13 — Postsecondary domain,https://ceds.ed.gov/cedselementdetails.aspx?termid=26159,NCES/CEDS,false,LOW,Source-attested CEDS postsecondary element; entity=PS Student; category=K12 Transcript
Local Education Agency Identifier,local education agency identifier,DOCUMENT_SYSTEM,Common Education Data Standards (CEDS) Version 13 — Postsecondary domain,https://ceds.ed.gov/cedselementdetails.aspx?termid=26153,NCES/CEDS,false,LOW,Source-attested CEDS postsecondary element; entity=PS Student; category=K12 Transcript
Local government grants and contracts,local government grants and contracts,OTHER_DOMAIN_TERM,IPEDS Glossary 2025-26,https://surveys.nces.ed.gov/ipeds/api/downloads/IPEDSGlossary.csv,NCES/IPEDS,true,LOW,Derived mechanically from source-attested form “Local government grants and contracts (revenues)” (parenthetical-label-stripped); not independently source-attested as a standalone term.
Local government grants and contracts (revenues),local government grants and contracts revenues,OTHER_DOMAIN_TERM,IPEDS Glossary 2025-26,https://surveys.nces.ed.gov/ipeds/api/downloads/IPEDSGlossary.csv,NCES/IPEDS,false,LOW,Source-attested IPEDS glossary term.
Local Job Category,local job category,OTHER_DOMAIN_TERM,Common Education Data Standards (CEDS) Version 13 — Postsecondary domain,https://ceds.ed.gov/cedselementdetails.aspx?termid=28043,NCES/CEDS,false,LOW,Source-attested CEDS postsecondary element; entity=Organization; category=Job
Local Job Function,local job function,OTHER_DOMAIN_TERM,Common Education Data Standards (CEDS) Version 13 — Postsecondary domain,https://ceds.ed.gov/cedselementdetails.aspx?termid=28044,NCES/CEDS,false,LOW,Source-attested CEDS postsecondary element; entity=Organization; category=Job
Locale,locale,OTHER_DOMAIN_TERM,Common Education Data Standards (CEDS) Version 13 — Postsecondary domain,https://ceds.ed.gov/cedselementdetails.aspx?termid=28115,NCES/CEDS,false,HIGH,Source-attested CEDS postsecondary element; entity=Organization; category=Address
Locked,locked,OTHER_DOMAIN_TERM,IPEDS Glossary 2025-26,https://surveys.nces.ed.gov/ipeds/api/downloads/IPEDSGlossary.csv,NCES/IPEDS,false,HIGH,Source-attested IPEDS glossary term.
Long programs,long programs,ACADEMIC_CONCEPT,IPEDS Glossary 2025-26,https://surveys.nces.ed.gov/ipeds/api/downloads/IPEDSGlossary.csv,NCES/IPEDS,false,LOW,Source-attested IPEDS glossary term.
Long-term debt,long term debt,ACADEMIC_CONCEPT,IPEDS Glossary 2025-26,https://surveys.nces.ed.gov/ipeds/api/downloads/IPEDSGlossary.csv,NCES/IPEDS,false,LOW,"Source-attested IPEDS glossary term. Related item: Long-term debt, current portion"
"Long-term debt, current portion",long term debt current portion,ACADEMIC_CONCEPT,IPEDS Glossary 2025-26,https://surveys.nces.ed.gov/ipeds/api/downloads/IPEDSGlossary.csv,NCES/IPEDS,false,LOW,Source-attested IPEDS glossary term.
Long-term investments,long term investments,ACADEMIC_CONCEPT,IPEDS Glossary 2025-26,https://surveys.nces.ed.gov/ipeds/api/downloads/IPEDSGlossary.csv,NCES/IPEDS,false,LOW,Source-attested IPEDS glossary term.
Longitude,longitude,OTHER_DOMAIN_TERM,Common Education Data Standards (CEDS) Version 13 — Postsecondary domain,https://ceds.ed.gov/cedselementdetails.aspx?termid=26600,NCES/CEDS,false,HIGH,Source-attested CEDS postsecondary element; entity=Organization; category=Address
Losses,losses,OTHER_DOMAIN_TERM,IPEDS Glossary 2025-26,https://surveys.nces.ed.gov/ipeds/api/downloads/IPEDSGlossary.csv,NCES/IPEDS,false,HIGH,Source-attested IPEDS glossary term.
Major,major,ACADEMIC_CONCEPT,UT Austin Office of the Registrar Glossary of Catalog Terminology,https://registrar.utexas.edu/catalogs/glossary,Public institutional catalog/registrar glossary,false,HIGH,Source-attested term; included to strengthen operational coverage outside the federal IPEDS/CEDS backbone.
Major Requirement,major requirement,ACADEMIC_CONCEPT,UT Austin Office of the Registrar Glossary of Catalog Terminology,https://registrar.utexas.edu/catalogs/glossary,Public institutional catalog/registrar glossary,false,MEDIUM,Source-attested term; included to strengthen operational coverage outside the federal IPEDS/CEDS backbone.
Management Function,management function,OTHER_DOMAIN_TERM,IPEDS Glossary 2025-26,https://surveys.nces.ed.gov/ipeds/api/downloads/IPEDSGlossary.csv,NCES/IPEDS,false,LOW,Source-attested IPEDS glossary term.
Mandatory transfers,mandatory transfers,ACADEMIC_CONCEPT,IPEDS Glossary 2025-26,https://surveys.nces.ed.gov/ipeds/api/downloads/IPEDSGlossary.csv,NCES/IPEDS,false,LOW,Source-attested IPEDS glossary term.
Marital Status,marital status,OTHER_DOMAIN_TERM,Common Education Data Standards (CEDS) Version 13 — Postsecondary domain,https://ceds.ed.gov/cedselementdetails.aspx?termid=27942,NCES/CEDS,false,MEDIUM,Source-attested CEDS postsecondary element; entity=PS Student; category=Demographic
Market value,market value,OTHER_DOMAIN_TERM,IPEDS Glossary 2025-26,https://surveys.nces.ed.gov/ipeds/api/downloads/IPEDSGlossary.csv,NCES/IPEDS,false,LOW,Source-attested IPEDS glossary term.
Marking Period Name,marking period name,OTHER_DOMAIN_TERM,Common Education Data Standards (CEDS) Version 13 — Postsecondary domain,https://ceds.ed.gov/cedselementdetails.aspx?termid=26182,NCES/CEDS,false,LOW,Source-attested CEDS postsecondary element; entity=Course Section; category=Enrollment->Student Course Section Mark
Master Promissory Note,master promissory note,ACADEMIC_CONCEPT,Federal Student Aid Handbook Glossary,https://fsapartners.ed.gov/knowledge-center/fsa-handbook/glossary,Federal Student Aid glossary,true,LOW,Derived mechanically from source-attested form “Master Promissory Note (MPN)” (parenthetical-label-stripped); not independently source-attested as a standalone term.
Master Promissory Note (MPN),master promissory note mpn,ACADEMIC_CONCEPT,Federal Student Aid Handbook Glossary,https://fsapartners.ed.gov/knowledge-center/fsa-handbook/glossary,Federal Student Aid glossary,false,MEDIUM,Source-attested term; included to strengthen operational coverage outside the federal IPEDS/CEDS backbone.
Master's Colleges and Universities I,master s colleges and universities i,ACADEMIC_CONCEPT,IPEDS Glossary 2025-26,https://surveys.nces.ed.gov/ipeds/api/downloads/IPEDSGlossary.csv,NCES/IPEDS,true,LOW,Derived mechanically from source-attested form “Master's Colleges and Universities I (Carnegie)” (parenthetical-label-stripped); not independently source-attested as a standalone term.
Master's Colleges and Universities I (Carnegie),master s colleges and universities i carnegie,ACADEMIC_CONCEPT,IPEDS Glossary 2025-26,https://surveys.nces.ed.gov/ipeds/api/downloads/IPEDSGlossary.csv,NCES/IPEDS,false,LOW,Source-attested IPEDS glossary term. Related item: Carnegie Classification
Master's Colleges and Universities II,master s colleges and universities ii,ACADEMIC_CONCEPT,IPEDS Glossary 2025-26,https://surveys.nces.ed.gov/ipeds/api/downloads/IPEDSGlossary.csv,NCES/IPEDS,true,MEDIUM,Derived mechanically from source-attested form “Master's Colleges and Universities II (Carnegie)” (parenthetical-label-stripped); not independently source-attested as a standalone term.
Master's Colleges and Universities II (Carnegie),master s colleges and universities ii carnegie,ACADEMIC_CONCEPT,IPEDS Glossary 2025-26,https://surveys.nces.ed.gov/ipeds/api/downloads/IPEDSGlossary.csv,NCES/IPEDS,false,MEDIUM,Source-attested IPEDS glossary term. Related item: Carnegie Classification
Master's degree,master s degree,ACADEMIC_CONCEPT,IPEDS Glossary 2025-26,https://surveys.nces.ed.gov/ipeds/api/downloads/IPEDSGlossary.csv,NCES/IPEDS,false,LOW,Source-attested IPEDS glossary term.
Maternal Guardian Education,maternal guardian education,OTHER_DOMAIN_TERM,Common Education Data Standards (CEDS) Version 13 — Postsecondary domain,https://ceds.ed.gov/cedselementdetails.aspx?termid=27194,NCES/CEDS,false,LOW,Source-attested CEDS postsecondary element; entity=PS Student; category=Demographic
Medical school staff,medical school staff,ROLE,IPEDS Glossary 2025-26,https://surveys.nces.ed.gov/ipeds/api/downloads/IPEDSGlossary.csv,NCES/IPEDS,false,LOW,Source-attested IPEDS glossary term.
Medical School Staff Status,medical school staff status,ROLE,Common Education Data Standards (CEDS) Version 13 — Postsecondary domain,https://ceds.ed.gov/cedselementdetails.aspx?termid=26710,NCES/CEDS,false,LOW,Source-attested CEDS postsecondary element; entity=PS Staff; category=Employment
Medical schools and medical centers,medical schools and medical centers,OTHER_DOMAIN_TERM,IPEDS Glossary 2025-26,https://surveys.nces.ed.gov/ipeds/api/downloads/IPEDSGlossary.csv,NCES/IPEDS,true,LOW,Derived mechanically from source-attested form “Medical schools and medical centers (Carnegie)” (parenthetical-label-stripped); not independently source-attested as a standalone term.
Medical schools and medical centers (Carnegie),medical schools and medical centers carnegie,OTHER_DOMAIN_TERM,IPEDS Glossary 2025-26,https://surveys.nces.ed.gov/ipeds/api/downloads/IPEDSGlossary.csv,NCES/IPEDS,false,LOW,"Source-attested IPEDS glossary term. Related item: Carnegie Classification,Specialized institutions (Carnegie)"
Mid Term Mark,mid term mark,ACADEMIC_CONCEPT,Common Education Data Standards (CEDS) Version 13 — Postsecondary domain,https://ceds.ed.gov/cedselementdetails.aspx?termid=26183,NCES/CEDS,false,MEDIUM,Source-attested CEDS postsecondary element; entity=Course Section; category=Enrollment->Student Course Section Mark
Middle Name,middle name,OTHER_DOMAIN_TERM,Common Education Data Standards (CEDS) Version 13 — Postsecondary domain,https://ceds.ed.gov/cedselementdetails.aspx?termid=26184,NCES/CEDS,false,LOW,Source-attested CEDS postsecondary element; entity=Organization; category=Contact->Name
Migrant Status,migrant status,OTHER_DOMAIN_TERM,Common Education Data Standards (CEDS) Version 13 — Postsecondary domain,https://ceds.ed.gov/cedselementdetails.aspx?termid=26189,NCES/CEDS,false,MEDIUM,Source-attested CEDS postsecondary element; entity=PS Student; category=Migrant
Migration,migration,OTHER_DOMAIN_TERM,IPEDS Glossary 2025-26,https://surveys.nces.ed.gov/ipeds/api/downloads/IPEDSGlossary.csv,NCES/IPEDS,true,HIGH,Derived mechanically from source-attested form “Migration (data)” (parenthetical-label-stripped); not independently source-attested as a standalone term.
Migration (data),migration data,OTHER_DOMAIN_TERM,IPEDS Glossary 2025-26,https://surveys.nces.ed.gov/ipeds/api/downloads/IPEDSGlossary.csv,NCES/IPEDS,false,LOW,Source-attested IPEDS glossary term.
Migration (students),migration students,OTHER_DOMAIN_TERM,IPEDS Glossary 2025-26,https://surveys.nces.ed.gov/ipeds/api/downloads/IPEDSGlossary.csv,NCES/IPEDS,false,LOW,Source-attested IPEDS glossary term.
Military Branch,military branch,OTHER_DOMAIN_TERM,Common Education Data Standards (CEDS) Version 13 — Postsecondary domain,https://ceds.ed.gov/cedselementdetails.aspx?termid=27621,NCES/CEDS,false,LOW,Source-attested CEDS postsecondary element; entity=PS Student; category=Demographic
Military Campaigns,military campaigns,OTHER_DOMAIN_TERM,Common Education Data Standards (CEDS) Version 13 — Postsecondary domain,https://ceds.ed.gov/cedselementdetails.aspx?termid=28047,NCES/CEDS,false,LOW,Source-attested CEDS postsecondary element; entity=PS Student; category=Military
Military Connected Student Indicator,military connected student indicator,ROLE,Common Education Data Standards (CEDS) Version 13 — Postsecondary domain,https://ceds.ed.gov/cedselementdetails.aspx?termid=27555,NCES/CEDS,false,LOW,Source-attested CEDS postsecondary element; entity=PS Student; category=Status
Military Country,military country,OTHER_DOMAIN_TERM,Common Education Data Standards (CEDS) Version 13 — Postsecondary domain,https://ceds.ed.gov/cedselementdetails.aspx?termid=28048,NCES/CEDS,false,LOW,Source-attested CEDS postsecondary element; entity=PS Student; category=Military
Military Current Rank,military current rank,OTHER_DOMAIN_TERM,Common Education Data Standards (CEDS) Version 13 — Postsecondary domain,https://ceds.ed.gov/cedselementdetails.aspx?termid=28049,NCES/CEDS,false,LOW,Source-attested CEDS postsecondary element; entity=PS Student; category=Military
Military Deployment Activity Code,military deployment activity code,DOCUMENT_SYSTEM,Common Education Data Standards (CEDS) Version 13 — Postsecondary domain,https://ceds.ed.gov/cedselementdetails.aspx?termid=28050,NCES/CEDS,false,LOW,Source-attested CEDS postsecondary element; entity=PS Student; category=Military
Military Deployment Activity Name,military deployment activity name,OTHER_DOMAIN_TERM,Common Education Data Standards (CEDS) Version 13 — Postsecondary domain,https://ceds.ed.gov/cedselementdetails.aspx?termid=28051,NCES/CEDS,false,LOW,Source-attested CEDS postsecondary element; entity=PS Student; category=Military
Military Deployment Description,military deployment description,OTHER_DOMAIN_TERM,Common Education Data Standards (CEDS) Version 13 — Postsecondary domain,https://ceds.ed.gov/cedselementdetails.aspx?termid=28052,NCES/CEDS,false,LOW,Source-attested CEDS postsecondary element; entity=PS Student; category=Military
Military Deployment End Date,military deployment end date,OTHER_DOMAIN_TERM,Common Education Data Standards (CEDS) Version 13 — Postsecondary domain,https://ceds.ed.gov/cedselementdetails.aspx?termid=28053,NCES/CEDS,false,LOW,Source-attested CEDS postsecondary element; entity=PS Student; category=Military
Military Deployment Order Description,military deployment order description,OTHER_DOMAIN_TERM,Common Education Data Standards (CEDS) Version 13 — Postsecondary domain,https://ceds.ed.gov/cedselementdetails.aspx?termid=28054,NCES/CEDS,false,LOW,Source-attested CEDS postsecondary element; entity=PS Student; category=Military
Military Deployment Requested By,military deployment requested by,OTHER_DOMAIN_TERM,Common Education Data Standards (CEDS) Version 13 — Postsecondary domain,https://ceds.ed.gov/cedselementdetails.aspx?termid=28055,NCES/CEDS,false,LOW,Source-attested CEDS postsecondary element; entity=PS Student; category=Military
Military Deployment Start Date,military deployment start date,OTHER_DOMAIN_TERM,Common Education Data Standards (CEDS) Version 13 — Postsecondary domain,https://ceds.ed.gov/cedselementdetails.aspx?termid=28056,NCES/CEDS,false,LOW,Source-attested CEDS postsecondary element; entity=PS Student; category=Military
Military Deployment Status Code,military deployment status code,DOCUMENT_SYSTEM,Common Education Data Standards (CEDS) Version 13 — Postsecondary domain,https://ceds.ed.gov/cedselementdetails.aspx?termid=28057,NCES/CEDS,false,LOW,Source-attested CEDS postsecondary element; entity=PS Student; category=Military
Military Discharge Category,military discharge category,OTHER_DOMAIN_TERM,Common Education Data Standards (CEDS) Version 13 — Postsecondary domain,https://ceds.ed.gov/cedselementdetails.aspx?termid=28058,NCES/CEDS,false,LOW,Source-attested CEDS postsecondary element; entity=PS Student; category=Military
Military Discharge Date,military discharge date,OTHER_DOMAIN_TERM,Common Education Data Standards (CEDS) Version 13 — Postsecondary domain,https://ceds.ed.gov/cedselementdetails.aspx?termid=28059,NCES/CEDS,false,LOW,Source-attested CEDS postsecondary element; entity=PS Student; category=Military
Military Discharge Rank,military discharge rank,OTHER_DOMAIN_TERM,Common Education Data Standards (CEDS) Version 13 — Postsecondary domain,https://ceds.ed.gov/cedselementdetails.aspx?termid=28060,NCES/CEDS,false,LOW,Source-attested CEDS postsecondary element; entity=PS Student; category=Military
Military Duties,military duties,OTHER_DOMAIN_TERM,Common Education Data Standards (CEDS) Version 13 — Postsecondary domain,https://ceds.ed.gov/cedselementdetails.aspx?termid=28061,NCES/CEDS,false,LOW,Source-attested CEDS postsecondary element; entity=PS Student; category=Military
Military Expertise,military expertise,OTHER_DOMAIN_TERM,Common Education Data Standards (CEDS) Version 13 — Postsecondary domain,https://ceds.ed.gov/cedselementdetails.aspx?termid=28062,NCES/CEDS,false,LOW,Source-attested CEDS postsecondary element; entity=PS Student; category=Military
Military Highest Rank,military highest rank,OTHER_DOMAIN_TERM,Common Education Data Standards (CEDS) Version 13 — Postsecondary domain,https://ceds.ed.gov/cedselementdetails.aspx?termid=28063,NCES/CEDS,false,LOW,Source-attested CEDS postsecondary element; entity=PS Student; category=Military
Military Honors,military honors,ACADEMIC_CONCEPT,Common Education Data Standards (CEDS) Version 13 — Postsecondary domain,https://ceds.ed.gov/cedselementdetails.aspx?termid=28064,NCES/CEDS,false,LOW,Source-attested CEDS postsecondary element; entity=PS Student; category=Military
Military Induction Date,military induction date,OTHER_DOMAIN_TERM,Common Education Data Standards (CEDS) Version 13 — Postsecondary domain,https://ceds.ed.gov/cedselementdetails.aspx?termid=28065,NCES/CEDS,false,LOW,Source-attested CEDS postsecondary element; entity=PS Student; category=Military
Military Induction Rank,military induction rank,OTHER_DOMAIN_TERM,Common Education Data Standards (CEDS) Version 13 — Postsecondary domain,https://ceds.ed.gov/cedselementdetails.aspx?termid=28066,NCES/CEDS,false,LOW,Source-attested CEDS postsecondary element; entity=PS Student; category=Military
Military installations,military installations,OTHER_DOMAIN_TERM,IPEDS Glossary 2025-26,https://surveys.nces.ed.gov/ipeds/api/downloads/IPEDSGlossary.csv,NCES/IPEDS,false,LOW,Source-attested IPEDS glossary term.
Military Occupational Specialties,military occupational specialties,OTHER_DOMAIN_TERM,Common Education Data Standards (CEDS) Version 13 — Postsecondary domain,https://ceds.ed.gov/cedselementdetails.aspx?termid=28067,NCES/CEDS,false,LOW,Source-attested CEDS postsecondary element; entity=PS Student; category=Military
Military Release Date,military release date,OTHER_DOMAIN_TERM,Common Education Data Standards (CEDS) Version 13 — Postsecondary domain,https://ceds.ed.gov/cedselementdetails.aspx?termid=28068,NCES/CEDS,false,LOW,Source-attested CEDS postsecondary element; entity=PS Student; category=Military
Military Service Locations,military service locations,OTHER_DOMAIN_TERM,Common Education Data Standards (CEDS) Version 13 — Postsecondary domain,https://ceds.ed.gov/cedselementdetails.aspx?termid=28069,NCES/CEDS,false,LOW,Source-attested CEDS postsecondary element; entity=PS Student; category=Military
Military Service Number,military service number,OTHER_DOMAIN_TERM,Common Education Data Standards (CEDS) Version 13 — Postsecondary domain,https://ceds.ed.gov/cedselementdetails.aspx?termid=28070,NCES/CEDS,false,LOW,Source-attested CEDS postsecondary element; entity=PS Student; category=Military
Military Tuition Assistance (TAP) Program,military tuition assistance tap program,ACADEMIC_CONCEPT,IPEDS Glossary 2025-26,https://surveys.nces.ed.gov/ipeds/api/downloads/IPEDSGlossary.csv,NCES/IPEDS,false,MEDIUM,Source-attested IPEDS glossary term.
Military Veteran Status Indicator,military veteran status indicator,OTHER_DOMAIN_TERM,Common Education Data Standards (CEDS) Version 13 — Postsecondary domain,https://ceds.ed.gov/cedselementdetails.aspx?termid=27557,NCES/CEDS,false,LOW,Source-attested CEDS postsecondary element; entity=PS Student; category=Military
Minor,minor,ACADEMIC_CONCEPT,UT Austin Office of the Registrar Glossary of Catalog Terminology,https://registrar.utexas.edu/catalogs/glossary,Public institutional catalog/registrar glossary,false,HIGH,Source-attested term; included to strengthen operational coverage outside the federal IPEDS/CEDS backbone.
Most Prevalent Level of Institution,most prevalent level of institution,ORGANIZATION,Common Education Data Standards (CEDS) Version 13 — Postsecondary domain,https://ceds.ed.gov/cedselementdetails.aspx?termid=28071,NCES/CEDS,false,LOW,Source-attested CEDS postsecondary element; entity=PS Institution; category=Institution Characteristics
MPN,mpn,ACADEMIC_CONCEPT,Federal Student Aid Handbook Glossary,https://fsapartners.ed.gov/knowledge-center/fsa-handbook/glossary,Federal Student Aid glossary,true,MEDIUM,Derived mechanically from source-attested form “Master Promissory Note (MPN)” (parenthetical-code-extracted); not independently source-attested as a standalone term.
Multi-year contract or employment agreement,multi year contract or employment agreement,DOCUMENT_SYSTEM,IPEDS Glossary 2025-26,https://surveys.nces.ed.gov/ipeds/api/downloads/IPEDSGlossary.csv,NCES/IPEDS,false,LOW,Source-attested IPEDS glossary term.
Multi-year or continuing or at-will contract or employment agreement (old definition),multi year or continuing or at will contract or employment agreement old definition,DOCUMENT_SYSTEM,IPEDS Glossary 2025-26,https://surveys.nces.ed.gov/ipeds/api/downloads/IPEDSGlossary.csv,NCES/IPEDS,false,LOW,Source-attested IPEDS glossary term.
Name of Institution,name of institution,ORGANIZATION,Common Education Data Standards (CEDS) Version 13 — Postsecondary domain,https://ceds.ed.gov/cedselementdetails.aspx?termid=26191,NCES/CEDS,false,LOW,Source-attested CEDS postsecondary element; entity=PS Institution; category=Directory
National Center for Education Statistics,national center for education statistics,ORGANIZATION,IPEDS Glossary 2025-26,https://surveys.nces.ed.gov/ipeds/api/downloads/IPEDSGlossary.csv,NCES/IPEDS,true,LOW,Derived mechanically from source-attested form “National Center for Education Statistics (NCES)” (parenthetical-label-stripped); not independently source-attested as a standalone term.
National Center for Education Statistics (NCES),national center for education statistics nces,ORGANIZATION,IPEDS Glossary 2025-26,https://surveys.nces.ed.gov/ipeds/api/downloads/IPEDSGlossary.csv,NCES/IPEDS,false,MEDIUM,Source-attested IPEDS glossary term.
National Guard Indicator,national guard indicator,OTHER_DOMAIN_TERM,Common Education Data Standards (CEDS) Version 13 — Postsecondary domain,https://ceds.ed.gov/cedselementdetails.aspx?termid=28072,NCES/CEDS,false,LOW,Source-attested CEDS postsecondary element; entity=PS Student; category=Military
National institutional accreditation,national institutional accreditation,OTHER_DOMAIN_TERM,IPEDS Glossary 2025-26,https://surveys.nces.ed.gov/ipeds/api/downloads/IPEDSGlossary.csv,NCES/IPEDS,false,LOW,Source-attested IPEDS glossary term.
National Student Loan Data System,national student loan data system,ROLE,Federal Student Aid Handbook Glossary,https://fsapartners.ed.gov/knowledge-center/fsa-handbook/glossary,Federal Student Aid glossary,true,LOW,Derived mechanically from source-attested form “National Student Loan Data System (NSLDS)” (parenthetical-label-stripped); not independently source-attested as a standalone term.
National Student Loan Data System (NSLDS),national student loan data system nslds,ROLE,Federal Student Aid Handbook Glossary,https://fsapartners.ed.gov/knowledge-center/fsa-handbook/glossary,Federal Student Aid glossary,false,MEDIUM,Source-attested term; included to strengthen operational coverage outside the federal IPEDS/CEDS backbone.
Native Hawaiian or Other Pacific Islander,native hawaiian or other pacific islander,OTHER_DOMAIN_TERM,Common Education Data Standards (CEDS) Version 13 — Postsecondary domain,https://ceds.ed.gov/cedselementdetails.aspx?termid=26658,NCES/CEDS,false,LOW,Source-attested CEDS postsecondary element; entity=PS Student; category=Demographic
Native Hawaiian or Other Pacific Islander,native hawaiian or other pacific islander,OTHER_DOMAIN_TERM,IPEDS Glossary 2025-26,https://surveys.nces.ed.gov/ipeds/api/downloads/IPEDSGlossary.csv,NCES/IPEDS,false,LOW,Source-attested IPEDS glossary term.
Natural Expense,natural expense,OTHER_DOMAIN_TERM,IPEDS Glossary 2025-26,https://surveys.nces.ed.gov/ipeds/api/downloads/IPEDSGlossary.csv,NCES/IPEDS,false,LOW,Source-attested IPEDS glossary term.
"Natural Resources, Construction, and Maintenance Occupations",natural resources construction and maintenance occupations,ACADEMIC_CONCEPT,IPEDS Glossary 2025-26,https://surveys.nces.ed.gov/ipeds/api/downloads/IPEDSGlossary.csv,NCES/IPEDS,false,LOW,Source-attested IPEDS glossary term.
NCES,nces,ORGANIZATION,IPEDS Glossary 2025-26,https://surveys.nces.ed.gov/ipeds/api/downloads/IPEDSGlossary.csv,NCES/IPEDS,true,MEDIUM,Derived mechanically from source-attested form “National Center for Education Statistics (NCES)” (parenthetical-code-extracted); not independently source-attested as a standalone term.
NCES College Course Map Code,nces college course map code,ORGANIZATION,Common Education Data Standards (CEDS) Version 13 — Postsecondary domain,https://ceds.ed.gov/cedselementdetails.aspx?termid=27383,NCES/CEDS,false,MEDIUM,Source-attested CEDS postsecondary element; entity=Course Section; category=Course
NDGCS,ndgcs,ROLE,IPEDS Glossary 2025-26,https://surveys.nces.ed.gov/ipeds/api/downloads/IPEDSGlossary.csv,NCES/IPEDS,true,MEDIUM,Derived mechanically from source-attested form “Non-degree/non-certificate-seeking student (NDGCS)” (parenthetical-code-extracted); not independently source-attested as a standalone term.
Net Assets,net assets,ACADEMIC_CONCEPT,IPEDS Glossary 2025-26,https://surveys.nces.ed.gov/ipeds/api/downloads/IPEDSGlossary.csv,NCES/IPEDS,false,LOW,Source-attested IPEDS glossary term.
Net deferred tax asset,net deferred tax asset,OTHER_DOMAIN_TERM,IPEDS Glossary 2025-26,https://surveys.nces.ed.gov/ipeds/api/downloads/IPEDSGlossary.csv,NCES/IPEDS,false,LOW,Source-attested IPEDS glossary term.
Net deferred tax liability,net deferred tax liability,OTHER_DOMAIN_TERM,IPEDS Glossary 2025-26,https://surveys.nces.ed.gov/ipeds/api/downloads/IPEDSGlossary.csv,NCES/IPEDS,false,LOW,Source-attested IPEDS glossary term.
Net grant aid to students,net grant aid to students,OTHER_DOMAIN_TERM,IPEDS Glossary 2025-26,https://surveys.nces.ed.gov/ipeds/api/downloads/IPEDSGlossary.csv,NCES/IPEDS,true,LOW,Derived mechanically from source-attested form “Net grant aid to students (expenses)” (parenthetical-label-stripped); not independently source-attested as a standalone term.
Net grant aid to students (expenses),net grant aid to students expenses,OTHER_DOMAIN_TERM,IPEDS Glossary 2025-26,https://surveys.nces.ed.gov/ipeds/api/downloads/IPEDSGlossary.csv,NCES/IPEDS,false,LOW,Source-attested IPEDS glossary term.
Net income,net income,OTHER_DOMAIN_TERM,IPEDS Glossary 2025-26,https://surveys.nces.ed.gov/ipeds/api/downloads/IPEDSGlossary.csv,NCES/IPEDS,false,LOW,Source-attested IPEDS glossary term.
Net loss,net loss,OTHER_DOMAIN_TERM,IPEDS Glossary 2025-26,https://surveys.nces.ed.gov/ipeds/api/downloads/IPEDSGlossary.csv,NCES/IPEDS,false,LOW,Source-attested IPEDS glossary term.
Net position,net position,ACADEMIC_CONCEPT,IPEDS Glossary 2025-26,https://surveys.nces.ed.gov/ipeds/api/downloads/IPEDSGlossary.csv,NCES/IPEDS,false,LOW,Source-attested IPEDS glossary term.
Net price,net price,OTHER_DOMAIN_TERM,IPEDS Glossary 2025-26,https://surveys.nces.ed.gov/ipeds/api/downloads/IPEDSGlossary.csv,NCES/IPEDS,false,LOW,Source-attested IPEDS glossary term. Related item: Average Net price (ANP)
New hires,new hires,OTHER_DOMAIN_TERM,IPEDS Glossary 2025-26,https://surveys.nces.ed.gov/ipeds/api/downloads/IPEDSGlossary.csv,NCES/IPEDS,false,LOW,Source-attested IPEDS glossary term.
Non-coursework Requirement,non coursework requirement,OTHER_DOMAIN_TERM,UT Austin Office of the Registrar Glossary of Catalog Terminology,https://registrar.utexas.edu/catalogs/glossary,Public institutional catalog/registrar glossary,false,LOW,Source-attested term; included to strengthen operational coverage outside the federal IPEDS/CEDS backbone.
Non-degree/non-certificate-seeking student,non degree non certificate seeking student,ROLE,IPEDS Glossary 2025-26,https://surveys.nces.ed.gov/ipeds/api/downloads/IPEDSGlossary.csv,NCES/IPEDS,true,LOW,Derived mechanically from source-attested form “Non-degree/non-certificate-seeking student (NDGCS)” (parenthetical-label-stripped); not independently source-attested as a standalone term.
Non-degree/non-certificate-seeking student (NDGCS),non degree non certificate seeking student ndgcs,ROLE,IPEDS Glossary 2025-26,https://surveys.nces.ed.gov/ipeds/api/downloads/IPEDSGlossary.csv,NCES/IPEDS,false,MEDIUM,Source-attested IPEDS glossary term.
Non E & G current funds expenditures,non e and g current funds expenditures,OTHER_DOMAIN_TERM,IPEDS Glossary 2025-26,https://surveys.nces.ed.gov/ipeds/api/downloads/IPEDSGlossary.csv,NCES/IPEDS,false,LOW,Source-attested IPEDS glossary term.
Non-first-time student,non first time student,ROLE,IPEDS Glossary 2025-26,https://surveys.nces.ed.gov/ipeds/api/downloads/IPEDSGlossary.csv,NCES/IPEDS,true,LOW,Derived mechanically from source-attested form “Non-first-time student (undergraduate)” (parenthetical-label-stripped); not independently source-attested as a standalone term.
Non-first-time student (undergraduate),non first time student undergraduate,ROLE,IPEDS Glossary 2025-26,https://surveys.nces.ed.gov/ipeds/api/downloads/IPEDSGlossary.csv,NCES/IPEDS,false,LOW,Source-attested IPEDS glossary term.
Non-medical school staff,non medical school staff,ROLE,IPEDS Glossary 2025-26,https://surveys.nces.ed.gov/ipeds/api/downloads/IPEDSGlossary.csv,NCES/IPEDS,false,LOW,Source-attested IPEDS glossary term.
Noncredit contract training,noncredit contract training,OTHER_DOMAIN_TERM,IPEDS Glossary 2025-26,https://surveys.nces.ed.gov/ipeds/api/downloads/IPEDSGlossary.csv,NCES/IPEDS,false,LOW,Source-attested IPEDS glossary term.
Noncredit course,noncredit course,ACADEMIC_CONCEPT,IPEDS Glossary 2025-26,https://surveys.nces.ed.gov/ipeds/api/downloads/IPEDSGlossary.csv,NCES/IPEDS,false,MEDIUM,Source-attested IPEDS glossary term.
Noncredit customized training,noncredit customized training,OTHER_DOMAIN_TERM,IPEDS Glossary 2025-26,https://surveys.nces.ed.gov/ipeds/api/downloads/IPEDSGlossary.csv,NCES/IPEDS,false,LOW,Source-attested IPEDS glossary term.
Noncredit education,noncredit education,ACADEMIC_CONCEPT,IPEDS Glossary 2025-26,https://surveys.nces.ed.gov/ipeds/api/downloads/IPEDSGlossary.csv,NCES/IPEDS,false,LOW,Source-attested IPEDS glossary term.
Noncredit workforce education,noncredit workforce education,ACADEMIC_CONCEPT,IPEDS Glossary 2025-26,https://surveys.nces.ed.gov/ipeds/api/downloads/IPEDSGlossary.csv,NCES/IPEDS,false,LOW,Source-attested IPEDS glossary term.
Noncurrent assets,noncurrent assets,ACADEMIC_CONCEPT,IPEDS Glossary 2025-26,https://surveys.nces.ed.gov/ipeds/api/downloads/IPEDSGlossary.csv,NCES/IPEDS,false,LOW,Source-attested IPEDS glossary term.
Noncurrent liabilities,noncurrent liabilities,ACADEMIC_CONCEPT,IPEDS Glossary 2025-26,https://surveys.nces.ed.gov/ipeds/api/downloads/IPEDSGlossary.csv,NCES/IPEDS,false,LOW,Source-attested IPEDS glossary term.
Nonmandatory transfers,nonmandatory transfers,OTHER_DOMAIN_TERM,IPEDS Glossary 2025-26,https://surveys.nces.ed.gov/ipeds/api/downloads/IPEDSGlossary.csv,NCES/IPEDS,false,LOW,Source-attested IPEDS glossary term.
Nonoperating,nonoperating,OTHER_DOMAIN_TERM,IPEDS Glossary 2025-26,https://surveys.nces.ed.gov/ipeds/api/downloads/IPEDSGlossary.csv,NCES/IPEDS,false,HIGH,Source-attested IPEDS glossary term.
Nonstandard term,nonstandard term,ACADEMIC_CONCEPT,IPEDS Glossary 2025-26,https://surveys.nces.ed.gov/ipeds/api/downloads/IPEDSGlossary.csv,NCES/IPEDS,false,MEDIUM,Source-attested IPEDS glossary term.
Nonterm program,nonterm program,ACADEMIC_CONCEPT,IPEDS Glossary 2025-26,https://surveys.nces.ed.gov/ipeds/api/downloads/IPEDSGlossary.csv,NCES/IPEDS,false,MEDIUM,Source-attested IPEDS glossary term.
Normal Length of Time for Completion,normal length of time for completion,PROCESS_EVENT,Common Education Data Standards (CEDS) Version 13 — Postsecondary domain,https://ceds.ed.gov/cedselementdetails.aspx?termid=26197,NCES/CEDS,false,LOW,Source-attested CEDS postsecondary element; entity=PS Institution; category=Program
Normal Length of Time for Completion Units,normal length of time for completion units,PROCESS_EVENT,Common Education Data Standards (CEDS) Version 13 — Postsecondary domain,https://ceds.ed.gov/cedselementdetails.aspx?termid=26198,NCES/CEDS,false,LOW,Source-attested CEDS postsecondary element; entity=PS Institution; category=Program
Normal time to completion,normal time to completion,PROCESS_EVENT,IPEDS Glossary 2025-26,https://surveys.nces.ed.gov/ipeds/api/downloads/IPEDSGlossary.csv,NCES/IPEDS,false,LOW,Source-attested IPEDS glossary term.
Not on tenure track,not on tenure track,OTHER_DOMAIN_TERM,IPEDS Glossary 2025-26,https://surveys.nces.ed.gov/ipeds/api/downloads/IPEDSGlossary.csv,NCES/IPEDS,false,LOW,Source-attested IPEDS glossary term. Related item: Tenure track
NSLDS,nslds,ROLE,Federal Student Aid Handbook Glossary,https://fsapartners.ed.gov/knowledge-center/fsa-handbook/glossary,Federal Student Aid glossary,true,MEDIUM,Derived mechanically from source-attested form “National Student Loan Data System (NSLDS)” (parenthetical-code-extracted); not independently source-attested as a standalone term.
Number of Credits Attempted,number of credits attempted,ACADEMIC_CONCEPT,Common Education Data Standards (CEDS) Version 13 — Postsecondary domain,https://ceds.ed.gov/cedselementdetails.aspx?termid=26199,NCES/CEDS,false,LOW,Source-attested CEDS postsecondary element; entity=PS Student; category=Academic Record
Number of Credits Earned,number of credits earned,ACADEMIC_CONCEPT,Common Education Data Standards (CEDS) Version 13 — Postsecondary domain,https://ceds.ed.gov/cedselementdetails.aspx?termid=26200,NCES/CEDS,false,LOW,Source-attested CEDS postsecondary element; entity=PS Student; category=Academic Record
Number of Days Absent,number of days absent,ACADEMIC_CONCEPT,Common Education Data Standards (CEDS) Version 13 — Postsecondary domain,https://ceds.ed.gov/cedselementdetails.aspx?termid=26201,NCES/CEDS,false,LOW,Source-attested CEDS postsecondary element; entity=PS Staff; category=Attendance
Number of Dependents,number of dependents,OTHER_DOMAIN_TERM,Common Education Data Standards (CEDS) Version 13 — Postsecondary domain,https://ceds.ed.gov/cedselementdetails.aspx?termid=27384,NCES/CEDS,false,LOW,Source-attested CEDS postsecondary element; entity=PS Student; category=Demographic
Number of Dependents Type,number of dependents type,OTHER_DOMAIN_TERM,Common Education Data Standards (CEDS) Version 13 — Postsecondary domain,https://ceds.ed.gov/cedselementdetails.aspx?termid=27949,NCES/CEDS,false,LOW,Source-attested CEDS postsecondary element; entity=PS Student; category=Demographic
Number of Household College Students,number of household college students,ORGANIZATION,Common Education Data Standards (CEDS) Version 13 — Postsecondary domain,https://ceds.ed.gov/cedselementdetails.aspx?termid=27950,NCES/CEDS,false,LOW,Source-attested CEDS postsecondary element; entity=PS Student; category=Family/Household Information
Number of People in Household,number of people in household,OTHER_DOMAIN_TERM,Common Education Data Standards (CEDS) Version 13 — Postsecondary domain,https://ceds.ed.gov/cedselementdetails.aspx?termid=26330,NCES/CEDS,false,LOW,Source-attested CEDS postsecondary element; entity=PS Student; category=Family/Household Information
Number of School-age Education Postsecondary Credit Hours,number of school age education postsecondary credit hours,ORGANIZATION,Common Education Data Standards (CEDS) Version 13 — Postsecondary domain,https://ceds.ed.gov/cedselementdetails.aspx?termid=26815,NCES/CEDS,false,LOW,Source-attested CEDS postsecondary element; entity=PS Student; category=Teacher Education/Preparation
Occupational program,occupational program,ACADEMIC_CONCEPT,IPEDS Glossary 2025-26,https://surveys.nces.ed.gov/ipeds/api/downloads/IPEDSGlossary.csv,NCES/IPEDS,false,MEDIUM,Source-attested IPEDS glossary term.
Occupationally specific program,occupationally specific program,ACADEMIC_CONCEPT,IPEDS Glossary 2025-26,https://surveys.nces.ed.gov/ipeds/api/downloads/IPEDSGlossary.csv,NCES/IPEDS,false,LOW,Source-attested IPEDS glossary term.
Off-campus centers (extension centers),off campus centers extension centers,ORGANIZATION,IPEDS Glossary 2025-26,https://surveys.nces.ed.gov/ipeds/api/downloads/IPEDSGlossary.csv,NCES/IPEDS,false,LOW,Source-attested IPEDS glossary term.
Off-campus facility,off campus facility,ORGANIZATION,IPEDS Glossary 2025-26,https://surveys.nces.ed.gov/ipeds/api/downloads/IPEDSGlossary.csv,NCES/IPEDS,false,LOW,Source-attested IPEDS glossary term.
Off-campus housing,off campus housing,ORGANIZATION,IPEDS Glossary 2025-26,https://surveys.nces.ed.gov/ipeds/api/downloads/IPEDSGlossary.csv,NCES/IPEDS,false,LOW,Source-attested IPEDS glossary term.
Off-campus (not with family),off campus not with family,ORGANIZATION,IPEDS Glossary 2025-26,https://surveys.nces.ed.gov/ipeds/api/downloads/IPEDSGlossary.csv,NCES/IPEDS,false,LOW,Source-attested IPEDS glossary term.
Off-campus (with family),off campus with family,ORGANIZATION,IPEDS Glossary 2025-26,https://surveys.nces.ed.gov/ipeds/api/downloads/IPEDSGlossary.csv,NCES/IPEDS,false,LOW,Source-attested IPEDS glossary term.
Office and Administrative Support Occupations,office and administrative support occupations,ORGANIZATION,IPEDS Glossary 2025-26,https://surveys.nces.ed.gov/ipeds/api/downloads/IPEDSGlossary.csv,NCES/IPEDS,false,LOW,Source-attested IPEDS glossary term.
Office of Postsecondary Education Identifier,office of postsecondary education identifier,ORGANIZATION,Common Education Data Standards (CEDS) Version 13 — Postsecondary domain,https://ceds.ed.gov/cedselementdetails.aspx?termid=26203,NCES/CEDS,false,LOW,Source-attested CEDS postsecondary element; entity=PS Institution; category=Directory
Official Branch,official branch,OTHER_DOMAIN_TERM,National Student Clearinghouse Compliance Central Glossary,https://help.studentclearinghouse.org/compliancecentral/knowledge-base/glossary/,Sector enrollment reporting glossary,false,LOW,Source-attested term; included to strengthen operational coverage outside the federal IPEDS/CEDS backbone.
Official Church Mission,official church mission,OTHER_DOMAIN_TERM,IPEDS Glossary 2025-26,https://surveys.nces.ed.gov/ipeds/api/downloads/IPEDSGlossary.csv,NCES/IPEDS,false,LOW,Source-attested IPEDS glossary term.
Official fall reporting date,official fall reporting date,PROCESS_EVENT,IPEDS Glossary 2025-26,https://surveys.nces.ed.gov/ipeds/api/downloads/IPEDSGlossary.csv,NCES/IPEDS,false,LOW,Source-attested IPEDS glossary term.
Officially Registered,officially registered,OTHER_DOMAIN_TERM,UC Berkeley Office of the Registrar Enrollment Glossary,https://registrar.berkeley.edu/enrollment/glossary/,Public institutional registrar glossary,false,LOW,Source-attested term; included to strengthen operational coverage outside the federal IPEDS/CEDS backbone.
OM,om,ACADEMIC_CONCEPT,IPEDS Glossary 2025-26,https://surveys.nces.ed.gov/ipeds/api/downloads/IPEDSGlossary.csv,NCES/IPEDS,true,MEDIUM,Derived mechanically from source-attested form “Outcome Measures (OM)” (parenthetical-code-extracted); not independently source-attested as a standalone term.
On-campus housing,on campus housing,ORGANIZATION,IPEDS Glossary 2025-26,https://surveys.nces.ed.gov/ipeds/api/downloads/IPEDSGlossary.csv,NCES/IPEDS,false,LOW,Source-attested IPEDS glossary term.
OPE ID,ope id,ACADEMIC_CONCEPT,IPEDS Glossary 2025-26,https://surveys.nces.ed.gov/ipeds/api/downloads/IPEDSGlossary.csv,NCES/IPEDS,false,MEDIUM,Source-attested IPEDS glossary term.
Open admission,open admission,PROCESS_EVENT,IPEDS Glossary 2025-26,https://surveys.nces.ed.gov/ipeds/api/downloads/IPEDSGlossary.csv,NCES/IPEDS,false,MEDIUM,Source-attested IPEDS glossary term.
Operating,operating,ACADEMIC_CONCEPT,IPEDS Glossary 2025-26,https://surveys.nces.ed.gov/ipeds/api/downloads/IPEDSGlossary.csv,NCES/IPEDS,false,HIGH,Source-attested IPEDS glossary term.
Operation and maintenance of plant (GASB form prior to FY2010),operation and maintenance of plant gasb form prior to fy2010,DOCUMENT_SYSTEM,IPEDS Glossary 2025-26,https://surveys.nces.ed.gov/ipeds/api/downloads/IPEDSGlossary.csv,NCES/IPEDS,false,MEDIUM,Source-attested IPEDS glossary term.
Operation and maintenance of plant (O&M),operation and maintenance of plant o and m,OTHER_DOMAIN_TERM,IPEDS Glossary 2025-26,https://surveys.nces.ed.gov/ipeds/api/downloads/IPEDSGlossary.csv,NCES/IPEDS,false,LOW,Source-attested IPEDS glossary term.
Operational Status Effective Date,operational status effective date,OTHER_DOMAIN_TERM,Common Education Data Standards (CEDS) Version 13 — Postsecondary domain,https://ceds.ed.gov/cedselementdetails.aspx?termid=26525,NCES/CEDS,false,LOW,Source-attested CEDS postsecondary element; entity=PS Institution; category=Directory
Option,option,OTHER_DOMAIN_TERM,UT Austin Office of the Registrar Glossary of Catalog Terminology,https://registrar.utexas.edu/catalogs/glossary,Public institutional catalog/registrar glossary,false,HIGH,Source-attested term; included to strengthen operational coverage outside the federal IPEDS/CEDS backbone.
Oral Defense Completed Indicator,oral defense completed indicator,ACADEMIC_CONCEPT,Common Education Data Standards (CEDS) Version 13 — Postsecondary domain,https://ceds.ed.gov/cedselementdetails.aspx?termid=27385,NCES/CEDS,false,LOW,Source-attested CEDS postsecondary element; entity=PS Student; category=Graduate Student
Oral Defense Date,oral defense date,OTHER_DOMAIN_TERM,Common Education Data Standards (CEDS) Version 13 — Postsecondary domain,https://ceds.ed.gov/cedselementdetails.aspx?termid=27386,NCES/CEDS,false,LOW,Source-attested CEDS postsecondary element; entity=PS Student; category=Graduate Student
Organization Identification System,organization identification system,DOCUMENT_SYSTEM,Common Education Data Standards (CEDS) Version 13 — Postsecondary domain,https://ceds.ed.gov/cedselementdetails.aspx?termid=26827,NCES/CEDS,false,LOW,Source-attested CEDS postsecondary element; entity=Organization; category=Identification
Organization Identifier,organization identifier,DOCUMENT_SYSTEM,Common Education Data Standards (CEDS) Version 13 — Postsecondary domain,https://ceds.ed.gov/cedselementdetails.aspx?termid=26825,NCES/CEDS,false,LOW,Source-attested CEDS postsecondary element; entity=Organization; category=Identification
Organization Image URL,organization image url,OTHER_DOMAIN_TERM,Common Education Data Standards (CEDS) Version 13 — Postsecondary domain,https://ceds.ed.gov/cedselementdetails.aspx?termid=27644,NCES/CEDS,false,MEDIUM,Source-attested CEDS postsecondary element; entity=Organization
Organization Jurisdiction Square Miles,organization jurisdiction square miles,OTHER_DOMAIN_TERM,Common Education Data Standards (CEDS) Version 13 — Postsecondary domain,https://ceds.ed.gov/cedselementdetails.aspx?termid=28074,NCES/CEDS,false,LOW,Source-attested CEDS postsecondary element; entity=Organization; category=Organization Characteristics
Organization Name,organization name,OTHER_DOMAIN_TERM,Common Education Data Standards (CEDS) Version 13 — Postsecondary domain,https://ceds.ed.gov/cedselementdetails.aspx?termid=26204,NCES/CEDS,false,LOW,Source-attested CEDS postsecondary element; entity=Organization; category=Identification
Organization Operational Status,organization operational status,OTHER_DOMAIN_TERM,Common Education Data Standards (CEDS) Version 13 — Postsecondary domain,https://ceds.ed.gov/cedselementdetails.aspx?termid=27387,NCES/CEDS,false,LOW,Source-attested CEDS postsecondary element; entity=Organization
Organization Region GeoJSON,organization region geojson,OTHER_DOMAIN_TERM,Common Education Data Standards (CEDS) Version 13 — Postsecondary domain,https://ceds.ed.gov/cedselementdetails.aspx?termid=27731,NCES/CEDS,false,LOW,Source-attested CEDS postsecondary element; entity=Organization
Organization Relationship Type,organization relationship type,OTHER_DOMAIN_TERM,Common Education Data Standards (CEDS) Version 13 — Postsecondary domain,https://ceds.ed.gov/cedselementdetails.aspx?termid=27886,NCES/CEDS,false,LOW,Source-attested CEDS postsecondary element; entity=Organization; category=Identification
Organization Seeking Accreditation Date,organization seeking accreditation date,OTHER_DOMAIN_TERM,Common Education Data Standards (CEDS) Version 13 — Postsecondary domain,https://ceds.ed.gov/cedselementdetails.aspx?termid=27388,NCES/CEDS,false,LOW,Source-attested CEDS postsecondary element; entity=Organization; category=Organization Accreditation
Organization Type,organization type,OTHER_DOMAIN_TERM,Common Education Data Standards (CEDS) Version 13 — Postsecondary domain,https://ceds.ed.gov/cedselementdetails.aspx?termid=27165,NCES/CEDS,false,LOW,Source-attested CEDS postsecondary element; entity=Organization; category=Identification
Original Course Identifier,original course identifier,DOCUMENT_SYSTEM,Common Education Data Standards (CEDS) Version 13 — Postsecondary domain,https://ceds.ed.gov/cedselementdetails.aspx?termid=27389,NCES/CEDS,false,LOW,Source-attested CEDS postsecondary element; entity=Course Section
Other academic calendar system,other academic calendar system,DOCUMENT_SYSTEM,IPEDS Glossary 2025-26,https://surveys.nces.ed.gov/ipeds/api/downloads/IPEDSGlossary.csv,NCES/IPEDS,false,LOW,Source-attested IPEDS glossary term.
Other administrative,other administrative,ACADEMIC_CONCEPT,IPEDS Glossary 2025-26,https://surveys.nces.ed.gov/ipeds/api/downloads/IPEDSGlossary.csv,NCES/IPEDS,false,LOW,Source-attested IPEDS glossary term.
Other areas,other areas,OTHER_DOMAIN_TERM,IPEDS Glossary 2025-26,https://surveys.nces.ed.gov/ipeds/api/downloads/IPEDSGlossary.csv,NCES/IPEDS,false,LOW,Source-attested IPEDS glossary term.
Other degree/certificate-seeking (DGCS) subcohort,other degree certificate seeking dgcs subcohort,DOCUMENT_SYSTEM,IPEDS Glossary 2025-26,https://surveys.nces.ed.gov/ipeds/api/downloads/IPEDSGlossary.csv,NCES/IPEDS,false,MEDIUM,Source-attested IPEDS glossary term.
Other expenses,other expenses,OTHER_DOMAIN_TERM,IPEDS Glossary 2025-26,https://surveys.nces.ed.gov/ipeds/api/downloads/IPEDSGlossary.csv,NCES/IPEDS,false,LOW,Source-attested IPEDS glossary term.
Other federal grants,other federal grants,ACADEMIC_CONCEPT,IPEDS Glossary 2025-26,https://surveys.nces.ed.gov/ipeds/api/downloads/IPEDSGlossary.csv,NCES/IPEDS,false,LOW,Source-attested IPEDS glossary term.
Other First Name,other first name,OTHER_DOMAIN_TERM,Common Education Data Standards (CEDS) Version 13 — Postsecondary domain,https://ceds.ed.gov/cedselementdetails.aspx?termid=27486,NCES/CEDS,false,LOW,Source-attested CEDS postsecondary element; entity=Organization; category=Contact->Other Name
Other insurance plan (cafeteria plan),other insurance plan cafeteria plan,DOCUMENT_SYSTEM,IPEDS Glossary 2025-26,https://surveys.nces.ed.gov/ipeds/api/downloads/IPEDSGlossary.csv,NCES/IPEDS,false,LOW,Source-attested IPEDS glossary term.
Other Last Name,other last name,OTHER_DOMAIN_TERM,Common Education Data Standards (CEDS) Version 13 — Postsecondary domain,https://ceds.ed.gov/cedselementdetails.aspx?termid=27485,NCES/CEDS,false,LOW,Source-attested CEDS postsecondary element; entity=Organization; category=Contact->Other Name
Other Middle Name,other middle name,OTHER_DOMAIN_TERM,Common Education Data Standards (CEDS) Version 13 — Postsecondary domain,https://ceds.ed.gov/cedselementdetails.aspx?termid=27487,NCES/CEDS,false,LOW,Source-attested CEDS postsecondary element; entity=Organization; category=Contact->Other Name
Other Name,other name,OTHER_DOMAIN_TERM,Common Education Data Standards (CEDS) Version 13 — Postsecondary domain,https://ceds.ed.gov/cedselementdetails.aspx?termid=26206,NCES/CEDS,false,LOW,Source-attested CEDS postsecondary element; entity=Organization; category=Contact->Other Name
Other Name Type,other name type,OTHER_DOMAIN_TERM,Common Education Data Standards (CEDS) Version 13 — Postsecondary domain,https://ceds.ed.gov/cedselementdetails.aspx?termid=26627,NCES/CEDS,false,LOW,Source-attested CEDS postsecondary element; entity=Organization; category=Contact->Other Name
Other Natural Expenses and Deductions,other natural expenses and deductions,OTHER_DOMAIN_TERM,IPEDS Glossary 2025-26,https://surveys.nces.ed.gov/ipeds/api/downloads/IPEDSGlossary.csv,NCES/IPEDS,false,LOW,Source-attested IPEDS glossary term.
Other professional,other professional,ACADEMIC_CONCEPT,IPEDS Glossary 2025-26,https://surveys.nces.ed.gov/ipeds/api/downloads/IPEDSGlossary.csv,NCES/IPEDS,true,LOW,Derived mechanically from source-attested form “Other professional (support/service)” (parenthetical-label-stripped); not independently source-attested as a standalone term.
Other professional (support/service),other professional support service,ACADEMIC_CONCEPT,IPEDS Glossary 2025-26,https://surveys.nces.ed.gov/ipeds/api/downloads/IPEDSGlossary.csv,NCES/IPEDS,false,LOW,Source-attested IPEDS glossary term.
Other separate health profession schools,other separate health profession schools,OTHER_DOMAIN_TERM,IPEDS Glossary 2025-26,https://surveys.nces.ed.gov/ipeds/api/downloads/IPEDSGlossary.csv,NCES/IPEDS,true,LOW,Derived mechanically from source-attested form “Other separate health profession schools (Carnegie)” (parenthetical-label-stripped); not independently source-attested as a standalone term.
Other separate health profession schools (Carnegie),other separate health profession schools carnegie,OTHER_DOMAIN_TERM,IPEDS Glossary 2025-26,https://surveys.nces.ed.gov/ipeds/api/downloads/IPEDSGlossary.csv,NCES/IPEDS,false,LOW,"Source-attested IPEDS glossary term. Related item: Carnegie Classification,Specialized institutions (Carnegie)"
Other sources,other sources,ACADEMIC_CONCEPT,IPEDS Glossary 2025-26,https://surveys.nces.ed.gov/ipeds/api/downloads/IPEDSGlossary.csv,NCES/IPEDS,true,LOW,Derived mechanically from source-attested form “Other sources (revenues)” (parenthetical-label-stripped); not independently source-attested as a standalone term.
Other sources (revenues),other sources revenues,ACADEMIC_CONCEPT,IPEDS Glossary 2025-26,https://surveys.nces.ed.gov/ipeds/api/downloads/IPEDSGlossary.csv,NCES/IPEDS,false,LOW,Source-attested IPEDS glossary term.
Other specialized institutions,other specialized institutions,OTHER_DOMAIN_TERM,IPEDS Glossary 2025-26,https://surveys.nces.ed.gov/ipeds/api/downloads/IPEDSGlossary.csv,NCES/IPEDS,true,LOW,Derived mechanically from source-attested form “Other specialized institutions (Carnegie)” (parenthetical-label-stripped); not independently source-attested as a standalone term.
Other specialized institutions (Carnegie),other specialized institutions carnegie,OTHER_DOMAIN_TERM,IPEDS Glossary 2025-26,https://surveys.nces.ed.gov/ipeds/api/downloads/IPEDSGlossary.csv,NCES/IPEDS,false,LOW,"Source-attested IPEDS glossary term. Related item: Carnegie Classification,Specialized institutions (Carnegie)"
Other specific changes in net assets,other specific changes in net assets,OTHER_DOMAIN_TERM,IPEDS Glossary 2025-26,https://surveys.nces.ed.gov/ipeds/api/downloads/IPEDSGlossary.csv,NCES/IPEDS,false,LOW,Source-attested IPEDS glossary term.
Other Student Expenses,other student expenses,ROLE,Common Education Data Standards (CEDS) Version 13 — Postsecondary domain,https://ceds.ed.gov/cedselementdetails.aspx?termid=26731,NCES/CEDS,false,LOW,Source-attested CEDS postsecondary element; entity=PS Institution; category=IPEDS Reporting
Out-of-state centers,out of state centers,OTHER_DOMAIN_TERM,IPEDS Glossary 2025-26,https://surveys.nces.ed.gov/ipeds/api/downloads/IPEDSGlossary.csv,NCES/IPEDS,false,LOW,Source-attested IPEDS glossary term.
Out-of-state student,out of state student,ROLE,IPEDS Glossary 2025-26,https://surveys.nces.ed.gov/ipeds/api/downloads/IPEDSGlossary.csv,NCES/IPEDS,false,LOW,Source-attested IPEDS glossary term.
Out-of-state tuition,out of state tuition,ACADEMIC_CONCEPT,IPEDS Glossary 2025-26,https://surveys.nces.ed.gov/ipeds/api/downloads/IPEDSGlossary.csv,NCES/IPEDS,false,LOW,Source-attested IPEDS glossary term.
Out of Workforce Indicator,out of workforce indicator,OTHER_DOMAIN_TERM,Common Education Data Standards (CEDS) Version 13 — Postsecondary domain,https://ceds.ed.gov/cedselementdetails.aspx?termid=27908,NCES/CEDS,false,LOW,Source-attested CEDS postsecondary element; entity=PS Student; category=CTE
Outcome Measures,outcome measures,ACADEMIC_CONCEPT,IPEDS Glossary 2025-26,https://surveys.nces.ed.gov/ipeds/api/downloads/IPEDSGlossary.csv,NCES/IPEDS,true,LOW,Derived mechanically from source-attested form “Outcome Measures (OM)” (parenthetical-label-stripped); not independently source-attested as a standalone term.
Outcome Measures (OM),outcome measures om,ACADEMIC_CONCEPT,IPEDS Glossary 2025-26,https://surveys.nces.ed.gov/ipeds/api/downloads/IPEDSGlossary.csv,NCES/IPEDS,false,MEDIUM,Source-attested IPEDS glossary term.
Overaward,overaward,OTHER_DOMAIN_TERM,Federal Student Aid Handbook Glossary,https://fsapartners.ed.gov/knowledge-center/fsa-handbook/glossary,Federal Student Aid glossary,false,HIGH,Source-attested term; included to strengthen operational coverage outside the federal IPEDS/CEDS backbone.
Overpayment,overpayment,OTHER_DOMAIN_TERM,Federal Student Aid Handbook Glossary,https://fsapartners.ed.gov/knowledge-center/fsa-handbook/glossary,Federal Student Aid glossary,false,HIGH,Source-attested term; included to strengthen operational coverage outside the federal IPEDS/CEDS backbone.
Override School Course Number,override school course number,ORGANIZATION,Common Education Data Standards (CEDS) Version 13 — Postsecondary domain,https://ceds.ed.gov/cedselementdetails.aspx?termid=27391,NCES/CEDS,false,LOW,Source-attested CEDS postsecondary element; entity=Course Section
Parent institution,parent institution,ORGANIZATION,IPEDS Glossary 2025-26,https://surveys.nces.ed.gov/ipeds/api/downloads/IPEDSGlossary.csv,NCES/IPEDS,false,LOW,Source-attested IPEDS glossary term. Related item: Child institution
Part-Time Employee Benefits,part time employee benefits,ROLE,Common Education Data Standards (CEDS) Version 13 — Postsecondary domain,https://ceds.ed.gov/cedselementdetails.aspx?termid=26867,NCES/CEDS,false,LOW,Source-attested CEDS postsecondary element; entity=Organization; category=Organization Information
Part-time staff,part time staff,ROLE,IPEDS Glossary 2025-26,https://surveys.nces.ed.gov/ipeds/api/downloads/IPEDSGlossary.csv,NCES/IPEDS,true,LOW,Derived mechanically from source-attested form “Part-time staff (employees)” (parenthetical-label-stripped); not independently source-attested as a standalone term.
Part-time staff (employees),part time staff employees,ROLE,IPEDS Glossary 2025-26,https://surveys.nces.ed.gov/ipeds/api/downloads/IPEDSGlossary.csv,NCES/IPEDS,false,LOW,Source-attested IPEDS glossary term.
Part-time student,part time student,ROLE,IPEDS Glossary 2025-26,https://surveys.nces.ed.gov/ipeds/api/downloads/IPEDSGlossary.csv,NCES/IPEDS,false,LOW,Source-attested IPEDS glossary term. Related item: Attendance status
PAS,pas,DOCUMENT_SYSTEM,IPEDS Glossary 2025-26,https://surveys.nces.ed.gov/ipeds/api/downloads/IPEDSGlossary.csv,NCES/IPEDS,true,MEDIUM,Derived mechanically from source-attested form “Peer Analysis System (PAS)” (parenthetical-code-extracted); not independently source-attested as a standalone term.
Password,password,OTHER_DOMAIN_TERM,IPEDS Glossary 2025-26,https://surveys.nces.ed.gov/ipeds/api/downloads/IPEDSGlossary.csv,NCES/IPEDS,false,HIGH,Source-attested IPEDS glossary term.
Paternal Guardian Education,paternal guardian education,OTHER_DOMAIN_TERM,Common Education Data Standards (CEDS) Version 13 — Postsecondary domain,https://ceds.ed.gov/cedselementdetails.aspx?termid=27195,NCES/CEDS,false,LOW,Source-attested CEDS postsecondary element; entity=PS Student; category=Demographic
Patient contractual allowances,patient contractual allowances,OTHER_DOMAIN_TERM,IPEDS Glossary 2025-26,https://surveys.nces.ed.gov/ipeds/api/downloads/IPEDSGlossary.csv,NCES/IPEDS,false,LOW,Source-attested IPEDS glossary term.
Payment Period,payment period,OTHER_DOMAIN_TERM,Federal Student Aid Handbook Glossary,https://fsapartners.ed.gov/knowledge-center/fsa-handbook/glossary,Federal Student Aid glossary,false,LOW,Source-attested term; included to strengthen operational coverage outside the federal IPEDS/CEDS backbone.
Payments made on principal,payments made on principal,OTHER_DOMAIN_TERM,IPEDS Glossary 2025-26,https://surveys.nces.ed.gov/ipeds/api/downloads/IPEDSGlossary.csv,NCES/IPEDS,false,LOW,Source-attested IPEDS glossary term.
Peer Analysis System,peer analysis system,DOCUMENT_SYSTEM,IPEDS Glossary 2025-26,https://surveys.nces.ed.gov/ipeds/api/downloads/IPEDSGlossary.csv,NCES/IPEDS,true,LOW,Derived mechanically from source-attested form “Peer Analysis System (PAS)” (parenthetical-label-stripped); not independently source-attested as a standalone term.
Peer Analysis System (PAS),peer analysis system pas,DOCUMENT_SYSTEM,IPEDS Glossary 2025-26,https://surveys.nces.ed.gov/ipeds/api/downloads/IPEDSGlossary.csv,NCES/IPEDS,false,MEDIUM,Source-attested IPEDS glossary term.
Pell Grant program,pell grant program,ACADEMIC_CONCEPT,IPEDS Glossary 2025-26,https://surveys.nces.ed.gov/ipeds/api/downloads/IPEDSGlossary.csv,NCES/IPEDS,false,MEDIUM,Source-attested IPEDS glossary term.
Period of Enrollment,period of enrollment,PROCESS_EVENT,Federal Student Aid Handbook Glossary,https://fsapartners.ed.gov/knowledge-center/fsa-handbook/glossary,Federal Student Aid glossary,false,LOW,Source-attested term; included to strengthen operational coverage outside the federal IPEDS/CEDS backbone.
Perkins Loan program,perkins loan program,ACADEMIC_CONCEPT,IPEDS Glossary 2025-26,https://surveys.nces.ed.gov/ipeds/api/downloads/IPEDSGlossary.csv,NCES/IPEDS,false,MEDIUM,Source-attested IPEDS glossary term.
Perkins Nontraditional Type,perkins nontraditional type,OTHER_DOMAIN_TERM,Common Education Data Standards (CEDS) Version 13 — Postsecondary domain,https://ceds.ed.gov/cedselementdetails.aspx?termid=28096,NCES/CEDS,false,MEDIUM,Source-attested CEDS postsecondary element; entity=PS Institution; category=Program
Permanent endowment,permanent endowment,OTHER_DOMAIN_TERM,IPEDS Glossary 2025-26,https://surveys.nces.ed.gov/ipeds/api/downloads/IPEDSGlossary.csv,NCES/IPEDS,false,LOW,Source-attested IPEDS glossary term.
Permanently restricted,permanently restricted,OTHER_DOMAIN_TERM,IPEDS Glossary 2025-26,https://surveys.nces.ed.gov/ipeds/api/downloads/IPEDSGlossary.csv,NCES/IPEDS,false,LOW,Source-attested IPEDS glossary term.
Person Identification System,person identification system,DOCUMENT_SYSTEM,Common Education Data Standards (CEDS) Version 13 — Postsecondary domain,https://ceds.ed.gov/cedselementdetails.aspx?termid=27550,NCES/CEDS,false,LOW,Source-attested CEDS postsecondary element; entity=PS Student; category=Institution Enrollment->Prior Academic Award->Endorser
Person Identifier,person identifier,DOCUMENT_SYSTEM,Common Education Data Standards (CEDS) Version 13 — Postsecondary domain,https://ceds.ed.gov/cedselementdetails.aspx?termid=27551,NCES/CEDS,false,LOW,Source-attested CEDS postsecondary element; entity=PS Student; category=Institution Enrollment->Prior Academic Award->Endorser
Person Relationship Type,person relationship type,OTHER_DOMAIN_TERM,Common Education Data Standards (CEDS) Version 13 — Postsecondary domain,https://ceds.ed.gov/cedselementdetails.aspx?termid=26415,NCES/CEDS,false,LOW,Source-attested CEDS postsecondary element; entity=PS Student; category=Relationship
Personal Information Type,personal information type,OTHER_DOMAIN_TERM,Common Education Data Standards (CEDS) Version 13 — Postsecondary domain,https://ceds.ed.gov/cedselementdetails.aspx?termid=27951,NCES/CEDS,false,LOW,Source-attested CEDS postsecondary element; entity=PS Student; category=Identity->Identification
Personal Information Verification,personal information verification,PROCESS_EVENT,Common Education Data Standards (CEDS) Version 13 — Postsecondary domain,https://ceds.ed.gov/cedselementdetails.aspx?termid=26611,NCES/CEDS,false,LOW,Source-attested CEDS postsecondary element; entity=PS Student; category=Identity->Identification
Personal Title or Prefix,personal title or prefix,OTHER_DOMAIN_TERM,Common Education Data Standards (CEDS) Version 13 — Postsecondary domain,https://ceds.ed.gov/cedselementdetails.aspx?termid=26212,NCES/CEDS,false,LOW,Source-attested CEDS postsecondary element; entity=Organization; category=Contact->Name
PESC Award Level Type,pesc award level type,PROCESS_EVENT,Common Education Data Standards (CEDS) Version 13 — Postsecondary domain,https://ceds.ed.gov/cedselementdetails.aspx?termid=27649,NCES/CEDS,false,MEDIUM,Source-attested CEDS postsecondary element; entity=PS Student; category=Institution Enrollment->Prior Academic Award
Physical plant assets,physical plant assets,OTHER_DOMAIN_TERM,IPEDS Glossary 2025-26,https://surveys.nces.ed.gov/ipeds/api/downloads/IPEDSGlossary.csv,NCES/IPEDS,false,LOW,Source-attested IPEDS glossary term.
Physical plant indebtedness,physical plant indebtedness,OTHER_DOMAIN_TERM,IPEDS Glossary 2025-26,https://surveys.nces.ed.gov/ipeds/api/downloads/IPEDSGlossary.csv,NCES/IPEDS,false,LOW,Source-attested IPEDS glossary term.
Placement services for program completers,placement services for program completers,ACADEMIC_CONCEPT,IPEDS Glossary 2025-26,https://surveys.nces.ed.gov/ipeds/api/downloads/IPEDSGlossary.csv,NCES/IPEDS,false,LOW,Source-attested IPEDS glossary term.
Position Title,position title,OTHER_DOMAIN_TERM,Common Education Data Standards (CEDS) Version 13 — Postsecondary domain,https://ceds.ed.gov/cedselementdetails.aspx?termid=26213,NCES/CEDS,false,LOW,Source-attested CEDS postsecondary element; entity=Organization; category=Contact
Post 9/11 GI Bill,post 9 11 gi bill,ACADEMIC_CONCEPT,IPEDS Glossary 2025-26,https://surveys.nces.ed.gov/ipeds/api/downloads/IPEDSGlossary.csv,NCES/IPEDS,false,MEDIUM,Source-attested IPEDS glossary term.
Post-master's certificate,post master s certificate,DOCUMENT_SYSTEM,IPEDS Glossary 2025-26,https://surveys.nces.ed.gov/ipeds/api/downloads/IPEDSGlossary.csv,NCES/IPEDS,false,LOW,Source-attested IPEDS glossary term.
Postbaccalaureate certificate,postbaccalaureate certificate,DOCUMENT_SYSTEM,IPEDS Glossary 2025-26,https://surveys.nces.ed.gov/ipeds/api/downloads/IPEDSGlossary.csv,NCES/IPEDS,false,MEDIUM,Source-attested IPEDS glossary term.
Postsecondary Applicant,postsecondary applicant,ROLE,Common Education Data Standards (CEDS) Version 13 — Postsecondary domain,https://ceds.ed.gov/cedselementdetails.aspx?termid=26735,NCES/CEDS,false,LOW,Source-attested CEDS postsecondary element; entity=PS Applicant
"Postsecondary award, certificate, or diploma (1,800 or more clock hours, 60 or more semester or trimester credit hours, or 90 or more quarter credit hours)",postsecondary award certificate or diploma 1 800 or more clock hours 60 or more semester or trimester credit hours or 90 or more quarter credit hours,DOCUMENT_SYSTEM,IPEDS Glossary 2025-26,https://surveys.nces.ed.gov/ipeds/api/downloads/IPEDSGlossary.csv,NCES/IPEDS,false,LOW,Source-attested IPEDS glossary term.
"Postsecondary award, certificate, or diploma (300-899 clock hours, 9-29 semester or trimester credit hours, or 13-44 quarter credit hours)",postsecondary award certificate or diploma 300 899 clock hours 9 29 semester or trimester credit hours or 13 44 quarter credit hours,DOCUMENT_SYSTEM,IPEDS Glossary 2025-26,https://surveys.nces.ed.gov/ipeds/api/downloads/IPEDSGlossary.csv,NCES/IPEDS,false,LOW,Source-attested IPEDS glossary term.
"Postsecondary award, certificate, or diploma (900-1,800 clock hours, 30-60 semester or trimester credit hours, or 45-90 quarter credit hours)",postsecondary award certificate or diploma 900 1 800 clock hours 30 60 semester or trimester credit hours or 45 90 quarter credit hours,DOCUMENT_SYSTEM,IPEDS Glossary 2025-26,https://surveys.nces.ed.gov/ipeds/api/downloads/IPEDSGlossary.csv,NCES/IPEDS,false,LOW,Source-attested IPEDS glossary term.
"Postsecondary award, certificate, or diploma (at least 1 but less than 2 academic years) (old definition)",postsecondary award certificate or diploma at least 1 but less than 2 academic years old definition,DOCUMENT_SYSTEM,IPEDS Glossary 2025-26,https://surveys.nces.ed.gov/ipeds/api/downloads/IPEDSGlossary.csv,NCES/IPEDS,false,LOW,Source-attested IPEDS glossary term.
"Postsecondary award, certificate, or diploma (at least 2 but less than 4 academic years) (old definition)",postsecondary award certificate or diploma at least 2 but less than 4 academic years old definition,DOCUMENT_SYSTEM,IPEDS Glossary 2025-26,https://surveys.nces.ed.gov/ipeds/api/downloads/IPEDSGlossary.csv,NCES/IPEDS,false,LOW,Source-attested IPEDS glossary term.
"Postsecondary award, certificate, or diploma (less than 1 academic year) (old definition)",postsecondary award certificate or diploma less than 1 academic year old definition,DOCUMENT_SYSTEM,IPEDS Glossary 2025-26,https://surveys.nces.ed.gov/ipeds/api/downloads/IPEDSGlossary.csv,NCES/IPEDS,false,LOW,Source-attested IPEDS glossary term.
"Postsecondary award, certificate, or diploma (less than 300 clock hours, 9 semester or trimester credit hours, or 13 quarter credit hours)",postsecondary award certificate or diploma less than 300 clock hours 9 semester or trimester credit hours or 13 quarter credit hours,DOCUMENT_SYSTEM,IPEDS Glossary 2025-26,https://surveys.nces.ed.gov/ipeds/api/downloads/IPEDSGlossary.csv,NCES/IPEDS,false,LOW,Source-attested IPEDS glossary term.
Postsecondary Course Title,postsecondary course title,ACADEMIC_CONCEPT,Common Education Data Standards (CEDS) Version 13 — Postsecondary domain,https://ceds.ed.gov/cedselementdetails.aspx?termid=26068,NCES/CEDS,false,LOW,Source-attested CEDS postsecondary element; entity=Course Section; category=Course
Postsecondary education,postsecondary education,ACADEMIC_CONCEPT,IPEDS Glossary 2025-26,https://surveys.nces.ed.gov/ipeds/api/downloads/IPEDSGlossary.csv,NCES/IPEDS,false,LOW,Source-attested IPEDS glossary term.
Postsecondary education institution,postsecondary education institution,ORGANIZATION,IPEDS Glossary 2025-26,https://surveys.nces.ed.gov/ipeds/api/downloads/IPEDSGlossary.csv,NCES/IPEDS,false,LOW,Source-attested IPEDS glossary term.
Postsecondary Enrollment Status,postsecondary enrollment status,PROCESS_EVENT,Common Education Data Standards (CEDS) Version 13 — Postsecondary domain,https://ceds.ed.gov/cedselementdetails.aspx?termid=26096,NCES/CEDS,false,LOW,Source-attested CEDS postsecondary element; entity=PS Student; category=Term Enrollment
Postsecondary Enrollment Type,postsecondary enrollment type,PROCESS_EVENT,Common Education Data Standards (CEDS) Version 13 — Postsecondary domain,https://ceds.ed.gov/cedselementdetails.aspx?termid=26095,NCES/CEDS,false,LOW,Source-attested CEDS postsecondary element; entity=PS Student; category=Term Enrollment
Postsecondary Entering Student Indicator,postsecondary entering student indicator,ROLE,Common Education Data Standards (CEDS) Version 13 — Postsecondary domain,https://ceds.ed.gov/cedselementdetails.aspx?termid=27395,NCES/CEDS,false,LOW,Source-attested CEDS postsecondary element; entity=PS Student
Postsecondary Exit or Withdrawal Type,postsecondary exit or withdrawal type,PROCESS_EVENT,Common Education Data Standards (CEDS) Version 13 — Postsecondary domain,https://ceds.ed.gov/cedselementdetails.aspx?termid=27596,NCES/CEDS,false,LOW,Source-attested CEDS postsecondary element; entity=PS Student; category=Institution Enrollment
Postsecondary Program Level,postsecondary program level,ACADEMIC_CONCEPT,Common Education Data Standards (CEDS) Version 13 — Postsecondary domain,https://ceds.ed.gov/cedselementdetails.aspx?termid=27595,NCES/CEDS,false,LOW,Source-attested CEDS postsecondary element; entity=PS Institution; category=Program
Postsecondary Statistics Division,postsecondary statistics division,ORGANIZATION,IPEDS Glossary 2025-26,https://surveys.nces.ed.gov/ipeds/api/downloads/IPEDSGlossary.csv,NCES/IPEDS,true,LOW,Derived mechanically from source-attested form “Postsecondary Statistics Division (PSD)” (parenthetical-label-stripped); not independently source-attested as a standalone term.
Postsecondary Statistics Division (PSD),postsecondary statistics division psd,ORGANIZATION,IPEDS Glossary 2025-26,https://surveys.nces.ed.gov/ipeds/api/downloads/IPEDSGlossary.csv,NCES/IPEDS,false,MEDIUM,Source-attested IPEDS glossary term.
Postsecondary Student Entering Term,postsecondary student entering term,ROLE,Common Education Data Standards (CEDS) Version 13 — Postsecondary domain,https://ceds.ed.gov/cedselementdetails.aspx?termid=27396,NCES/CEDS,false,LOW,Source-attested CEDS postsecondary element; entity=PS Student
Postsecondary Student Housing On-Campus,postsecondary student housing on campus,ROLE,Common Education Data Standards (CEDS) Version 13 — Postsecondary domain,https://ceds.ed.gov/cedselementdetails.aspx?termid=26741,NCES/CEDS,false,LOW,Source-attested CEDS postsecondary element; entity=PS Student; category=Term Enrollment
Postsecondary Teachers,postsecondary teachers,OTHER_DOMAIN_TERM,IPEDS Glossary 2025-26,https://surveys.nces.ed.gov/ipeds/api/downloads/IPEDSGlossary.csv,NCES/IPEDS,false,LOW,Source-attested IPEDS glossary term.
PPA,ppa,DOCUMENT_SYSTEM,IPEDS Glossary 2025-26,https://surveys.nces.ed.gov/ipeds/api/downloads/IPEDSGlossary.csv,NCES/IPEDS,true,MEDIUM,Derived mechanically from source-attested form “Program Participation Agreement (PPA)” (parenthetical-code-extracted); not independently source-attested as a standalone term.
Predominant Calendar System,predominant calendar system,DOCUMENT_SYSTEM,Common Education Data Standards (CEDS) Version 13 — Postsecondary domain,https://ceds.ed.gov/cedselementdetails.aspx?termid=26705,NCES/CEDS,false,LOW,Source-attested CEDS postsecondary element; entity=PS Institution; category=Directory
Predominant calendar system,predominant calendar system,DOCUMENT_SYSTEM,IPEDS Glossary 2025-26,https://surveys.nces.ed.gov/ipeds/api/downloads/IPEDSGlossary.csv,NCES/IPEDS,false,LOW,Source-attested IPEDS glossary term.
Prepaid tuition plan,prepaid tuition plan,DOCUMENT_SYSTEM,IPEDS Glossary 2025-26,https://surveys.nces.ed.gov/ipeds/api/downloads/IPEDSGlossary.csv,NCES/IPEDS,false,LOW,Source-attested IPEDS glossary term.
Price of Attendance,price of attendance,ACADEMIC_CONCEPT,Common Education Data Standards (CEDS) Version 13 — Postsecondary domain,https://ceds.ed.gov/cedselementdetails.aspx?termid=26732,NCES/CEDS,false,LOW,Source-attested CEDS postsecondary element; entity=PS Institution; category=IPEDS Reporting
Primarily Instruction,primarily instruction,ACADEMIC_CONCEPT,IPEDS Glossary 2025-26,https://surveys.nces.ed.gov/ipeds/api/downloads/IPEDSGlossary.csv,NCES/IPEDS,false,LOW,Source-attested IPEDS glossary term.
Primary Contact Indicator,primary contact indicator,OTHER_DOMAIN_TERM,Common Education Data Standards (CEDS) Version 13 — Postsecondary domain,https://ceds.ed.gov/cedselementdetails.aspx?termid=27397,NCES/CEDS,false,LOW,Source-attested CEDS postsecondary element; entity=Organization; category=Contact
Primary Disability Type,primary disability type,ACADEMIC_CONCEPT,Common Education Data Standards (CEDS) Version 13 — Postsecondary domain,https://ceds.ed.gov/cedselementdetails.aspx?termid=26218,NCES/CEDS,false,LOW,Source-attested CEDS postsecondary element; entity=PS Student; category=Disability
Primary occupational activity,primary occupational activity,ACADEMIC_CONCEPT,IPEDS Glossary 2025-26,https://surveys.nces.ed.gov/ipeds/api/downloads/IPEDSGlossary.csv,NCES/IPEDS,false,LOW,Source-attested IPEDS glossary term.
Primary Telephone Number Indicator,primary telephone number indicator,OTHER_DOMAIN_TERM,Common Education Data Standards (CEDS) Version 13 — Postsecondary domain,https://ceds.ed.gov/cedselementdetails.aspx?termid=26219,NCES/CEDS,false,LOW,Source-attested CEDS postsecondary element; entity=Organization; category=Telephone
Private for-profit institution,private for profit institution,ORGANIZATION,IPEDS Glossary 2025-26,https://surveys.nces.ed.gov/ipeds/api/downloads/IPEDSGlossary.csv,NCES/IPEDS,false,LOW,"Source-attested IPEDS glossary term. Related item: Private institution,Private not-for-profit institution,Public institution"
Private gifts,private gifts,OTHER_DOMAIN_TERM,IPEDS Glossary 2025-26,https://surveys.nces.ed.gov/ipeds/api/downloads/IPEDSGlossary.csv,NCES/IPEDS,true,LOW,Derived mechanically from source-attested form “Private gifts (Revenues)” (parenthetical-label-stripped); not independently source-attested as a standalone term.
"Private gifts, grants and contracts",private gifts grants and contracts,ACADEMIC_CONCEPT,IPEDS Glossary 2025-26,https://surveys.nces.ed.gov/ipeds/api/downloads/IPEDSGlossary.csv,NCES/IPEDS,true,LOW,"Derived mechanically from source-attested form “Private gifts, grants and contracts (revenues)” (parenthetical-label-stripped); not independently source-attested as a standalone term."
"Private gifts, grants and contracts (revenues)",private gifts grants and contracts revenues,ACADEMIC_CONCEPT,IPEDS Glossary 2025-26,https://surveys.nces.ed.gov/ipeds/api/downloads/IPEDSGlossary.csv,NCES/IPEDS,false,LOW,Source-attested IPEDS glossary term.
Private gifts (Revenues),private gifts revenues,OTHER_DOMAIN_TERM,IPEDS Glossary 2025-26,https://surveys.nces.ed.gov/ipeds/api/downloads/IPEDSGlossary.csv,NCES/IPEDS,false,LOW,Source-attested IPEDS glossary term.
Private grants and contracts,private grants and contracts,OTHER_DOMAIN_TERM,IPEDS Glossary 2025-26,https://surveys.nces.ed.gov/ipeds/api/downloads/IPEDSGlossary.csv,NCES/IPEDS,true,LOW,Derived mechanically from source-attested form “Private grants and contracts (Revenues)” (parenthetical-label-stripped); not independently source-attested as a standalone term.
Private grants and contracts (Revenues),private grants and contracts revenues,OTHER_DOMAIN_TERM,IPEDS Glossary 2025-26,https://surveys.nces.ed.gov/ipeds/api/downloads/IPEDSGlossary.csv,NCES/IPEDS,false,LOW,Source-attested IPEDS glossary term.
Private institution,private institution,ORGANIZATION,IPEDS Glossary 2025-26,https://surveys.nces.ed.gov/ipeds/api/downloads/IPEDSGlossary.csv,NCES/IPEDS,false,LOW,"Source-attested IPEDS glossary term. Related item: Private for-profit institution,Private not-for-profit institution,Public institution"
Private not-for-profit institution,private not for profit institution,ORGANIZATION,IPEDS Glossary 2025-26,https://surveys.nces.ed.gov/ipeds/api/downloads/IPEDSGlossary.csv,NCES/IPEDS,false,LOW,"Source-attested IPEDS glossary term. Related item: Private for-profit institution,Private institution,Public institution"
"Production, Transportation, and Material Moving Occupations",production transportation and material moving occupations,ACADEMIC_CONCEPT,IPEDS Glossary 2025-26,https://surveys.nces.ed.gov/ipeds/api/downloads/IPEDSGlossary.csv,NCES/IPEDS,false,LOW,Source-attested IPEDS glossary term.
Professional Association Membership Status,professional association membership status,ORGANIZATION,Common Education Data Standards (CEDS) Version 13 — Postsecondary domain,https://ceds.ed.gov/cedselementdetails.aspx?termid=26806,NCES/CEDS,false,LOW,Source-attested CEDS postsecondary element; entity=PS Staff; category=Status
Professional Development Activity Approved Purpose,professional development activity approved purpose,OTHER_DOMAIN_TERM,Common Education Data Standards (CEDS) Version 13 — Postsecondary domain,https://ceds.ed.gov/cedselementdetails.aspx?termid=27403,NCES/CEDS,false,LOW,Source-attested CEDS postsecondary element; entity=PS Staff; category=Professional Development Activity
Professional Development Activity Credit Type,professional development activity credit type,ACADEMIC_CONCEPT,Common Education Data Standards (CEDS) Version 13 — Postsecondary domain,https://ceds.ed.gov/cedselementdetails.aspx?termid=27406,NCES/CEDS,false,LOW,Source-attested CEDS postsecondary element; entity=PS Staff; category=Professional Development Activity
Professional Development Activity Education Levels Addressed,professional development activity education levels addressed,OTHER_DOMAIN_TERM,Common Education Data Standards (CEDS) Version 13 — Postsecondary domain,https://ceds.ed.gov/cedselementdetails.aspx?termid=27245,NCES/CEDS,false,LOW,Source-attested CEDS postsecondary element; entity=PS Staff; category=Professional Development Activity
Professional Development Activity Level,professional development activity level,OTHER_DOMAIN_TERM,Common Education Data Standards (CEDS) Version 13 — Postsecondary domain,https://ceds.ed.gov/cedselementdetails.aspx?termid=27409,NCES/CEDS,false,LOW,Source-attested CEDS postsecondary element; entity=PS Staff; category=Professional Development Activity
Professional Development Activity State Approved Status,professional development activity state approved status,OTHER_DOMAIN_TERM,Common Education Data Standards (CEDS) Version 13 — Postsecondary domain,https://ceds.ed.gov/cedselementdetails.aspx?termid=27598,NCES/CEDS,false,LOW,Source-attested CEDS postsecondary element; entity=PS Staff; category=Professional Development Activity
Professional Development Activity Target Audience,professional development activity target audience,OTHER_DOMAIN_TERM,Common Education Data Standards (CEDS) Version 13 — Postsecondary domain,https://ceds.ed.gov/cedselementdetails.aspx?termid=27464,NCES/CEDS,false,LOW,Source-attested CEDS postsecondary element; entity=PS Staff; category=Professional Development Activity
Professional Development Activity Type,professional development activity type,OTHER_DOMAIN_TERM,Common Education Data Standards (CEDS) Version 13 — Postsecondary domain,https://ceds.ed.gov/cedselementdetails.aspx?termid=27412,NCES/CEDS,false,LOW,Source-attested CEDS postsecondary element; entity=PS Staff; category=Professional Development Activity
Professional Development Audience Type,professional development audience type,OTHER_DOMAIN_TERM,Common Education Data Standards (CEDS) Version 13 — Postsecondary domain,https://ceds.ed.gov/cedselementdetails.aspx?termid=27399,NCES/CEDS,false,LOW,Source-attested CEDS postsecondary element; entity=PS Staff; category=Professional Development Activity
Professional Development Delivery Method,professional development delivery method,ACADEMIC_CONCEPT,Common Education Data Standards (CEDS) Version 13 — Postsecondary domain,https://ceds.ed.gov/cedselementdetails.aspx?termid=27401,NCES/CEDS,false,LOW,Source-attested CEDS postsecondary element; entity=PS Staff; category=Professional Development Activity->Session
Professional Development Financial Support Type,professional development financial support type,ACADEMIC_CONCEPT,Common Education Data Standards (CEDS) Version 13 — Postsecondary domain,https://ceds.ed.gov/cedselementdetails.aspx?termid=26811,NCES/CEDS,false,LOW,Source-attested CEDS postsecondary element; entity=PS Staff; category=Professional Development
Professional Development Instructional Delivery Mode,professional development instructional delivery mode,OTHER_DOMAIN_TERM,Common Education Data Standards (CEDS) Version 13 — Postsecondary domain,https://ceds.ed.gov/cedselementdetails.aspx?termid=27429,NCES/CEDS,false,LOW,Source-attested CEDS postsecondary element; entity=PS Staff; category=Professional Development
Professional Judgment,professional judgment,OTHER_DOMAIN_TERM,Federal Student Aid Handbook Glossary,https://fsapartners.ed.gov/knowledge-center/fsa-handbook/glossary,Federal Student Aid glossary,false,LOW,Source-attested term; included to strengthen operational coverage outside the federal IPEDS/CEDS backbone.
Professional or Technical Credential Conferred,professional or technical credential conferred,DOCUMENT_SYSTEM,Common Education Data Standards (CEDS) Version 13 — Postsecondary domain,https://ceds.ed.gov/cedselementdetails.aspx?termid=26780,NCES/CEDS,false,LOW,Source-attested CEDS postsecondary element; entity=PS Student; category=Institution Enrollment->Prior Academic Award
Program,program,ACADEMIC_CONCEPT,IPEDS Glossary 2025-26,https://surveys.nces.ed.gov/ipeds/api/downloads/IPEDSGlossary.csv,NCES/IPEDS,false,HIGH,Source-attested IPEDS glossary term.
Program category,program category,ACADEMIC_CONCEPT,IPEDS Glossary 2025-26,https://surveys.nces.ed.gov/ipeds/api/downloads/IPEDSGlossary.csv,NCES/IPEDS,false,MEDIUM,Source-attested IPEDS glossary term.
Program Entry Reason,program entry reason,ACADEMIC_CONCEPT,Common Education Data Standards (CEDS) Version 13 — Postsecondary domain,https://ceds.ed.gov/cedselementdetails.aspx?termid=27909,NCES/CEDS,false,LOW,Source-attested CEDS postsecondary element; entity=PS Student; category=Program Participation
Program Identifier,program identifier,DOCUMENT_SYSTEM,Common Education Data Standards (CEDS) Version 13 — Postsecondary domain,https://ceds.ed.gov/cedselementdetails.aspx?termid=26618,NCES/CEDS,false,MEDIUM,Source-attested CEDS postsecondary element; entity=PS Institution; category=Program
Program Length Hours,program length hours,ACADEMIC_CONCEPT,Common Education Data Standards (CEDS) Version 13 — Postsecondary domain,https://ceds.ed.gov/cedselementdetails.aspx?termid=26223,NCES/CEDS,false,LOW,Source-attested CEDS postsecondary element; entity=PS Institution; category=Program
Program Length Hours Type,program length hours type,ACADEMIC_CONCEPT,Common Education Data Standards (CEDS) Version 13 — Postsecondary domain,https://ceds.ed.gov/cedselementdetails.aspx?termid=26224,NCES/CEDS,false,LOW,Source-attested CEDS postsecondary element; entity=PS Institution; category=Program
Program Name,program name,ACADEMIC_CONCEPT,Common Education Data Standards (CEDS) Version 13 — Postsecondary domain,https://ceds.ed.gov/cedselementdetails.aspx?termid=26619,NCES/CEDS,false,MEDIUM,Source-attested CEDS postsecondary element; entity=PS Institution; category=Program
Program of Study,program of study,ACADEMIC_CONCEPT,UT Austin Office of the Registrar Glossary of Catalog Terminology,https://registrar.utexas.edu/catalogs/glossary,Public institutional catalog/registrar glossary,false,LOW,Source-attested term; included to strengthen operational coverage outside the federal IPEDS/CEDS backbone.
Program of Work,program of work,ACADEMIC_CONCEPT,UT Austin Office of the Registrar Glossary of Catalog Terminology,https://registrar.utexas.edu/catalogs/glossary,Public institutional catalog/registrar glossary,false,LOW,Source-attested term; included to strengthen operational coverage outside the federal IPEDS/CEDS backbone.
Program Participation Agreement,program participation agreement,DOCUMENT_SYSTEM,IPEDS Glossary 2025-26,https://surveys.nces.ed.gov/ipeds/api/downloads/IPEDSGlossary.csv,NCES/IPEDS,true,LOW,Derived mechanically from source-attested form “Program Participation Agreement (PPA)” (parenthetical-label-stripped); not independently source-attested as a standalone term.
Program Participation Agreement (PPA),program participation agreement ppa,DOCUMENT_SYSTEM,IPEDS Glossary 2025-26,https://surveys.nces.ed.gov/ipeds/api/downloads/IPEDSGlossary.csv,NCES/IPEDS,false,MEDIUM,Source-attested IPEDS glossary term.
Program Participation Exit Date,program participation exit date,ACADEMIC_CONCEPT,Common Education Data Standards (CEDS) Version 13 — Postsecondary domain,https://ceds.ed.gov/cedselementdetails.aspx?termid=26584,NCES/CEDS,false,LOW,Source-attested CEDS postsecondary element; entity=PS Student; category=Institution Enrollment->Program
Program Participation Start Date,program participation start date,ACADEMIC_CONCEPT,Common Education Data Standards (CEDS) Version 13 — Postsecondary domain,https://ceds.ed.gov/cedselementdetails.aspx?termid=26583,NCES/CEDS,false,LOW,Source-attested CEDS postsecondary element; entity=PS Student; category=Institution Enrollment->Program
Program Participation Status,program participation status,ACADEMIC_CONCEPT,Common Education Data Standards (CEDS) Version 13 — Postsecondary domain,https://ceds.ed.gov/cedselementdetails.aspx?termid=27209,NCES/CEDS,false,LOW,Source-attested CEDS postsecondary element; entity=PS Student; category=Institution Enrollment->Program
Program Provides Parent Education,program provides parent education,ACADEMIC_CONCEPT,Common Education Data Standards (CEDS) Version 13 — Postsecondary domain,https://ceds.ed.gov/cedselementdetails.aspx?termid=26856,NCES/CEDS,false,LOW,Source-attested CEDS postsecondary element; entity=PS Institution; category=Program->Parental/Family Involvement
Program Provides Written Handbook,program provides written handbook,DOCUMENT_SYSTEM,Common Education Data Standards (CEDS) Version 13 — Postsecondary domain,https://ceds.ed.gov/cedselementdetails.aspx?termid=26853,NCES/CEDS,false,LOW,Source-attested CEDS postsecondary element; entity=PS Institution; category=Program->Parental/Family Involvement
Program specialty,program specialty,ACADEMIC_CONCEPT,IPEDS Glossary 2025-26,https://surveys.nces.ed.gov/ipeds/api/downloads/IPEDSGlossary.csv,NCES/IPEDS,false,MEDIUM,Source-attested IPEDS glossary term.
Program with no recognized postsecondary credential,program with no recognized postsecondary credential,DOCUMENT_SYSTEM,IPEDS Glossary 2025-26,https://surveys.nces.ed.gov/ipeds/api/downloads/IPEDSGlossary.csv,NCES/IPEDS,false,LOW,Source-attested IPEDS glossary term.
Programs of at least 2 years but less than 4 years,programs of at least 2 years but less than 4 years,ACADEMIC_CONCEPT,IPEDS Glossary 2025-26,https://surveys.nces.ed.gov/ipeds/api/downloads/IPEDSGlossary.csv,NCES/IPEDS,false,LOW,Source-attested IPEDS glossary term.
Programs of at least 4 years,programs of at least 4 years,ACADEMIC_CONCEPT,IPEDS Glossary 2025-26,https://surveys.nces.ed.gov/ipeds/api/downloads/IPEDSGlossary.csv,NCES/IPEDS,false,LOW,Source-attested IPEDS glossary term.
Programs of less than 2 years,programs of less than 2 years,ACADEMIC_CONCEPT,IPEDS Glossary 2025-26,https://surveys.nces.ed.gov/ipeds/api/downloads/IPEDSGlossary.csv,NCES/IPEDS,false,LOW,Source-attested IPEDS glossary term.
Projected High School Diploma Type,projected high school diploma type,ORGANIZATION,Common Education Data Standards (CEDS) Version 13 — Postsecondary domain,https://ceds.ed.gov/cedselementdetails.aspx?termid=28077,NCES/CEDS,false,LOW,Source-attested CEDS postsecondary element; entity=PS Student; category=K12 Transcript
Promise Program,promise program,ACADEMIC_CONCEPT,IPEDS Glossary 2025-26,https://surveys.nces.ed.gov/ipeds/api/downloads/IPEDSGlossary.csv,NCES/IPEDS,false,MEDIUM,Source-attested IPEDS glossary term.
Provisionally Independent Student,provisionally independent student,ROLE,Federal Student Aid Handbook Glossary,https://fsapartners.ed.gov/knowledge-center/fsa-handbook/glossary,Federal Student Aid glossary,false,LOW,Source-attested term; included to strengthen operational coverage outside the federal IPEDS/CEDS backbone.
PSD,psd,ORGANIZATION,IPEDS Glossary 2025-26,https://surveys.nces.ed.gov/ipeds/api/downloads/IPEDSGlossary.csv,NCES/IPEDS,true,MEDIUM,Derived mechanically from source-attested form “Postsecondary Statistics Division (PSD)” (parenthetical-code-extracted); not independently source-attested as a standalone term.
Public Assistance Status,public assistance status,OTHER_DOMAIN_TERM,Common Education Data Standards (CEDS) Version 13 — Postsecondary domain,https://ceds.ed.gov/cedselementdetails.aspx?termid=26760,NCES/CEDS,false,LOW,Source-attested CEDS postsecondary element; entity=PS Student; category=Status
Public institution,public institution,ORGANIZATION,IPEDS Glossary 2025-26,https://surveys.nces.ed.gov/ipeds/api/downloads/IPEDSGlossary.csv,NCES/IPEDS,false,LOW,"Source-attested IPEDS glossary term. Related item: Private for-profit institution,Private institution,Private not-for-profit institution"
Public service,public service,ACADEMIC_CONCEPT,IPEDS Glossary 2025-26,https://surveys.nces.ed.gov/ipeds/api/downloads/IPEDSGlossary.csv,NCES/IPEDS,false,LOW,Source-attested IPEDS glossary term.
Public Service staff,public service staff,ROLE,IPEDS Glossary 2025-26,https://surveys.nces.ed.gov/ipeds/api/downloads/IPEDSGlossary.csv,NCES/IPEDS,false,LOW,Source-attested IPEDS glossary term.
Qualified Audit Opinion,qualified audit opinion,DOCUMENT_SYSTEM,IPEDS Glossary 2025-26,https://surveys.nces.ed.gov/ipeds/api/downloads/IPEDSGlossary.csv,NCES/IPEDS,false,LOW,Source-attested IPEDS glossary term.
Quantity of Work,quantity of work,OTHER_DOMAIN_TERM,UT Austin Office of the Registrar Glossary of Catalog Terminology,https://registrar.utexas.edu/catalogs/glossary,Public institutional catalog/registrar glossary,false,LOW,Source-attested term; included to strengthen operational coverage outside the federal IPEDS/CEDS backbone.
Quarter (calendar system),quarter calendar system,DOCUMENT_SYSTEM,IPEDS Glossary 2025-26,https://surveys.nces.ed.gov/ipeds/api/downloads/IPEDSGlossary.csv,NCES/IPEDS,false,LOW,Source-attested IPEDS glossary term.
Quasi-endowment funds,quasi endowment funds,OTHER_DOMAIN_TERM,IPEDS Glossary 2025-26,https://surveys.nces.ed.gov/ipeds/api/downloads/IPEDSGlossary.csv,NCES/IPEDS,false,LOW,Source-attested IPEDS glossary term.
R2T4,r2t4,PROCESS_EVENT,Federal Student Aid Handbook Glossary,https://fsapartners.ed.gov/knowledge-center/fsa-handbook/glossary,Federal Student Aid glossary,true,MEDIUM,Derived mechanically from source-attested form “Return of Title IV Funds (R2T4)” (parenthetical-code-extracted); not independently source-attested as a standalone term.
Race,race,OTHER_DOMAIN_TERM,Common Education Data Standards (CEDS) Version 13 — Postsecondary domain,https://ceds.ed.gov/cedselementdetails.aspx?termid=27955,NCES/CEDS,false,HIGH,Source-attested CEDS postsecondary element; entity=PS Student; category=Demographic
Race and ethnicity unknown,race and ethnicity unknown,OTHER_DOMAIN_TERM,IPEDS Glossary 2025-26,https://surveys.nces.ed.gov/ipeds/api/downloads/IPEDSGlossary.csv,NCES/IPEDS,false,LOW,Source-attested IPEDS glossary term.
Race/ethnicity,race ethnicity,OTHER_DOMAIN_TERM,IPEDS Glossary 2025-26,https://surveys.nces.ed.gov/ipeds/api/downloads/IPEDSGlossary.csv,NCES/IPEDS,false,LOW,Source-attested IPEDS glossary term.
Race/ethnicity (old definition),race ethnicity old definition,OTHER_DOMAIN_TERM,IPEDS Glossary 2025-26,https://surveys.nces.ed.gov/ipeds/api/downloads/IPEDSGlossary.csv,NCES/IPEDS,false,LOW,Source-attested IPEDS glossary term.
Realized capital gains,realized capital gains,OTHER_DOMAIN_TERM,IPEDS Glossary 2025-26,https://surveys.nces.ed.gov/ipeds/api/downloads/IPEDSGlossary.csv,NCES/IPEDS,false,LOW,Source-attested IPEDS glossary term.
Received aid,received aid,OTHER_DOMAIN_TERM,IPEDS Glossary 2025-26,https://surveys.nces.ed.gov/ipeds/api/downloads/IPEDSGlossary.csv,NCES/IPEDS,false,MEDIUM,Source-attested IPEDS glossary term.
Receiving Location of Instruction,receiving location of instruction,ACADEMIC_CONCEPT,Common Education Data Standards (CEDS) Version 13 — Postsecondary domain,https://ceds.ed.gov/cedselementdetails.aspx?termid=26515,NCES/CEDS,false,LOW,Source-attested CEDS postsecondary element; entity=PS Student; category=Graduate Student->Thesis/Dissertation Advisor
Recognized postsecondary credential,recognized postsecondary credential,DOCUMENT_SYSTEM,IPEDS Glossary 2025-26,https://surveys.nces.ed.gov/ipeds/api/downloads/IPEDSGlossary.csv,NCES/IPEDS,false,LOW,Source-attested IPEDS glossary term.
Record End Date Time,record end date time,DOCUMENT_SYSTEM,Common Education Data Standards (CEDS) Version 13 — Postsecondary domain,https://ceds.ed.gov/cedselementdetails.aspx?termid=27899,NCES/CEDS,false,LOW,Source-attested CEDS postsecondary element; entity=PS Student; category=Contact->Address
Record Start Date Time,record start date time,DOCUMENT_SYSTEM,Common Education Data Standards (CEDS) Version 13 — Postsecondary domain,https://ceds.ed.gov/cedselementdetails.aspx?termid=27898,NCES/CEDS,false,LOW,Source-attested CEDS postsecondary element; entity=PS Student; category=Contact->Address
Registration and Payment,registration and payment,PROCESS_EVENT,UC Berkeley Office of the Registrar Enrollment Glossary,https://registrar.berkeley.edu/enrollment/glossary/,Public institutional registrar glossary,false,LOW,Source-attested term; included to strengthen operational coverage outside the federal IPEDS/CEDS backbone.
Regular Student,regular student,ROLE,Federal Student Aid Handbook Glossary,https://fsapartners.ed.gov/knowledge-center/fsa-handbook/glossary,Federal Student Aid glossary,false,LOW,Source-attested term; included to strengthen operational coverage outside the federal IPEDS/CEDS backbone.
Required fees,required fees,OTHER_DOMAIN_TERM,IPEDS Glossary 2025-26,https://surveys.nces.ed.gov/ipeds/api/downloads/IPEDSGlossary.csv,NCES/IPEDS,false,LOW,Source-attested IPEDS glossary term.
Required Student Fees,required student fees,ROLE,Common Education Data Standards (CEDS) Version 13 — Postsecondary domain,https://ceds.ed.gov/cedselementdetails.aspx?termid=26726,NCES/CEDS,false,LOW,Source-attested CEDS postsecondary element; entity=PS Institution; category=IPEDS Reporting
Requirement,requirement,OTHER_DOMAIN_TERM,UT Austin Office of the Registrar Glossary of Catalog Terminology,https://registrar.utexas.edu/catalogs/glossary,Public institutional catalog/registrar glossary,false,HIGH,Source-attested term; included to strengthen operational coverage outside the federal IPEDS/CEDS backbone.
Research,research,ACADEMIC_CONCEPT,IPEDS Glossary 2025-26,https://surveys.nces.ed.gov/ipeds/api/downloads/IPEDSGlossary.csv,NCES/IPEDS,false,HIGH,Source-attested IPEDS glossary term.
Research Staff,research staff,ROLE,IPEDS Glossary 2025-26,https://surveys.nces.ed.gov/ipeds/api/downloads/IPEDSGlossary.csv,NCES/IPEDS,false,MEDIUM,Source-attested IPEDS glossary term.
Reserve Officer Training Corps,reserve officer training corps,ROLE,IPEDS Glossary 2025-26,https://surveys.nces.ed.gov/ipeds/api/downloads/IPEDSGlossary.csv,NCES/IPEDS,true,LOW,Derived mechanically from source-attested form “Reserve Officer Training Corps (ROTC)” (parenthetical-label-stripped); not independently source-attested as a standalone term.
Reserve Officer Training Corps (ROTC),reserve officer training corps rotc,ROLE,IPEDS Glossary 2025-26,https://surveys.nces.ed.gov/ipeds/api/downloads/IPEDSGlossary.csv,NCES/IPEDS,false,MEDIUM,Source-attested IPEDS glossary term.
Residence,residence,OTHER_DOMAIN_TERM,IPEDS Glossary 2025-26,https://surveys.nces.ed.gov/ipeds/api/downloads/IPEDSGlossary.csv,NCES/IPEDS,false,HIGH,Source-attested IPEDS glossary term.
Resident (and other eligible non-citizens),resident and other eligible non citizens,OTHER_DOMAIN_TERM,IPEDS Glossary 2025-26,https://surveys.nces.ed.gov/ipeds/api/downloads/IPEDSGlossary.csv,NCES/IPEDS,false,LOW,Source-attested IPEDS glossary term. Related item: U.S. Nonresident
Respondent burden estimate,respondent burden estimate,OTHER_DOMAIN_TERM,IPEDS Glossary 2025-26,https://surveys.nces.ed.gov/ipeds/api/downloads/IPEDSGlossary.csv,NCES/IPEDS,false,LOW,Source-attested IPEDS glossary term.
Restricted current funds,restricted current funds,OTHER_DOMAIN_TERM,IPEDS Glossary 2025-26,https://surveys.nces.ed.gov/ipeds/api/downloads/IPEDSGlossary.csv,NCES/IPEDS,false,LOW,Source-attested IPEDS glossary term.
Restricted-expendable (net assets),restricted expendable net assets,OTHER_DOMAIN_TERM,IPEDS Glossary 2025-26,https://surveys.nces.ed.gov/ipeds/api/downloads/IPEDSGlossary.csv,NCES/IPEDS,false,LOW,Source-attested IPEDS glossary term.
Restricted net assets (FASB institutions only),restricted net assets fasb institutions only,OTHER_DOMAIN_TERM,IPEDS Glossary 2025-26,https://surveys.nces.ed.gov/ipeds/api/downloads/IPEDSGlossary.csv,NCES/IPEDS,false,MEDIUM,Source-attested IPEDS glossary term.
Restricted-nonexpendable (net assets),restricted nonexpendable net assets,OTHER_DOMAIN_TERM,IPEDS Glossary 2025-26,https://surveys.nces.ed.gov/ipeds/api/downloads/IPEDSGlossary.csv,NCES/IPEDS,false,LOW,Source-attested IPEDS glossary term.
Retention rate,retention rate,ACADEMIC_CONCEPT,IPEDS Glossary 2025-26,https://surveys.nces.ed.gov/ipeds/api/downloads/IPEDSGlossary.csv,NCES/IPEDS,false,LOW,Source-attested IPEDS glossary term.
Return of Title IV Funds,return of title iv funds,PROCESS_EVENT,Federal Student Aid Handbook Glossary,https://fsapartners.ed.gov/knowledge-center/fsa-handbook/glossary,Federal Student Aid glossary,true,MEDIUM,Derived mechanically from source-attested form “Return of Title IV Funds (R2T4)” (parenthetical-label-stripped); not independently source-attested as a standalone term.
Return of Title IV Funds (R2T4),return of title iv funds r2t4,PROCESS_EVENT,Federal Student Aid Handbook Glossary,https://fsapartners.ed.gov/knowledge-center/fsa-handbook/glossary,Federal Student Aid glossary,false,MEDIUM,Source-attested term; included to strengthen operational coverage outside the federal IPEDS/CEDS backbone.
Revenues,revenues,ACADEMIC_CONCEPT,IPEDS Glossary 2025-26,https://surveys.nces.ed.gov/ipeds/api/downloads/IPEDSGlossary.csv,NCES/IPEDS,false,HIGH,Source-attested IPEDS glossary term.
Revised cohort,revised cohort,OTHER_DOMAIN_TERM,IPEDS Glossary 2025-26,https://surveys.nces.ed.gov/ipeds/api/downloads/IPEDSGlossary.csv,NCES/IPEDS,false,LOW,Source-attested IPEDS glossary term.
Role,role,OTHER_DOMAIN_TERM,Common Education Data Standards (CEDS) Version 13 — Postsecondary domain,https://ceds.ed.gov/cedselementdetails.aspx?termid=27959,NCES/CEDS,false,HIGH,Source-attested CEDS postsecondary element; entity=PS Student; category=Institution Enrollment
Room Charges,room charges,ACADEMIC_CONCEPT,Common Education Data Standards (CEDS) Version 13 — Postsecondary domain,https://ceds.ed.gov/cedselementdetails.aspx?termid=26728,NCES/CEDS,false,LOW,Source-attested CEDS postsecondary element; entity=PS Institution; category=IPEDS Reporting
ROTC,rotc,ROLE,IPEDS Glossary 2025-26,https://surveys.nces.ed.gov/ipeds/api/downloads/IPEDSGlossary.csv,NCES/IPEDS,true,MEDIUM,Derived mechanically from source-attested form “Reserve Officer Training Corps (ROTC)” (parenthetical-code-extracted); not independently source-attested as a standalone term.
SA,sa,ROLE,IPEDS Glossary 2025-26,https://surveys.nces.ed.gov/ipeds/api/downloads/IPEDSGlossary.csv,NCES/IPEDS,true,MEDIUM,Derived mechanically from source-attested form “Instructional Faculty Salaries (SA)” (parenthetical-code-extracted); not independently source-attested as a standalone term.
SAI,sai,ROLE,Federal Student Aid Handbook Glossary,https://fsapartners.ed.gov/knowledge-center/fsa-handbook/glossary,Federal Student Aid glossary,true,MEDIUM,Derived mechanically from source-attested form “Student Aid Index (SAI)” (parenthetical-code-extracted); not independently source-attested as a standalone term.
SAIG,saig,ROLE,Federal Student Aid Handbook Glossary,https://fsapartners.ed.gov/knowledge-center/fsa-handbook/glossary,Federal Student Aid glossary,true,MEDIUM,Derived mechanically from source-attested form “Student Aid Internet Gateway (SAIG)” (parenthetical-code-extracted); not independently source-attested as a standalone term.
Salaries and wages,salaries and wages,OTHER_DOMAIN_TERM,IPEDS Glossary 2025-26,https://surveys.nces.ed.gov/ipeds/api/downloads/IPEDSGlossary.csv,NCES/IPEDS,false,LOW,Source-attested IPEDS glossary term.
Salary Outlay,salary outlay,OTHER_DOMAIN_TERM,IPEDS Glossary 2025-26,https://surveys.nces.ed.gov/ipeds/api/downloads/IPEDSGlossary.csv,NCES/IPEDS,false,LOW,Source-attested IPEDS glossary term.
Salary Schedule Criterion Description,salary schedule criterion description,DOCUMENT_SYSTEM,Common Education Data Standards (CEDS) Version 13 — Postsecondary domain,https://ceds.ed.gov/cedselementdetails.aspx?termid=28081,NCES/CEDS,false,LOW,Source-attested CEDS postsecondary element; entity=Organization; category=Organization Information
Salary Schedule Criterion Name,salary schedule criterion name,DOCUMENT_SYSTEM,Common Education Data Standards (CEDS) Version 13 — Postsecondary domain,https://ceds.ed.gov/cedselementdetails.aspx?termid=28082,NCES/CEDS,false,LOW,Source-attested CEDS postsecondary element; entity=Organization; category=Organization Information
Salary Schedule Criterion Value,salary schedule criterion value,DOCUMENT_SYSTEM,Common Education Data Standards (CEDS) Version 13 — Postsecondary domain,https://ceds.ed.gov/cedselementdetails.aspx?termid=28083,NCES/CEDS,false,LOW,Source-attested CEDS postsecondary element; entity=Organization; category=Organization Information
Salary Schedule Salary Value,salary schedule salary value,DOCUMENT_SYSTEM,Common Education Data Standards (CEDS) Version 13 — Postsecondary domain,https://ceds.ed.gov/cedselementdetails.aspx?termid=28084,NCES/CEDS,false,LOW,Source-attested CEDS postsecondary element; entity=Organization; category=Organization Information
Sales and Related Occupations,sales and related occupations,ACADEMIC_CONCEPT,IPEDS Glossary 2025-26,https://surveys.nces.ed.gov/ipeds/api/downloads/IPEDSGlossary.csv,NCES/IPEDS,false,LOW,Source-attested IPEDS glossary term.
Sales and services of educational activities,sales and services of educational activities,ACADEMIC_CONCEPT,IPEDS Glossary 2025-26,https://surveys.nces.ed.gov/ipeds/api/downloads/IPEDSGlossary.csv,NCES/IPEDS,true,LOW,Derived mechanically from source-attested form “Sales and services of educational activities (revenues)” (parenthetical-label-stripped); not independently source-attested as a standalone term.
Sales and services of educational activities (revenues),sales and services of educational activities revenues,ACADEMIC_CONCEPT,IPEDS Glossary 2025-26,https://surveys.nces.ed.gov/ipeds/api/downloads/IPEDSGlossary.csv,NCES/IPEDS,false,LOW,Source-attested IPEDS glossary term.
Sales and services of hospitals,sales and services of hospitals,ACADEMIC_CONCEPT,IPEDS Glossary 2025-26,https://surveys.nces.ed.gov/ipeds/api/downloads/IPEDSGlossary.csv,NCES/IPEDS,true,LOW,Derived mechanically from source-attested form “Sales and services of hospitals (revenues)” (parenthetical-label-stripped); not independently source-attested as a standalone term.
Sales and services of hospitals (revenues),sales and services of hospitals revenues,ACADEMIC_CONCEPT,IPEDS Glossary 2025-26,https://surveys.nces.ed.gov/ipeds/api/downloads/IPEDSGlossary.csv,NCES/IPEDS,false,LOW,Source-attested IPEDS glossary term.
SAP,sap,ACADEMIC_CONCEPT,UT Austin Office of the Registrar Glossary of Catalog Terminology,https://registrar.utexas.edu/catalogs/glossary,Public institutional catalog/registrar glossary,true,MEDIUM,Derived mechanically from source-attested form “Satisfactory Academic Progress (SAP)” (parenthetical-code-extracted); not independently source-attested as a standalone term.
SAT,sat,ACADEMIC_CONCEPT,IPEDS Glossary 2025-26,https://surveys.nces.ed.gov/ipeds/api/downloads/IPEDSGlossary.csv,NCES/IPEDS,false,MEDIUM,Source-attested IPEDS glossary term.
Satisfactory Academic Progress,satisfactory academic progress,ACADEMIC_CONCEPT,UT Austin Office of the Registrar Glossary of Catalog Terminology,https://registrar.utexas.edu/catalogs/glossary,Public institutional catalog/registrar glossary,true,LOW,Derived mechanically from source-attested form “Satisfactory Academic Progress (SAP)” (parenthetical-label-stripped); not independently source-attested as a standalone term.
Satisfactory Academic Progress (SAP),satisfactory academic progress sap,ACADEMIC_CONCEPT,Federal Student Aid Handbook Glossary,https://fsapartners.ed.gov/knowledge-center/fsa-handbook/glossary,Federal Student Aid glossary,false,MEDIUM,Source-attested term; included to strengthen operational coverage outside the federal IPEDS/CEDS backbone.
Satisfactory Academic Progress (SAP),satisfactory academic progress sap,ACADEMIC_CONCEPT,UT Austin Office of the Registrar Glossary of Catalog Terminology,https://registrar.utexas.edu/catalogs/glossary,Public institutional catalog/registrar glossary,false,MEDIUM,Source-attested term; included to strengthen operational coverage outside the federal IPEDS/CEDS backbone.
SCH,sch,ACADEMIC_CONCEPT,UT Austin Office of the Registrar Glossary of Catalog Terminology,https://registrar.utexas.edu/catalogs/glossary,Public institutional catalog/registrar glossary,true,MEDIUM,Derived mechanically from source-attested form “Semester Credit Hours (SCH)” (parenthetical-code-extracted); not independently source-attested as a standalone term.
Scholarships,scholarships,OTHER_DOMAIN_TERM,IPEDS Glossary 2025-26,https://surveys.nces.ed.gov/ipeds/api/downloads/IPEDSGlossary.csv,NCES/IPEDS,false,HIGH,Source-attested IPEDS glossary term.
Scholarships and fellowships,scholarships and fellowships,ACADEMIC_CONCEPT,IPEDS Glossary 2025-26,https://surveys.nces.ed.gov/ipeds/api/downloads/IPEDSGlossary.csv,NCES/IPEDS,false,LOW,Source-attested IPEDS glossary term.
Scholarships and fellowships (expenses),scholarships and fellowships expenses,ACADEMIC_CONCEPT,IPEDS Glossary 2025-26,https://surveys.nces.ed.gov/ipeds/api/downloads/IPEDSGlossary.csv,NCES/IPEDS,false,LOW,Source-attested IPEDS glossary term.
School,school,ORGANIZATION,UT Austin Office of the Registrar Glossary of Catalog Terminology,https://registrar.utexas.edu/catalogs/glossary,Public institutional catalog/registrar glossary,false,HIGH,Source-attested term; included to strengthen operational coverage outside the federal IPEDS/CEDS backbone.
School Identification System,school identification system,ORGANIZATION,Common Education Data Standards (CEDS) Version 13 — Postsecondary domain,https://ceds.ed.gov/cedselementdetails.aspx?termid=26161,NCES/CEDS,false,LOW,Source-attested CEDS postsecondary element; entity=PS Institution; category=Identification
School Identifier,school identifier,ORGANIZATION,Common Education Data Standards (CEDS) Version 13 — Postsecondary domain,https://ceds.ed.gov/cedselementdetails.aspx?termid=26155,NCES/CEDS,false,MEDIUM,Source-attested CEDS postsecondary element; entity=PS Institution; category=Identification
School Major,school major,ORGANIZATION,UT Austin Office of the Registrar Glossary of Catalog Terminology,https://registrar.utexas.edu/catalogs/glossary,Public institutional catalog/registrar glossary,true,MEDIUM,Derived mechanically from source-attested form “School Major (Code)” (parenthetical-label-stripped); not independently source-attested as a standalone term.
School Major (Code),school major code,ORGANIZATION,UT Austin Office of the Registrar Glossary of Catalog Terminology,https://registrar.utexas.edu/catalogs/glossary,Public institutional catalog/registrar glossary,false,LOW,Source-attested term; included to strengthen operational coverage outside the federal IPEDS/CEDS backbone.
School Major Special Advising Area,school major special advising area,ORGANIZATION,UT Austin Office of the Registrar Glossary of Catalog Terminology,https://registrar.utexas.edu/catalogs/glossary,Public institutional catalog/registrar glossary,true,LOW,Derived mechanically from source-attested form “School Major Special Advising Area (Code)” (parenthetical-label-stripped); not independently source-attested as a standalone term.
School Major Special Advising Area (Code),school major special advising area code,ORGANIZATION,UT Austin Office of the Registrar Glossary of Catalog Terminology,https://registrar.utexas.edu/catalogs/glossary,Public institutional catalog/registrar glossary,false,LOW,Source-attested term; included to strengthen operational coverage outside the federal IPEDS/CEDS backbone.
"Schools of art, music, and design",schools of art music and design,ACADEMIC_CONCEPT,IPEDS Glossary 2025-26,https://surveys.nces.ed.gov/ipeds/api/downloads/IPEDSGlossary.csv,NCES/IPEDS,true,LOW,"Derived mechanically from source-attested form “Schools of art, music, and design (Carnegie)” (parenthetical-label-stripped); not independently source-attested as a standalone term."
"Schools of art, music, and design (Carnegie)",schools of art music and design carnegie,ACADEMIC_CONCEPT,IPEDS Glossary 2025-26,https://surveys.nces.ed.gov/ipeds/api/downloads/IPEDSGlossary.csv,NCES/IPEDS,false,LOW,"Source-attested IPEDS glossary term. Related item: Carnegie Classification,Specialized institutions (Carnegie)"
Schools of business and management,schools of business and management,ACADEMIC_CONCEPT,IPEDS Glossary 2025-26,https://surveys.nces.ed.gov/ipeds/api/downloads/IPEDSGlossary.csv,NCES/IPEDS,true,LOW,Derived mechanically from source-attested form “Schools of business and management (Carnegie)” (parenthetical-label-stripped); not independently source-attested as a standalone term.
Schools of business and management (Carnegie),schools of business and management carnegie,ACADEMIC_CONCEPT,IPEDS Glossary 2025-26,https://surveys.nces.ed.gov/ipeds/api/downloads/IPEDSGlossary.csv,NCES/IPEDS,false,LOW,"Source-attested IPEDS glossary term. Related item: Carnegie Classification,Specialized institutions (Carnegie)"
Schools of engineering and technology,schools of engineering and technology,ACADEMIC_CONCEPT,IPEDS Glossary 2025-26,https://surveys.nces.ed.gov/ipeds/api/downloads/IPEDSGlossary.csv,NCES/IPEDS,true,LOW,Derived mechanically from source-attested form “Schools of engineering and technology (Carnegie)” (parenthetical-label-stripped); not independently source-attested as a standalone term.
Schools of engineering and technology (Carnegie),schools of engineering and technology carnegie,ACADEMIC_CONCEPT,IPEDS Glossary 2025-26,https://surveys.nces.ed.gov/ipeds/api/downloads/IPEDSGlossary.csv,NCES/IPEDS,false,LOW,"Source-attested IPEDS glossary term. Related item: Carnegie Classification,Specialized institutions (Carnegie)"
Schools of law,schools of law,OTHER_DOMAIN_TERM,IPEDS Glossary 2025-26,https://surveys.nces.ed.gov/ipeds/api/downloads/IPEDSGlossary.csv,NCES/IPEDS,true,LOW,Derived mechanically from source-attested form “Schools of law (Carnegie)” (parenthetical-label-stripped); not independently source-attested as a standalone term.
Schools of law (Carnegie),schools of law carnegie,OTHER_DOMAIN_TERM,IPEDS Glossary 2025-26,https://surveys.nces.ed.gov/ipeds/api/downloads/IPEDSGlossary.csv,NCES/IPEDS,false,LOW,"Source-attested IPEDS glossary term. Related item: Carnegie Classification,Specialized institutions (Carnegie)"
Section,section,OTHER_DOMAIN_TERM,UT Austin Office of the Registrar Glossary of Catalog Terminology,https://registrar.utexas.edu/catalogs/glossary,Public institutional catalog/registrar glossary,false,HIGH,Source-attested term; included to strengthen operational coverage outside the federal IPEDS/CEDS backbone.
Section 504 Status,section 504 status,OTHER_DOMAIN_TERM,Common Education Data Standards (CEDS) Version 13 — Postsecondary domain,https://ceds.ed.gov/cedselementdetails.aspx?termid=26249,NCES/CEDS,false,LOW,Source-attested CEDS postsecondary element; entity=PS Student; category=Disability
Sector,sector,OTHER_DOMAIN_TERM,IPEDS Glossary 2025-26,https://surveys.nces.ed.gov/ipeds/api/downloads/IPEDSGlossary.csv,NCES/IPEDS,false,HIGH,Source-attested IPEDS glossary term.
Semester,semester,ACADEMIC_CONCEPT,UT Austin Office of the Registrar Glossary of Catalog Terminology,https://registrar.utexas.edu/catalogs/glossary,Public institutional catalog/registrar glossary,false,HIGH,Source-attested term; included to strengthen operational coverage outside the federal IPEDS/CEDS backbone.
Semester (calendar system),semester calendar system,DOCUMENT_SYSTEM,IPEDS Glossary 2025-26,https://surveys.nces.ed.gov/ipeds/api/downloads/IPEDSGlossary.csv,NCES/IPEDS,false,LOW,Source-attested IPEDS glossary term.
Semester Credit Hours,semester credit hours,ACADEMIC_CONCEPT,UT Austin Office of the Registrar Glossary of Catalog Terminology,https://registrar.utexas.edu/catalogs/glossary,Public institutional catalog/registrar glossary,true,LOW,Derived mechanically from source-attested form “Semester Credit Hours (SCH)” (parenthetical-label-stripped); not independently source-attested as a standalone term.
Semester Credit Hours (SCH),semester credit hours sch,ACADEMIC_CONCEPT,UT Austin Office of the Registrar Glossary of Catalog Terminology,https://registrar.utexas.edu/catalogs/glossary,Public institutional catalog/registrar glossary,false,MEDIUM,Source-attested term; included to strengthen operational coverage outside the federal IPEDS/CEDS backbone.
Service/maintenance,service maintenance,ACADEMIC_CONCEPT,IPEDS Glossary 2025-26,https://surveys.nces.ed.gov/ipeds/api/downloads/IPEDSGlossary.csv,NCES/IPEDS,false,LOW,Source-attested IPEDS glossary term.
Service Occupations,service occupations,ACADEMIC_CONCEPT,IPEDS Glossary 2025-26,https://surveys.nces.ed.gov/ipeds/api/downloads/IPEDSGlossary.csv,NCES/IPEDS,false,LOW,Source-attested IPEDS glossary term.
Servicemembers Opportunity Colleges,servicemembers opportunity colleges,OTHER_DOMAIN_TERM,IPEDS Glossary 2025-26,https://surveys.nces.ed.gov/ipeds/api/downloads/IPEDSGlossary.csv,NCES/IPEDS,false,LOW,Source-attested IPEDS glossary term.
Session,session,ACADEMIC_CONCEPT,UT Austin Office of the Registrar Glossary of Catalog Terminology,https://registrar.utexas.edu/catalogs/glossary,Public institutional catalog/registrar glossary,false,HIGH,Source-attested term; included to strengthen operational coverage outside the federal IPEDS/CEDS backbone.
Session Designator,session designator,ACADEMIC_CONCEPT,Common Education Data Standards (CEDS) Version 13 — Postsecondary domain,https://ceds.ed.gov/cedselementdetails.aspx?termid=26252,NCES/CEDS,false,MEDIUM,Source-attested CEDS postsecondary element; entity=PS Institution; category=Directory
Sex,sex,OTHER_DOMAIN_TERM,Common Education Data Standards (CEDS) Version 13 — Postsecondary domain,https://ceds.ed.gov/cedselementdetails.aspx?termid=26255,NCES/CEDS,false,HIGH,Source-attested CEDS postsecondary element; entity=PS Student; category=Demographic
SFA,sfa,ROLE,IPEDS Glossary 2025-26,https://surveys.nces.ed.gov/ipeds/api/downloads/IPEDSGlossary.csv,NCES/IPEDS,true,MEDIUM,Derived mechanically from source-attested form “Student Financial Aid (SFA)” (parenthetical-code-extracted); not independently source-attested as a standalone term.
Shared library,shared library,OTHER_DOMAIN_TERM,IPEDS Glossary 2025-26,https://surveys.nces.ed.gov/ipeds/api/downloads/IPEDSGlossary.csv,NCES/IPEDS,false,LOW,Source-attested IPEDS glossary term.
Short Name of Organization,short name of organization,OTHER_DOMAIN_TERM,Common Education Data Standards (CEDS) Version 13 — Postsecondary domain,https://ceds.ed.gov/cedselementdetails.aspx?termid=27459,NCES/CEDS,false,LOW,Source-attested CEDS postsecondary element; entity=Organization; category=Identification
Single Parent or Single Pregnant Woman Status,single parent or single pregnant woman status,ACADEMIC_CONCEPT,Common Education Data Standards (CEDS) Version 13 — Postsecondary domain,https://ceds.ed.gov/cedselementdetails.aspx?termid=26573,NCES/CEDS,false,LOW,Source-attested CEDS postsecondary element; entity=PS Student; category=Demographic
Size of High School Graduating Class,size of high school graduating class,ORGANIZATION,Common Education Data Standards (CEDS) Version 13 — Postsecondary domain,https://ceds.ed.gov/cedselementdetails.aspx?termid=26294,NCES/CEDS,false,LOW,Source-attested CEDS postsecondary element; entity=PS Applicant
Skilled crafts,skilled crafts,ACADEMIC_CONCEPT,IPEDS Glossary 2025-26,https://surveys.nces.ed.gov/ipeds/api/downloads/IPEDSGlossary.csv,NCES/IPEDS,false,LOW,Source-attested IPEDS glossary term.
Sorority Participation Status,sorority participation status,OTHER_DOMAIN_TERM,Common Education Data Standards (CEDS) Version 13 — Postsecondary domain,https://ceds.ed.gov/cedselementdetails.aspx?termid=26744,NCES/CEDS,false,LOW,Source-attested CEDS postsecondary element; entity=PS Student; category=Term Enrollment
SOT,sot,ACADEMIC_CONCEPT,National Student Clearinghouse Compliance Central Glossary,https://help.studentclearinghouse.org/compliancecentral/knowledge-base/glossary/,Sector enrollment reporting glossary,true,MEDIUM,Derived mechanically from source-attested form “Subsequent of Term (SOT)” (parenthetical-code-extracted); not independently source-attested as a standalone term.
Special admissions tests,special admissions tests,PROCESS_EVENT,IPEDS Glossary 2025-26,https://surveys.nces.ed.gov/ipeds/api/downloads/IPEDSGlossary.csv,NCES/IPEDS,false,LOW,Source-attested IPEDS glossary term.
Special Circumstances Population Served,special circumstances population served,ACADEMIC_CONCEPT,Common Education Data Standards (CEDS) Version 13 — Postsecondary domain,https://ceds.ed.gov/cedselementdetails.aspx?termid=26852,NCES/CEDS,false,LOW,Source-attested CEDS postsecondary element; entity=Organization; category=Organization Information
Specialized accreditation,specialized accreditation,ACADEMIC_CONCEPT,IPEDS Glossary 2025-26,https://surveys.nces.ed.gov/ipeds/api/downloads/IPEDSGlossary.csv,NCES/IPEDS,false,LOW,"Source-attested IPEDS glossary term. Related item: Accrediting agencies,Accrediting bodies"
Specialized institutions,specialized institutions,ACADEMIC_CONCEPT,IPEDS Glossary 2025-26,https://surveys.nces.ed.gov/ipeds/api/downloads/IPEDSGlossary.csv,NCES/IPEDS,true,LOW,Derived mechanically from source-attested form “Specialized institutions (Carnegie)” (parenthetical-label-stripped); not independently source-attested as a standalone term.
Specialized institutions (Carnegie),specialized institutions carnegie,ACADEMIC_CONCEPT,IPEDS Glossary 2025-26,https://surveys.nces.ed.gov/ipeds/api/downloads/IPEDSGlossary.csv,NCES/IPEDS,false,LOW,"Source-attested IPEDS glossary term. Related item: Medical schools and medical centers (Carnegie),Other separate health profession schools (Carnegie),Other specialized institutions (Carnegie),Schools of art, music, and design (Carnegie),Schools of business and management (Carnegie),Schools of engineering and technology (Carnegie),Schools of law (Carnegie),Teachers colleges (Carnegie),Theological seminaries and other specialized faith-related institutions (Carnegie)"
Staff Full Time Equivalency,staff full time equivalency,ROLE,Common Education Data Standards (CEDS) Version 13 — Postsecondary domain,https://ceds.ed.gov/cedselementdetails.aspx?termid=26118,NCES/CEDS,false,LOW,Source-attested CEDS postsecondary element; entity=PS Staff; category=Employment
Staff Member Identification System,staff member identification system,ROLE,Common Education Data Standards (CEDS) Version 13 — Postsecondary domain,https://ceds.ed.gov/cedselementdetails.aspx?termid=26162,NCES/CEDS,false,LOW,Source-attested CEDS postsecondary element; entity=PS Staff; category=Identity->Identification
Staff Member Identifier,staff member identifier,ROLE,Common Education Data Standards (CEDS) Version 13 — Postsecondary domain,https://ceds.ed.gov/cedselementdetails.aspx?termid=26156,NCES/CEDS,false,LOW,Source-attested CEDS postsecondary element; entity=PS Staff; category=Identity->Identification
Stafford Loans,stafford loans,ACADEMIC_CONCEPT,IPEDS Glossary 2025-26,https://surveys.nces.ed.gov/ipeds/api/downloads/IPEDSGlossary.csv,NCES/IPEDS,false,MEDIUM,Source-attested IPEDS glossary term.
Standard Occupational Classification,standard occupational classification,OTHER_DOMAIN_TERM,Common Education Data Standards (CEDS) Version 13 — Postsecondary domain,https://ceds.ed.gov/cedselementdetails.aspx?termid=26707,NCES/CEDS,false,LOW,Source-attested CEDS postsecondary element; entity=PS Student; category=Demographic
Standard term,standard term,ACADEMIC_CONCEPT,IPEDS Glossary 2025-26,https://surveys.nces.ed.gov/ipeds/api/downloads/IPEDSGlossary.csv,NCES/IPEDS,false,MEDIUM,Source-attested IPEDS glossary term.
Standardized Admission Test Score,standardized admission test score,PROCESS_EVENT,Common Education Data Standards (CEDS) Version 13 — Postsecondary domain,https://ceds.ed.gov/cedselementdetails.aspx?termid=26265,NCES/CEDS,false,LOW,Source-attested CEDS postsecondary element; entity=PS Student; category=Application
Standardized Admission Test Type,standardized admission test type,PROCESS_EVENT,Common Education Data Standards (CEDS) Version 13 — Postsecondary domain,https://ceds.ed.gov/cedselementdetails.aspx?termid=26266,NCES/CEDS,false,LOW,Source-attested CEDS postsecondary element; entity=PS Student; category=Application
Standardized admissions tests,standardized admissions tests,PROCESS_EVENT,IPEDS Glossary 2025-26,https://surveys.nces.ed.gov/ipeds/api/downloads/IPEDSGlossary.csv,NCES/IPEDS,false,LOW,Source-attested IPEDS glossary term.
State Abbreviation,state abbreviation,OTHER_DOMAIN_TERM,Common Education Data Standards (CEDS) Version 13 — Postsecondary domain,https://ceds.ed.gov/cedselementdetails.aspx?termid=26267,NCES/CEDS,false,LOW,Source-attested CEDS postsecondary element; entity=Organization; category=Address
State and local government grants,state and local government grants,ACADEMIC_CONCEPT,IPEDS Glossary 2025-26,https://surveys.nces.ed.gov/ipeds/api/downloads/IPEDSGlossary.csv,NCES/IPEDS,false,LOW,Source-attested IPEDS glossary term.
State and local government grants and contracts,state and local government grants and contracts,OTHER_DOMAIN_TERM,IPEDS Glossary 2025-26,https://surveys.nces.ed.gov/ipeds/api/downloads/IPEDSGlossary.csv,NCES/IPEDS,true,LOW,Derived mechanically from source-attested form “State and local government grants and contracts (revenues)” (parenthetical-label-stripped); not independently source-attested as a standalone term.
State and local government grants and contracts (revenues),state and local government grants and contracts revenues,OTHER_DOMAIN_TERM,IPEDS Glossary 2025-26,https://surveys.nces.ed.gov/ipeds/api/downloads/IPEDSGlossary.csv,NCES/IPEDS,false,LOW,Source-attested IPEDS glossary term.
State and local grants,state and local grants,ACADEMIC_CONCEPT,IPEDS Glossary 2025-26,https://surveys.nces.ed.gov/ipeds/api/downloads/IPEDSGlossary.csv,NCES/IPEDS,false,LOW,Source-attested IPEDS glossary term.
State government grants and contracts,state government grants and contracts,OTHER_DOMAIN_TERM,IPEDS Glossary 2025-26,https://surveys.nces.ed.gov/ipeds/api/downloads/IPEDSGlossary.csv,NCES/IPEDS,true,LOW,Derived mechanically from source-attested form “State government grants and contracts (revenues)” (parenthetical-label-stripped); not independently source-attested as a standalone term.
State government grants and contracts (revenues),state government grants and contracts revenues,OTHER_DOMAIN_TERM,IPEDS Glossary 2025-26,https://surveys.nces.ed.gov/ipeds/api/downloads/IPEDSGlossary.csv,NCES/IPEDS,false,LOW,Source-attested IPEDS glossary term.
State grants,state grants,OTHER_DOMAIN_TERM,IPEDS Glossary 2025-26,https://surveys.nces.ed.gov/ipeds/api/downloads/IPEDSGlossary.csv,NCES/IPEDS,true,LOW,Derived mechanically from source-attested form “State grants (revenues)” (parenthetical-label-stripped); not independently source-attested as a standalone term.
State grants (revenues),state grants revenues,OTHER_DOMAIN_TERM,IPEDS Glossary 2025-26,https://surveys.nces.ed.gov/ipeds/api/downloads/IPEDSGlossary.csv,NCES/IPEDS,false,LOW,Source-attested IPEDS glossary term.
State of Residence,state of residence,OTHER_DOMAIN_TERM,Common Education Data Standards (CEDS) Version 13 — Postsecondary domain,https://ceds.ed.gov/cedselementdetails.aspx?termid=26268,NCES/CEDS,false,LOW,Source-attested CEDS postsecondary element; entity=PS Student; category=Contact->Address
State of residence,state of residence,OTHER_DOMAIN_TERM,IPEDS Glossary 2025-26,https://surveys.nces.ed.gov/ipeds/api/downloads/IPEDSGlossary.csv,NCES/IPEDS,false,LOW,Source-attested IPEDS glossary term.
State unknown,state unknown,OTHER_DOMAIN_TERM,IPEDS Glossary 2025-26,https://surveys.nces.ed.gov/ipeds/api/downloads/IPEDSGlossary.csv,NCES/IPEDS,false,LOW,Source-attested IPEDS glossary term.
Status date,status date,OTHER_DOMAIN_TERM,IPEDS Glossary 2025-26,https://surveys.nces.ed.gov/ipeds/api/downloads/IPEDSGlossary.csv,NCES/IPEDS,false,MEDIUM,Source-attested IPEDS glossary term.
Status End Date,status end date,OTHER_DOMAIN_TERM,Common Education Data Standards (CEDS) Version 13 — Postsecondary domain,https://ceds.ed.gov/cedselementdetails.aspx?termid=27193,NCES/CEDS,false,LOW,Source-attested CEDS postsecondary element; entity=PS Student; category=Economically Disadvantaged
Status indicators,status indicators,OTHER_DOMAIN_TERM,IPEDS Glossary 2025-26,https://surveys.nces.ed.gov/ipeds/api/downloads/IPEDSGlossary.csv,NCES/IPEDS,false,MEDIUM,Source-attested IPEDS glossary term.
Status Start Date,status start date,OTHER_DOMAIN_TERM,Common Education Data Standards (CEDS) Version 13 — Postsecondary domain,https://ceds.ed.gov/cedselementdetails.aspx?termid=27192,NCES/CEDS,false,LOW,Source-attested CEDS postsecondary element; entity=PS Student; category=Economically Disadvantaged
Stop out,stop out,OTHER_DOMAIN_TERM,IPEDS Glossary 2025-26,https://surveys.nces.ed.gov/ipeds/api/downloads/IPEDSGlossary.csv,NCES/IPEDS,false,LOW,Source-attested IPEDS glossary term.
Student activities,student activities,ROLE,IPEDS Glossary 2025-26,https://surveys.nces.ed.gov/ipeds/api/downloads/IPEDSGlossary.csv,NCES/IPEDS,false,LOW,Source-attested IPEDS glossary term.
Student aid assets,student aid assets,ROLE,IPEDS Glossary 2025-26,https://surveys.nces.ed.gov/ipeds/api/downloads/IPEDSGlossary.csv,NCES/IPEDS,false,LOW,Source-attested IPEDS glossary term.
Student Aid Index,student aid index,ROLE,Federal Student Aid Handbook Glossary,https://fsapartners.ed.gov/knowledge-center/fsa-handbook/glossary,Federal Student Aid glossary,true,LOW,Derived mechanically from source-attested form “Student Aid Index (SAI)” (parenthetical-label-stripped); not independently source-attested as a standalone term.
Student Aid Index (SAI),student aid index sai,ROLE,Federal Student Aid Handbook Glossary,https://fsapartners.ed.gov/knowledge-center/fsa-handbook/glossary,Federal Student Aid glossary,false,MEDIUM,Source-attested term; included to strengthen operational coverage outside the federal IPEDS/CEDS backbone.
Student Aid Internet Gateway,student aid internet gateway,ROLE,Federal Student Aid Handbook Glossary,https://fsapartners.ed.gov/knowledge-center/fsa-handbook/glossary,Federal Student Aid glossary,true,LOW,Derived mechanically from source-attested form “Student Aid Internet Gateway (SAIG)” (parenthetical-label-stripped); not independently source-attested as a standalone term.
Student Aid Internet Gateway (SAIG),student aid internet gateway saig,ROLE,Federal Student Aid Handbook Glossary,https://fsapartners.ed.gov/knowledge-center/fsa-handbook/glossary,Federal Student Aid glossary,false,MEDIUM,Source-attested term; included to strengthen operational coverage outside the federal IPEDS/CEDS backbone.
Student and Academic Affairs and Other Education Services Occupations,student and academic affairs and other education services occupations,ACADEMIC_CONCEPT,IPEDS Glossary 2025-26,https://surveys.nces.ed.gov/ipeds/api/downloads/IPEDSGlossary.csv,NCES/IPEDS,false,LOW,Source-attested IPEDS glossary term.
Student counts,student counts,ROLE,IPEDS Glossary 2025-26,https://surveys.nces.ed.gov/ipeds/api/downloads/IPEDSGlossary.csv,NCES/IPEDS,false,LOW,Source-attested IPEDS glossary term.
Student Course Section Grade Earned,student course section grade earned,ROLE,Common Education Data Standards (CEDS) Version 13 — Postsecondary domain,https://ceds.ed.gov/cedselementdetails.aspx?termid=26124,NCES/CEDS,false,LOW,Source-attested CEDS postsecondary element; entity=Course Section; category=Enrollment
Student Course Section Grade Narrative,student course section grade narrative,ROLE,Common Education Data Standards (CEDS) Version 13 — Postsecondary domain,https://ceds.ed.gov/cedselementdetails.aspx?termid=27552,NCES/CEDS,false,LOW,Source-attested CEDS postsecondary element; entity=Course Section; category=Enrollment
Student Course Section Mark Final Indicator,student course section mark final indicator,ROLE,Common Education Data Standards (CEDS) Version 13 — Postsecondary domain,https://ceds.ed.gov/cedselementdetails.aspx?termid=27191,NCES/CEDS,false,LOW,Source-attested CEDS postsecondary element; entity=Course Section; category=Enrollment->Student Course Section Mark
Student Financial Aid,student financial aid,ROLE,IPEDS Glossary 2025-26,https://surveys.nces.ed.gov/ipeds/api/downloads/IPEDSGlossary.csv,NCES/IPEDS,true,LOW,Derived mechanically from source-attested form “Student Financial Aid (SFA)” (parenthetical-label-stripped); not independently source-attested as a standalone term.
Student Financial Aid (SFA),student financial aid sfa,ROLE,IPEDS Glossary 2025-26,https://surveys.nces.ed.gov/ipeds/api/downloads/IPEDSGlossary.csv,NCES/IPEDS,false,MEDIUM,Source-attested IPEDS glossary term.
Student Identification System,student identification system,ROLE,Common Education Data Standards (CEDS) Version 13 — Postsecondary domain,https://ceds.ed.gov/cedselementdetails.aspx?termid=26163,NCES/CEDS,false,LOW,Source-attested CEDS postsecondary element; entity=PS Student; category=Identity->Identification
Student Identifier,student identifier,ROLE,Common Education Data Standards (CEDS) Version 13 — Postsecondary domain,https://ceds.ed.gov/cedselementdetails.aspx?termid=26157,NCES/CEDS,false,LOW,Source-attested CEDS postsecondary element; entity=PS Student; category=Identity->Identification
Student Level,student level,ROLE,Common Education Data Standards (CEDS) Version 13 — Postsecondary domain,https://ceds.ed.gov/cedselementdetails.aspx?termid=26272,NCES/CEDS,false,MEDIUM,Source-attested CEDS postsecondary element; entity=PS Student; category=Institution Enrollment
Student level,student level,ROLE,IPEDS Glossary 2025-26,https://surveys.nces.ed.gov/ipeds/api/downloads/IPEDSGlossary.csv,NCES/IPEDS,false,MEDIUM,"Source-attested IPEDS glossary term. Related item: Graduate student,Undergraduate student"
Student Right-to-Know Act,student right to know act,ROLE,IPEDS Glossary 2025-26,https://surveys.nces.ed.gov/ipeds/api/downloads/IPEDSGlossary.csv,NCES/IPEDS,false,LOW,Source-attested IPEDS glossary term.
Student services,student services,ROLE,IPEDS Glossary 2025-26,https://surveys.nces.ed.gov/ipeds/api/downloads/IPEDSGlossary.csv,NCES/IPEDS,false,LOW,Source-attested IPEDS glossary term.
Student Support Service Availability Type,student support service availability type,ROLE,Common Education Data Standards (CEDS) Version 13 — Postsecondary domain,https://ceds.ed.gov/cedselementdetails.aspx?termid=27994,NCES/CEDS,false,LOW,Source-attested CEDS postsecondary element; entity=PS Institution; category=Program
Student Support Service Type,student support service type,ROLE,Common Education Data Standards (CEDS) Version 13 — Postsecondary domain,https://ceds.ed.gov/cedselementdetails.aspx?termid=26273,NCES/CEDS,false,LOW,Source-attested CEDS postsecondary element; entity=PS Institution; category=Program
Student-to-faculty ratio,student to faculty ratio,ROLE,IPEDS Glossary 2025-26,https://surveys.nces.ed.gov/ipeds/api/downloads/IPEDSGlossary.csv,NCES/IPEDS,false,LOW,Source-attested IPEDS glossary term.
Study abroad,study abroad,ACADEMIC_CONCEPT,IPEDS Glossary 2025-26,https://surveys.nces.ed.gov/ipeds/api/downloads/IPEDSGlossary.csv,NCES/IPEDS,false,MEDIUM,Source-attested IPEDS glossary term.
Subcohort,subcohort,ACADEMIC_CONCEPT,IPEDS Glossary 2025-26,https://surveys.nces.ed.gov/ipeds/api/downloads/IPEDSGlossary.csv,NCES/IPEDS,false,HIGH,Source-attested IPEDS glossary term.
Submission Schedule,submission schedule,DOCUMENT_SYSTEM,National Student Clearinghouse Compliance Central Glossary,https://help.studentclearinghouse.org/compliancecentral/knowledge-base/glossary/,Sector enrollment reporting glossary,false,MEDIUM,Source-attested term; included to strengthen operational coverage outside the federal IPEDS/CEDS backbone.
Subsequent of Term,subsequent of term,ACADEMIC_CONCEPT,National Student Clearinghouse Compliance Central Glossary,https://help.studentclearinghouse.org/compliancecentral/knowledge-base/glossary/,Sector enrollment reporting glossary,true,LOW,Derived mechanically from source-attested form “Subsequent of Term (SOT)” (parenthetical-label-stripped); not independently source-attested as a standalone term.
Subsequent of Term (SOT),subsequent of term sot,ACADEMIC_CONCEPT,National Student Clearinghouse Compliance Central Glossary,https://help.studentclearinghouse.org/compliancecentral/knowledge-base/glossary/,Sector enrollment reporting glossary,false,MEDIUM,Source-attested term; included to strengthen operational coverage outside the federal IPEDS/CEDS backbone.
Summer First of Term (Summer FOT),summer first of term summer fot,ACADEMIC_CONCEPT,National Student Clearinghouse Compliance Central Glossary,https://help.studentclearinghouse.org/compliancecentral/knowledge-base/glossary/,Sector enrollment reporting glossary,false,MEDIUM,Source-attested term; included to strengthen operational coverage outside the federal IPEDS/CEDS backbone.
Summer Subsequent of Term (Summer SOT),summer subsequent of term summer sot,ACADEMIC_CONCEPT,National Student Clearinghouse Compliance Central Glossary,https://help.studentclearinghouse.org/compliancecentral/knowledge-base/glossary/,Sector enrollment reporting glossary,false,MEDIUM,Source-attested term; included to strengthen operational coverage outside the federal IPEDS/CEDS backbone.
Supervised Clinical Experience,supervised clinical experience,ACADEMIC_CONCEPT,Common Education Data Standards (CEDS) Version 13 — Postsecondary domain,https://ceds.ed.gov/cedselementdetails.aspx?termid=26754,NCES/CEDS,false,LOW,Source-attested CEDS postsecondary element; entity=PS Student; category=Teacher Education/Preparation
Supervised Clinical Experience Clock Hours,supervised clinical experience clock hours,ACADEMIC_CONCEPT,Common Education Data Standards (CEDS) Version 13 — Postsecondary domain,https://ceds.ed.gov/cedselementdetails.aspx?termid=26755,NCES/CEDS,false,LOW,Source-attested CEDS postsecondary element; entity=PS Student; category=Teacher Education/Preparation
Supporting Coursework,supporting coursework,OTHER_DOMAIN_TERM,UT Austin Office of the Registrar Glossary of Catalog Terminology,https://registrar.utexas.edu/catalogs/glossary,Public institutional catalog/registrar glossary,false,LOW,Source-attested term; included to strengthen operational coverage outside the federal IPEDS/CEDS backbone.
Survey status,survey status,OTHER_DOMAIN_TERM,IPEDS Glossary 2025-26,https://surveys.nces.ed.gov/ipeds/api/downloads/IPEDSGlossary.csv,NCES/IPEDS,false,MEDIUM,Source-attested IPEDS glossary term. Related item: Status indicators
System,system,DOCUMENT_SYSTEM,IPEDS Glossary 2025-26,https://surveys.nces.ed.gov/ipeds/api/downloads/IPEDSGlossary.csv,NCES/IPEDS,false,HIGH,Source-attested IPEDS glossary term.
TBD,tbd,ACADEMIC_CONCEPT,National Student Clearinghouse Compliance Central Glossary,https://help.studentclearinghouse.org/compliancecentral/knowledge-base/glossary/,Sector enrollment reporting glossary,true,MEDIUM,Derived mechanically from source-attested form “Term Begin Date (TBD)” (parenthetical-code-extracted); not independently source-attested as a standalone term.
Teacher certification program,teacher certification program,ROLE,IPEDS Glossary 2025-26,https://surveys.nces.ed.gov/ipeds/api/downloads/IPEDSGlossary.csv,NCES/IPEDS,false,LOW,Source-attested IPEDS glossary term.
Teacher Education Assistance for College and Higher Education (TEACH) Grant,teacher education assistance for college and higher education teach grant,ORGANIZATION,Federal Student Aid Handbook Glossary,https://fsapartners.ed.gov/knowledge-center/fsa-handbook/glossary,Federal Student Aid glossary,false,MEDIUM,Source-attested term; included to strengthen operational coverage outside the federal IPEDS/CEDS backbone.
Teacher Education Credential Exam Score Type,teacher education credential exam score type,ROLE,Common Education Data Standards (CEDS) Version 13 — Postsecondary domain,https://ceds.ed.gov/cedselementdetails.aspx?termid=26757,NCES/CEDS,false,LOW,Source-attested CEDS postsecondary element; entity=PS Student; category=Teacher Education/Preparation
Teacher Education Credential Exam Type,teacher education credential exam type,ROLE,Common Education Data Standards (CEDS) Version 13 — Postsecondary domain,https://ceds.ed.gov/cedselementdetails.aspx?termid=26756,NCES/CEDS,false,LOW,Source-attested CEDS postsecondary element; entity=PS Student; category=Teacher Education/Preparation
Teacher Education Test Company,teacher education test company,ROLE,Common Education Data Standards (CEDS) Version 13 — Postsecondary domain,https://ceds.ed.gov/cedselementdetails.aspx?termid=26748,NCES/CEDS,false,LOW,Source-attested CEDS postsecondary element; entity=PS Student; category=Teacher Education/Preparation
Teacher Preparation Program Completer Status,teacher preparation program completer status,ROLE,Common Education Data Standards (CEDS) Version 13 — Postsecondary domain,https://ceds.ed.gov/cedselementdetails.aspx?termid=26750,NCES/CEDS,false,LOW,Source-attested CEDS postsecondary element; entity=PS Student; category=Teacher Education/Preparation
Teacher Preparation Program Enrollment Status,teacher preparation program enrollment status,ROLE,Common Education Data Standards (CEDS) Version 13 — Postsecondary domain,https://ceds.ed.gov/cedselementdetails.aspx?termid=26749,NCES/CEDS,false,LOW,Source-attested CEDS postsecondary element; entity=PS Student; category=Teacher Education/Preparation
Teachers colleges,teachers colleges,ACADEMIC_CONCEPT,IPEDS Glossary 2025-26,https://surveys.nces.ed.gov/ipeds/api/downloads/IPEDSGlossary.csv,NCES/IPEDS,true,LOW,Derived mechanically from source-attested form “Teachers colleges (Carnegie)” (parenthetical-label-stripped); not independently source-attested as a standalone term.
Teachers colleges (Carnegie),teachers colleges carnegie,ACADEMIC_CONCEPT,IPEDS Glossary 2025-26,https://surveys.nces.ed.gov/ipeds/api/downloads/IPEDSGlossary.csv,NCES/IPEDS,false,LOW,"Source-attested IPEDS glossary term. Related item: Carnegie Classification,Specialized institutions (Carnegie)"
Teaching Credential Basis,teaching credential basis,DOCUMENT_SYSTEM,Common Education Data Standards (CEDS) Version 13 — Postsecondary domain,https://ceds.ed.gov/cedselementdetails.aspx?termid=26277,NCES/CEDS,false,LOW,Source-attested CEDS postsecondary element; entity=PS Student; category=Teacher Education/Preparation
Teaching Credential Type,teaching credential type,DOCUMENT_SYSTEM,Common Education Data Standards (CEDS) Version 13 — Postsecondary domain,https://ceds.ed.gov/cedselementdetails.aspx?termid=26278,NCES/CEDS,false,LOW,Source-attested CEDS postsecondary element; entity=PS Student; category=Teacher Education/Preparation
Technical and paraprofessional,technical and paraprofessional,ACADEMIC_CONCEPT,IPEDS Glossary 2025-26,https://surveys.nces.ed.gov/ipeds/api/downloads/IPEDSGlossary.csv,NCES/IPEDS,false,LOW,Source-attested IPEDS glossary term.
Technology Skills Standards Met,technology skills standards met,OTHER_DOMAIN_TERM,Common Education Data Standards (CEDS) Version 13 — Postsecondary domain,https://ceds.ed.gov/cedselementdetails.aspx?termid=26537,NCES/CEDS,false,LOW,Source-attested CEDS postsecondary element; entity=PS Staff; category=Professional Development
TED,ted,ACADEMIC_CONCEPT,National Student Clearinghouse Compliance Central Glossary,https://help.studentclearinghouse.org/compliancecentral/knowledge-base/glossary/,Sector enrollment reporting glossary,true,MEDIUM,Derived mechanically from source-attested form “Term End Date (TED)” (parenthetical-code-extracted); not independently source-attested as a standalone term.
Telephone Number,telephone number,OTHER_DOMAIN_TERM,Common Education Data Standards (CEDS) Version 13 — Postsecondary domain,https://ceds.ed.gov/cedselementdetails.aspx?termid=26279,NCES/CEDS,false,LOW,Source-attested CEDS postsecondary element; entity=Organization; category=Telephone
Telephone Number Listed Status,telephone number listed status,OTHER_DOMAIN_TERM,Common Education Data Standards (CEDS) Version 13 — Postsecondary domain,https://ceds.ed.gov/cedselementdetails.aspx?termid=27911,NCES/CEDS,false,LOW,Source-attested CEDS postsecondary element; entity=Organization; category=Telephone
Telephone Number Type,telephone number type,OTHER_DOMAIN_TERM,Common Education Data Standards (CEDS) Version 13 — Postsecondary domain,https://ceds.ed.gov/cedselementdetails.aspx?termid=26280,NCES/CEDS,false,LOW,Source-attested CEDS postsecondary element; entity=Organization; category=Contact->Telephone
Temporarily restricted,temporarily restricted,OTHER_DOMAIN_TERM,IPEDS Glossary 2025-26,https://surveys.nces.ed.gov/ipeds/api/downloads/IPEDSGlossary.csv,NCES/IPEDS,false,LOW,Source-attested IPEDS glossary term.
Tenure,tenure,OTHER_DOMAIN_TERM,IPEDS Glossary 2025-26,https://surveys.nces.ed.gov/ipeds/api/downloads/IPEDSGlossary.csv,NCES/IPEDS,false,HIGH,Source-attested IPEDS glossary term.
Tenure System,tenure system,DOCUMENT_SYSTEM,Common Education Data Standards (CEDS) Version 13 — Postsecondary domain,https://ceds.ed.gov/cedselementdetails.aspx?termid=26715,NCES/CEDS,false,LOW,Source-attested CEDS postsecondary element; entity=PS Institution; category=Directory
Tenure track,tenure track,OTHER_DOMAIN_TERM,IPEDS Glossary 2025-26,https://surveys.nces.ed.gov/ipeds/api/downloads/IPEDSGlossary.csv,NCES/IPEDS,false,LOW,Source-attested IPEDS glossary term.
Term,term,ACADEMIC_CONCEPT,UT Austin Office of the Registrar Glossary of Catalog Terminology,https://registrar.utexas.edu/catalogs/glossary,Public institutional catalog/registrar glossary,false,HIGH,Source-attested term; included to strengthen operational coverage outside the federal IPEDS/CEDS backbone.
Term Begin Date,term begin date,ACADEMIC_CONCEPT,National Student Clearinghouse Compliance Central Glossary,https://help.studentclearinghouse.org/compliancecentral/knowledge-base/glossary/,Sector enrollment reporting glossary,true,LOW,Derived mechanically from source-attested form “Term Begin Date (TBD)” (parenthetical-label-stripped); not independently source-attested as a standalone term.
Term Begin Date (TBD),term begin date tbd,ACADEMIC_CONCEPT,National Student Clearinghouse Compliance Central Glossary,https://help.studentclearinghouse.org/compliancecentral/knowledge-base/glossary/,Sector enrollment reporting glossary,false,MEDIUM,Source-attested term; included to strengthen operational coverage outside the federal IPEDS/CEDS backbone.
Term End Date,term end date,ACADEMIC_CONCEPT,National Student Clearinghouse Compliance Central Glossary,https://help.studentclearinghouse.org/compliancecentral/knowledge-base/glossary/,Sector enrollment reporting glossary,true,LOW,Derived mechanically from source-attested form “Term End Date (TED)” (parenthetical-label-stripped); not independently source-attested as a standalone term.
Term End Date (TED),term end date ted,ACADEMIC_CONCEPT,National Student Clearinghouse Compliance Central Glossary,https://help.studentclearinghouse.org/compliancecentral/knowledge-base/glossary/,Sector enrollment reporting glossary,false,MEDIUM,Source-attested term; included to strengthen operational coverage outside the federal IPEDS/CEDS backbone.
Term endowment funds,term endowment funds,ACADEMIC_CONCEPT,IPEDS Glossary 2025-26,https://surveys.nces.ed.gov/ipeds/api/downloads/IPEDSGlossary.csv,NCES/IPEDS,false,LOW,Source-attested IPEDS glossary term.
Test of English as a Foreign Language,test of english as a foreign language,ACADEMIC_CONCEPT,IPEDS Glossary 2025-26,https://surveys.nces.ed.gov/ipeds/api/downloads/IPEDSGlossary.csv,NCES/IPEDS,true,LOW,Derived mechanically from source-attested form “Test of English as a Foreign Language (TOEFL)” (parenthetical-label-stripped); not independently source-attested as a standalone term.
Test of English as a Foreign Language (TOEFL),test of english as a foreign language toefl,ACADEMIC_CONCEPT,IPEDS Glossary 2025-26,https://surveys.nces.ed.gov/ipeds/api/downloads/IPEDSGlossary.csv,NCES/IPEDS,false,MEDIUM,Source-attested IPEDS glossary term. Related item: English Proficiency Test
Theological seminaries and other specialized faith-related institutions,theological seminaries and other specialized faith related institutions,ACADEMIC_CONCEPT,IPEDS Glossary 2025-26,https://surveys.nces.ed.gov/ipeds/api/downloads/IPEDSGlossary.csv,NCES/IPEDS,true,LOW,Derived mechanically from source-attested form “Theological seminaries and other specialized faith-related institutions (Carnegie)” (parenthetical-label-stripped); not independently source-attested as a standalone term.
Theological seminaries and other specialized faith-related institutions (Carnegie),theological seminaries and other specialized faith related institutions carnegie,ACADEMIC_CONCEPT,IPEDS Glossary 2025-26,https://surveys.nces.ed.gov/ipeds/api/downloads/IPEDSGlossary.csv,NCES/IPEDS,false,LOW,"Source-attested IPEDS glossary term. Related item: Carnegie Classification,Specialized institutions (Carnegie)"
Thesis or Dissertation Title,thesis or dissertation title,ACADEMIC_CONCEPT,Common Education Data Standards (CEDS) Version 13 — Postsecondary domain,https://ceds.ed.gov/cedselementdetails.aspx?termid=27468,NCES/CEDS,false,LOW,Source-attested CEDS postsecondary element; entity=PS Student; category=Graduate Student
Third-Party Servicer,third party servicer,OTHER_DOMAIN_TERM,National Student Clearinghouse Compliance Central Glossary,https://help.studentclearinghouse.org/compliancecentral/knowledge-base/glossary/,Sector enrollment reporting glossary,false,LOW,Source-attested term; included to strengthen operational coverage outside the federal IPEDS/CEDS backbone.
Three-quarter Time (Q),three quarter time q,ACADEMIC_CONCEPT,National Student Clearinghouse Compliance Central Glossary,https://help.studentclearinghouse.org/compliancecentral/knowledge-base/glossary/,Sector enrollment reporting glossary,false,LOW,Source-attested term; included to strengthen operational coverage outside the federal IPEDS/CEDS backbone.
Title IV,title iv,OTHER_DOMAIN_TERM,Federal Student Aid Handbook Glossary,https://fsapartners.ed.gov/knowledge-center/fsa-handbook/glossary,Federal Student Aid glossary,false,MEDIUM,Source-attested term; included to strengthen operational coverage outside the federal IPEDS/CEDS backbone.
Title IV aid,title iv aid,ACADEMIC_CONCEPT,IPEDS Glossary 2025-26,https://surveys.nces.ed.gov/ipeds/api/downloads/IPEDSGlossary.csv,NCES/IPEDS,false,MEDIUM,Source-attested IPEDS glossary term.
Title IV institution,title iv institution,ORGANIZATION,IPEDS Glossary 2025-26,https://surveys.nces.ed.gov/ipeds/api/downloads/IPEDSGlossary.csv,NCES/IPEDS,false,MEDIUM,Source-attested IPEDS glossary term.
Title IV Participant and Recipient,title iv participant and recipient,OTHER_DOMAIN_TERM,Common Education Data Standards (CEDS) Version 13 — Postsecondary domain,https://ceds.ed.gov/cedselementdetails.aspx?termid=26292,NCES/CEDS,false,MEDIUM,Source-attested CEDS postsecondary element; entity=PS Student; category=Term Enrollment
TOEFL,toefl,ACADEMIC_CONCEPT,IPEDS Glossary 2025-26,https://surveys.nces.ed.gov/ipeds/api/downloads/IPEDSGlossary.csv,NCES/IPEDS,true,MEDIUM,Derived mechanically from source-attested form “Test of English as a Foreign Language (TOEFL)” (parenthetical-code-extracted); not independently source-attested as a standalone term.
Total cost of attendance,total cost of attendance,ACADEMIC_CONCEPT,IPEDS Glossary 2025-26,https://surveys.nces.ed.gov/ipeds/api/downloads/IPEDSGlossary.csv,NCES/IPEDS,false,LOW,Source-attested IPEDS glossary term. Related item: Cost of attendance (COA) [for IPEDS reporting purposes]
Total student charges,total student charges,ROLE,IPEDS Glossary 2025-26,https://surveys.nces.ed.gov/ipeds/api/downloads/IPEDSGlossary.csv,NCES/IPEDS,false,LOW,Source-attested IPEDS glossary term.
Track,track,OTHER_DOMAIN_TERM,UT Austin Office of the Registrar Glossary of Catalog Terminology,https://registrar.utexas.edu/catalogs/glossary,Public institutional catalog/registrar glossary,false,HIGH,Source-attested term; included to strengthen operational coverage outside the federal IPEDS/CEDS backbone.
Transcript,transcript,DOCUMENT_SYSTEM,IPEDS Glossary 2025-26,https://surveys.nces.ed.gov/ipeds/api/downloads/IPEDSGlossary.csv,NCES/IPEDS,false,HIGH,Source-attested IPEDS glossary term.
Transcript-recognized,transcript recognized,DOCUMENT_SYSTEM,UT Austin Office of the Registrar Glossary of Catalog Terminology,https://registrar.utexas.edu/catalogs/glossary,Public institutional catalog/registrar glossary,false,LOW,Source-attested term; included to strengthen operational coverage outside the federal IPEDS/CEDS backbone.
Transcriptable,transcriptable,OTHER_DOMAIN_TERM,UT Austin Office of the Registrar Glossary of Catalog Terminology,https://registrar.utexas.edu/catalogs/glossary,Public institutional catalog/registrar glossary,false,HIGH,Source-attested term; included to strengthen operational coverage outside the federal IPEDS/CEDS backbone.
Transfer-in student,transfer in student,ROLE,IPEDS Glossary 2025-26,https://surveys.nces.ed.gov/ipeds/api/downloads/IPEDSGlossary.csv,NCES/IPEDS,false,LOW,Source-attested IPEDS glossary term.
Transfer of credit,transfer of credit,PROCESS_EVENT,IPEDS Glossary 2025-26,https://surveys.nces.ed.gov/ipeds/api/downloads/IPEDSGlossary.csv,NCES/IPEDS,false,LOW,Source-attested IPEDS glossary term.
Transfer of Entitlement Option,transfer of entitlement option,PROCESS_EVENT,IPEDS Glossary 2025-26,https://surveys.nces.ed.gov/ipeds/api/downloads/IPEDSGlossary.csv,NCES/IPEDS,false,LOW,Source-attested IPEDS glossary term.
Transfer-out Indicator,transfer out indicator,PROCESS_EVENT,Common Education Data Standards (CEDS) Version 13 — Postsecondary domain,https://ceds.ed.gov/cedselementdetails.aspx?termid=27610,NCES/CEDS,false,LOW,Source-attested CEDS postsecondary element; entity=PS Student; category=Institution Enrollment->Program
Transfer-out rate,transfer out rate,PROCESS_EVENT,IPEDS Glossary 2025-26,https://surveys.nces.ed.gov/ipeds/api/downloads/IPEDSGlossary.csv,NCES/IPEDS,false,LOW,Source-attested IPEDS glossary term.
Transfer-out student,transfer out student,ROLE,IPEDS Glossary 2025-26,https://surveys.nces.ed.gov/ipeds/api/downloads/IPEDSGlossary.csv,NCES/IPEDS,false,LOW,Source-attested IPEDS glossary term.
Transfer-preparatory program,transfer preparatory program,PROCESS_EVENT,IPEDS Glossary 2025-26,https://surveys.nces.ed.gov/ipeds/api/downloads/IPEDSGlossary.csv,NCES/IPEDS,false,LOW,Source-attested IPEDS glossary term.
Transfer-ready,transfer ready,PROCESS_EVENT,Common Education Data Standards (CEDS) Version 13 — Postsecondary domain,https://ceds.ed.gov/cedselementdetails.aspx?termid=26296,NCES/CEDS,false,MEDIUM,Source-attested CEDS postsecondary element; entity=PS Student; category=Institution Enrollment
Transfer-ready students,transfer ready students,PROCESS_EVENT,IPEDS Glossary 2025-26,https://surveys.nces.ed.gov/ipeds/api/downloads/IPEDSGlossary.csv,NCES/IPEDS,false,LOW,Source-attested IPEDS glossary term.
Transfers from the endowment fund to the current fund,transfers from the endowment fund to the current fund,OTHER_DOMAIN_TERM,IPEDS Glossary 2025-26,https://surveys.nces.ed.gov/ipeds/api/downloads/IPEDSGlossary.csv,NCES/IPEDS,false,LOW,Source-attested IPEDS glossary term.
Transmission Date,transmission date,OTHER_DOMAIN_TERM,National Student Clearinghouse Compliance Central Glossary,https://help.studentclearinghouse.org/compliancecentral/knowledge-base/glossary/,Sector enrollment reporting glossary,false,LOW,Source-attested term; included to strengthen operational coverage outside the federal IPEDS/CEDS backbone.
Transmission Schedule,transmission schedule,DOCUMENT_SYSTEM,National Student Clearinghouse Compliance Central Glossary,https://help.studentclearinghouse.org/compliancecentral/knowledge-base/glossary/,Sector enrollment reporting glossary,false,MEDIUM,Source-attested term; included to strengthen operational coverage outside the federal IPEDS/CEDS backbone.
Transportation expense,transportation expense,OTHER_DOMAIN_TERM,IPEDS Glossary 2025-26,https://surveys.nces.ed.gov/ipeds/api/downloads/IPEDSGlossary.csv,NCES/IPEDS,false,LOW,Source-attested IPEDS glossary term.
Tribal Affiliation,tribal affiliation,OTHER_DOMAIN_TERM,Common Education Data Standards (CEDS) Version 13 — Postsecondary domain,https://ceds.ed.gov/cedselementdetails.aspx?termid=27638,NCES/CEDS,false,LOW,Source-attested CEDS postsecondary element; entity=PS Student; category=Demographic
Tribal Colleges and Universities,tribal colleges and universities,OTHER_DOMAIN_TERM,IPEDS Glossary 2025-26,https://surveys.nces.ed.gov/ipeds/api/downloads/IPEDSGlossary.csv,NCES/IPEDS,true,LOW,Derived mechanically from source-attested form “Tribal Colleges and Universities (Carnegie)” (parenthetical-label-stripped); not independently source-attested as a standalone term.
Tribal Colleges and Universities (Carnegie),tribal colleges and universities carnegie,OTHER_DOMAIN_TERM,IPEDS Glossary 2025-26,https://surveys.nces.ed.gov/ipeds/api/downloads/IPEDSGlossary.csv,NCES/IPEDS,false,LOW,Source-attested IPEDS glossary term. Related item: Carnegie Classification
Trimester (calendar system),trimester calendar system,DOCUMENT_SYSTEM,IPEDS Glossary 2025-26,https://surveys.nces.ed.gov/ipeds/api/downloads/IPEDSGlossary.csv,NCES/IPEDS,false,LOW,Source-attested IPEDS glossary term.
Tuition,tuition,ACADEMIC_CONCEPT,IPEDS Glossary 2025-26,https://surveys.nces.ed.gov/ipeds/api/downloads/IPEDSGlossary.csv,NCES/IPEDS,false,HIGH,Source-attested IPEDS glossary term.
Tuition and fees (published charges),tuition and fees published charges,ACADEMIC_CONCEPT,IPEDS Glossary 2025-26,https://surveys.nces.ed.gov/ipeds/api/downloads/IPEDSGlossary.csv,NCES/IPEDS,false,LOW,Source-attested IPEDS glossary term.
Tuition Funded,tuition funded,ACADEMIC_CONCEPT,Common Education Data Standards (CEDS) Version 13 — Postsecondary domain,https://ceds.ed.gov/cedselementdetails.aspx?termid=27554,NCES/CEDS,false,LOW,Source-attested CEDS postsecondary element; entity=PS Staff; category=Professional Development
Tuition guarantee,tuition guarantee,ACADEMIC_CONCEPT,IPEDS Glossary 2025-26,https://surveys.nces.ed.gov/ipeds/api/downloads/IPEDSGlossary.csv,NCES/IPEDS,false,LOW,"Source-attested IPEDS glossary term. Related item: First-time student (undergraduate),Entering students (undergraduate)"
Tuition payment plan,tuition payment plan,DOCUMENT_SYSTEM,IPEDS Glossary 2025-26,https://surveys.nces.ed.gov/ipeds/api/downloads/IPEDSGlossary.csv,NCES/IPEDS,false,LOW,Source-attested IPEDS glossary term.
Tuition plan,tuition plan,DOCUMENT_SYSTEM,IPEDS Glossary 2025-26,https://surveys.nces.ed.gov/ipeds/api/downloads/IPEDSGlossary.csv,NCES/IPEDS,true,MEDIUM,Derived mechanically from source-attested form “Tuition plan (restricted)” (parenthetical-label-stripped); not independently source-attested as a standalone term.
Tuition plan (restricted),tuition plan restricted,DOCUMENT_SYSTEM,IPEDS Glossary 2025-26,https://surveys.nces.ed.gov/ipeds/api/downloads/IPEDSGlossary.csv,NCES/IPEDS,false,LOW,Source-attested IPEDS glossary term.
Tuition - Published,tuition published,ACADEMIC_CONCEPT,Common Education Data Standards (CEDS) Version 13 — Postsecondary domain,https://ceds.ed.gov/cedselementdetails.aspx?termid=26723,NCES/CEDS,false,LOW,Source-attested CEDS postsecondary element; entity=PS Institution; category=IPEDS Reporting
Tuition Residency Type,tuition residency type,ACADEMIC_CONCEPT,Common Education Data Standards (CEDS) Version 13 — Postsecondary domain,https://ceds.ed.gov/cedselementdetails.aspx?termid=26297,NCES/CEDS,false,LOW,Source-attested CEDS postsecondary element; entity=PS Student; category=Demographic
Tuition Unit,tuition unit,ACADEMIC_CONCEPT,Common Education Data Standards (CEDS) Version 13 — Postsecondary domain,https://ceds.ed.gov/cedselementdetails.aspx?termid=26725,NCES/CEDS,false,LOW,Source-attested CEDS postsecondary element; entity=PS Institution; category=IPEDS Reporting
Two-year institution,two year institution,ORGANIZATION,IPEDS Glossary 2025-26,https://surveys.nces.ed.gov/ipeds/api/downloads/IPEDSGlossary.csv,NCES/IPEDS,false,LOW,Source-attested IPEDS glossary term.
U.S. Nonresident,u s nonresident,OTHER_DOMAIN_TERM,IPEDS Glossary 2025-26,https://surveys.nces.ed.gov/ipeds/api/downloads/IPEDSGlossary.csv,NCES/IPEDS,false,LOW,Source-attested IPEDS glossary term. Related item: Resident (and other eligible non-citizens)
UEI,uei,DOCUMENT_SYSTEM,IPEDS Glossary 2025-26,https://surveys.nces.ed.gov/ipeds/api/downloads/IPEDSGlossary.csv,NCES/IPEDS,true,MEDIUM,Derived mechanically from source-attested form “Unique Entity Identifier (UEI)” (parenthetical-code-extracted); not independently source-attested as a standalone term.
Unclassified student,unclassified student,ROLE,IPEDS Glossary 2025-26,https://surveys.nces.ed.gov/ipeds/api/downloads/IPEDSGlossary.csv,NCES/IPEDS,false,LOW,Source-attested IPEDS glossary term. Related item: Transfer-in student
Undergraduate student,undergraduate student,ROLE,IPEDS Glossary 2025-26,https://surveys.nces.ed.gov/ipeds/api/downloads/IPEDSGlossary.csv,NCES/IPEDS,false,LOW,Source-attested IPEDS glossary term.
Unduplicated count,unduplicated count,ACADEMIC_CONCEPT,IPEDS Glossary 2025-26,https://surveys.nces.ed.gov/ipeds/api/downloads/IPEDSGlossary.csv,NCES/IPEDS,false,LOW,Source-attested IPEDS glossary term.
Unexpended plant fund balances,unexpended plant fund balances,OTHER_DOMAIN_TERM,IPEDS Glossary 2025-26,https://surveys.nces.ed.gov/ipeds/api/downloads/IPEDSGlossary.csv,NCES/IPEDS,false,LOW,Source-attested IPEDS glossary term.
Unique Entity Identifier,unique entity identifier,DOCUMENT_SYSTEM,IPEDS Glossary 2025-26,https://surveys.nces.ed.gov/ipeds/api/downloads/IPEDSGlossary.csv,NCES/IPEDS,true,LOW,Derived mechanically from source-attested form “Unique Entity Identifier (UEI)” (parenthetical-label-stripped); not independently source-attested as a standalone term.
Unique Entity Identifier (UEI),unique entity identifier uei,DOCUMENT_SYSTEM,IPEDS Glossary 2025-26,https://surveys.nces.ed.gov/ipeds/api/downloads/IPEDSGlossary.csv,NCES/IPEDS,false,MEDIUM,Source-attested IPEDS glossary term. Related item: Data Universal Numbering System (DUNS) number
United States Citizenship Status,united states citizenship status,OTHER_DOMAIN_TERM,Common Education Data Standards (CEDS) Version 13 — Postsecondary domain,https://ceds.ed.gov/cedselementdetails.aspx?termid=26299,NCES/CEDS,false,LOW,Source-attested CEDS postsecondary element; entity=PS Student; category=Demographic
UnitID,unitid,OTHER_DOMAIN_TERM,IPEDS Glossary 2025-26,https://surveys.nces.ed.gov/ipeds/api/downloads/IPEDSGlossary.csv,NCES/IPEDS,false,HIGH,Source-attested IPEDS glossary term.
Unofficial Branch,unofficial branch,OTHER_DOMAIN_TERM,National Student Clearinghouse Compliance Central Glossary,https://help.studentclearinghouse.org/compliancecentral/knowledge-base/glossary/,Sector enrollment reporting glossary,false,LOW,Source-attested term; included to strengthen operational coverage outside the federal IPEDS/CEDS backbone.
Unqualified Audit Opinion,unqualified audit opinion,DOCUMENT_SYSTEM,IPEDS Glossary 2025-26,https://surveys.nces.ed.gov/ipeds/api/downloads/IPEDSGlossary.csv,NCES/IPEDS,false,LOW,Source-attested IPEDS glossary term.
Unrestricted current funds,unrestricted current funds,OTHER_DOMAIN_TERM,IPEDS Glossary 2025-26,https://surveys.nces.ed.gov/ipeds/api/downloads/IPEDSGlossary.csv,NCES/IPEDS,false,LOW,Source-attested IPEDS glossary term.
Unrestricted net assets,unrestricted net assets,OTHER_DOMAIN_TERM,IPEDS Glossary 2025-26,https://surveys.nces.ed.gov/ipeds/api/downloads/IPEDSGlossary.csv,NCES/IPEDS,false,LOW,Source-attested IPEDS glossary term.
User ID,user id,OTHER_DOMAIN_TERM,IPEDS Glossary 2025-26,https://surveys.nces.ed.gov/ipeds/api/downloads/IPEDSGlossary.csv,NCES/IPEDS,false,MEDIUM,Source-attested IPEDS glossary term.
Variable,variable,OTHER_DOMAIN_TERM,IPEDS Glossary 2025-26,https://surveys.nces.ed.gov/ipeds/api/downloads/IPEDSGlossary.csv,NCES/IPEDS,false,HIGH,Source-attested IPEDS glossary term.
Verification,verification,PROCESS_EVENT,Federal Student Aid Handbook Glossary,https://fsapartners.ed.gov/knowledge-center/fsa-handbook/glossary,Federal Student Aid glossary,false,HIGH,Source-attested term; included to strengthen operational coverage outside the federal IPEDS/CEDS backbone.
Vested retirement plan,vested retirement plan,DOCUMENT_SYSTEM,IPEDS Glossary 2025-26,https://surveys.nces.ed.gov/ipeds/api/downloads/IPEDSGlossary.csv,NCES/IPEDS,false,LOW,Source-attested IPEDS glossary term.
Veterans Administration (VA) Education Benefits,veterans administration va education benefits,OTHER_DOMAIN_TERM,IPEDS Glossary 2025-26,https://surveys.nces.ed.gov/ipeds/api/downloads/IPEDSGlossary.csv,NCES/IPEDS,false,MEDIUM,Source-attested IPEDS glossary term.
Virtual Indicator,virtual indicator,ACADEMIC_CONCEPT,Common Education Data Standards (CEDS) Version 13 — Postsecondary domain,https://ceds.ed.gov/cedselementdetails.aspx?termid=27167,NCES/CEDS,false,LOW,Source-attested CEDS postsecondary element; entity=PS Institution; category=Directory
Visa Type,visa type,OTHER_DOMAIN_TERM,Common Education Data Standards (CEDS) Version 13 — Postsecondary domain,https://ceds.ed.gov/cedselementdetails.aspx?termid=26196,NCES/CEDS,false,LOW,Source-attested CEDS postsecondary element; entity=PS Student; category=Demographic
Visual Impairment Type,visual impairment type,OTHER_DOMAIN_TERM,Common Education Data Standards (CEDS) Version 13 — Postsecondary domain,https://ceds.ed.gov/cedselementdetails.aspx?termid=28112,NCES/CEDS,false,LOW,Source-attested CEDS postsecondary element; entity=PS Student; category=Disability
Wait Listed Student,wait listed student,ROLE,Common Education Data Standards (CEDS) Version 13 — Postsecondary domain,https://ceds.ed.gov/cedselementdetails.aspx?termid=26738,NCES/CEDS,false,LOW,Source-attested CEDS postsecondary element; entity=PS Applicant
Waitlist,waitlist,OTHER_DOMAIN_TERM,UC Berkeley Office of the Registrar Enrollment Glossary,https://registrar.berkeley.edu/enrollment/glossary/,Public institutional registrar glossary,false,HIGH,Source-attested term; included to strengthen operational coverage outside the federal IPEDS/CEDS backbone.
Warning,warning,OTHER_DOMAIN_TERM,National Student Clearinghouse Compliance Central Glossary,https://help.studentclearinghouse.org/compliancecentral/knowledge-base/glossary/,Sector enrollment reporting glossary,true,HIGH,Derived mechanically from source-attested form “Warning (Black)” (parenthetical-label-stripped); not independently source-attested as a standalone term.
Warning (Black),warning black,OTHER_DOMAIN_TERM,National Student Clearinghouse Compliance Central Glossary,https://help.studentclearinghouse.org/compliancecentral/knowledge-base/glossary/,Sector enrollment reporting glossary,false,LOW,Source-attested term; included to strengthen operational coverage outside the federal IPEDS/CEDS backbone.
Web Site Address,web site address,OTHER_DOMAIN_TERM,Common Education Data Standards (CEDS) Version 13 — Postsecondary domain,https://ceds.ed.gov/cedselementdetails.aspx?termid=26300,NCES/CEDS,false,LOW,Source-attested CEDS postsecondary element; entity=Organization; category=Contact
Weekend/evening college,weekend evening college,ORGANIZATION,IPEDS Glossary 2025-26,https://surveys.nces.ed.gov/ipeds/api/downloads/IPEDSGlossary.csv,NCES/IPEDS,false,LOW,Source-attested IPEDS glossary term.
White,white,OTHER_DOMAIN_TERM,Common Education Data Standards (CEDS) Version 13 — Postsecondary domain,https://ceds.ed.gov/cedselementdetails.aspx?termid=26659,NCES/CEDS,false,HIGH,Source-attested CEDS postsecondary element; entity=PS Student; category=Demographic
White,white,OTHER_DOMAIN_TERM,IPEDS Glossary 2025-26,https://surveys.nces.ed.gov/ipeds/api/downloads/IPEDSGlossary.csv,NCES/IPEDS,false,HIGH,Source-attested IPEDS glossary term.
"White, non-Hispanic (old definition)",white non hispanic old definition,OTHER_DOMAIN_TERM,IPEDS Glossary 2025-26,https://surveys.nces.ed.gov/ipeds/api/downloads/IPEDSGlossary.csv,NCES/IPEDS,false,LOW,Source-attested IPEDS glossary term.
Withdrawal,withdrawal,PROCESS_EVENT,UC Berkeley Office of the Registrar Enrollment Glossary,https://registrar.berkeley.edu/enrollment/glossary/,Public institutional registrar glossary,false,HIGH,Source-attested term; included to strengthen operational coverage outside the federal IPEDS/CEDS backbone.
Withdrawn (W),withdrawn w,OTHER_DOMAIN_TERM,National Student Clearinghouse Compliance Central Glossary,https://help.studentclearinghouse.org/compliancecentral/knowledge-base/glossary/,Sector enrollment reporting glossary,false,LOW,Source-attested term; included to strengthen operational coverage outside the federal IPEDS/CEDS backbone.
Work-based Learning Opportunity Type,work based learning opportunity type,ACADEMIC_CONCEPT,Common Education Data Standards (CEDS) Version 13 — Postsecondary domain,https://ceds.ed.gov/cedselementdetails.aspx?termid=27471,NCES/CEDS,false,LOW,Source-attested CEDS postsecondary element; entity=PS Student; category=Program Participation
Years of Prior Adult Education Teaching Experience,years of prior adult education teaching experience,OTHER_DOMAIN_TERM,Common Education Data Standards (CEDS) Version 13 — Postsecondary domain,https://ceds.ed.gov/cedselementdetails.aspx?termid=26774,NCES/CEDS,false,LOW,Source-attested CEDS postsecondary element; entity=PS Staff; category=Employment
Yellow Ribbon Program,yellow ribbon program,ACADEMIC_CONCEPT,IPEDS Glossary 2025-26,https://surveys.nces.ed.gov/ipeds/api/downloads/IPEDSGlossary.csv,NCES/IPEDS,false,LOW,Source-attested IPEDS glossary term.
