term,normalized_term,semantic_hint,source_domain,source_name,source_url,source_family,source_authority_level,source_attested,derived_variant,parent_term,collision_risk,notes,source_id,acronym,acronym_expansion
12b-1 fee,12b-1 fee,REGULATORY_TERM,FINANCE,SEC Investor.gov Glossary,https://www.investor.gov/introduction-investing/investing-basics/glossary,SEC_INVESTOR_GOV,US_FEDERAL_SECURITIES_AUTHORITY,True,False,,LOW,,,,
529 plan,529 plan,ACCOUNT_TYPE,FINANCE,SEC Investor.gov Glossary,https://www.investor.gov/introduction-investing/investing-basics/glossary,SEC_INVESTOR_GOV,US_FEDERAL_SECURITIES_AUTHORITY,True,False,,LOW,,,,
ability to pay,ability to pay,TAX_CONCEPT,TAX,IRS Understanding Taxes – Glossary,https://apps.irs.gov/app/understandingTaxes/student/glossary.jsp,IRS,US_FEDERAL_TAX_AUTHORITY,True,False,,LOW,,,,
ABLE account,able account,ACCOUNT_TYPE,FINANCE,SEC Investor.gov Glossary,https://www.investor.gov/introduction-investing/investing-basics/glossary,SEC_INVESTOR_GOV,US_FEDERAL_SECURITIES_AUTHORITY,True,False,,MEDIUM,,,,
ABS,abs,FINANCIAL_INSTRUMENT,FINANCE,Federal Reserve Acronym Glossary,https://www.federalreserve.gov/regreform/acronym.htm,FEDERAL_RESERVE,US_CENTRAL_BANK_REGULATOR,True,False,,HIGH,,,ABS,Asset-Backed Securities
account balance,account balance,ACCOUNTING_CONCEPT,ACCOUNTING,U.S. Standard General Ledger (USSGL),https://fiscal.treasury.gov/accounting/us-standard-general-ledger-ussgl,TREASURY_USSGL,US_FEDERAL_ACCOUNTING_STANDARD,True,False,,MEDIUM,,,,
account balance,account balance,FINANCIAL_CONCEPT,FINANCE,FDIC EDIE Glossary,https://edie.fdic.gov/glossary.html,FDIC,US_FEDERAL_BANKING_AUTHORITY,True,False,,MEDIUM,,,,
account owner,account owner,ROLE,FINANCE,FDIC EDIE Glossary,https://edie.fdic.gov/glossary.html,FDIC,US_FEDERAL_BANKING_AUTHORITY,True,False,,MEDIUM,,,,
account statement,account statement,DOCUMENT,FINANCE,SEC Investor.gov Glossary,https://www.investor.gov/introduction-investing/investing-basics/glossary,SEC_INVESTOR_GOV,US_FEDERAL_SECURITIES_AUTHORITY,True,False,,MEDIUM,,,,
accounting transactions,accounting transactions,ACCOUNTING_CONCEPT,ACCOUNTING,U.S. Standard General Ledger (USSGL),https://fiscal.treasury.gov/accounting/us-standard-general-ledger-ussgl,TREASURY_USSGL,US_FEDERAL_ACCOUNTING_STANDARD,True,False,,LOW,,,,
accounts and definitions,accounts and definitions,ACCOUNTING_CONCEPT,ACCOUNTING,U.S. Standard General Ledger (USSGL),https://fiscal.treasury.gov/accounting/us-standard-general-ledger-ussgl,TREASURY_USSGL,US_FEDERAL_ACCOUNTING_STANDARD,True,False,,LOW,,,,
accounts payable,accounts payable,ACCOUNTING_CONCEPT,ACCOUNTING,SEC Beginners' Guide to Financial Statements,https://www.sec.gov/about/reports-publications/investorpubsbegfinstmtguide,SEC,US_FEDERAL_SECURITIES_AUTHORITY,True,False,,LOW,,,,
accounts receivable,accounts receivable,ACCOUNTING_CONCEPT,ACCOUNTING,SEC Beginners' Guide to Financial Statements,https://www.sec.gov/about/reports-publications/investorpubsbegfinstmtguide,SEC,US_FEDERAL_SECURITIES_AUTHORITY,True,False,,LOW,,,,
"accounts receivable, net","accounts receivable, net",ACCOUNTING_CONCEPT,ACCOUNTING,U.S. Standard General Ledger (USSGL),https://fiscal.treasury.gov/accounting/us-standard-general-ledger-ussgl,TREASURY_USSGL,US_FEDERAL_ACCOUNTING_STANDARD,True,False,,LOW,,,,
accredited investor,accredited investor,REGULATORY_TERM,FINANCE,SEC Investor.gov Glossary,https://www.investor.gov/introduction-investing/investing-basics/glossary,SEC_INVESTOR_GOV,US_FEDERAL_SECURITIES_AUTHORITY,True,False,,LOW,,,,
accrual accounting,accrual accounting,ACCOUNTING_CONCEPT,ACCOUNTING,U.S. Standard General Ledger (USSGL),https://fiscal.treasury.gov/accounting/us-standard-general-ledger-ussgl,TREASURY_USSGL,US_FEDERAL_ACCOUNTING_STANDARD,True,False,,LOW,,,,
accumulated amortization,accumulated amortization,ACCOUNTING_CONCEPT,ACCOUNTING,U.S. Standard General Ledger (USSGL),https://fiscal.treasury.gov/accounting/us-standard-general-ledger-ussgl,TREASURY_USSGL,US_FEDERAL_ACCOUNTING_STANDARD,True,False,,LOW,,,,
Accumulated Amortization on Leasehold Improvements,accumulated amortization on leasehold improvements,ACCOUNT_TYPE,ACCOUNTING,U.S. Standard General Ledger (USSGL),https://fiscal.treasury.gov/accounting/us-standard-general-ledger-ussgl,TREASURY_USSGL,US_FEDERAL_ACCOUNTING_STANDARD,True,False,,LOW,,182900,,
accumulated depreciation,accumulated depreciation,ACCOUNTING_CONCEPT,ACCOUNTING,U.S. Standard General Ledger (USSGL),https://fiscal.treasury.gov/accounting/us-standard-general-ledger-ussgl,TREASURY_USSGL,US_FEDERAL_ACCOUNTING_STANDARD,True,False,,LOW,,,,
"Accumulated Depreciation on Buildings, Improvements, and Renovations","accumulated depreciation on buildings, improvements, and renovations",ACCOUNT_TYPE,ACCOUNTING,U.S. Standard General Ledger (USSGL),https://fiscal.treasury.gov/accounting/us-standard-general-ledger-ussgl,TREASURY_USSGL,US_FEDERAL_ACCOUNTING_STANDARD,True,False,,LOW,,173900,,
Accumulated Depreciation on Equipment,accumulated depreciation on equipment,ACCOUNT_TYPE,ACCOUNTING,U.S. Standard General Ledger (USSGL),https://fiscal.treasury.gov/accounting/us-standard-general-ledger-ussgl,TREASURY_USSGL,US_FEDERAL_ACCOUNTING_STANDARD,True,False,,LOW,,175900,,
"Accumulated Depreciation on Other General Property, Plant, and Equipment","accumulated depreciation on other general property, plant, and equipment",ACCOUNT_TYPE,ACCOUNTING,U.S. Standard General Ledger (USSGL),https://fiscal.treasury.gov/accounting/us-standard-general-ledger-ussgl,TREASURY_USSGL,US_FEDERAL_ACCOUNTING_STANDARD,True,False,,MEDIUM,,189900,,
ACH,ach,PROCESS_EVENT,FINANCE,Federal Reserve Acronym Glossary,https://www.federalreserve.gov/regreform/acronym.htm,FEDERAL_RESERVE,US_CENTRAL_BANK_REGULATOR,True,False,,HIGH,,,ACH,Automated Clearing House
adjustable rate mortgage,adjustable rate mortgage,FINANCIAL_INSTRUMENT,FINANCE,CFPB Mortgages Key Terms,https://www.consumerfinance.gov/consumer-tools/mortgages/answers/key-terms/,CFPB,US_FEDERAL_CONSUMER_FINANCE_AUTHORITY,False,True,adjustable-rate mortgage,LOW,Conservative deterministic punctuation/hyphenation variant of source-attested parent term.,,,
adjustable-rate mortgage,adjustable-rate mortgage,FINANCIAL_INSTRUMENT,FINANCE,CFPB Mortgages Key Terms,https://www.consumerfinance.gov/consumer-tools/mortgages/answers/key-terms/,CFPB,US_FEDERAL_CONSUMER_FINANCE_AUTHORITY,True,False,,LOW,,,,
adjusted basis,adjusted basis,TAX_CONCEPT,TAX,IRS Publication 551 – Basis of Assets,https://www.irs.gov/publications/p551,IRS,US_FEDERAL_TAX_AUTHORITY,True,False,,LOW,,,,
adjusted gross income,adjusted gross income,TAX_CONCEPT,TAX,IRS Understanding Taxes – Glossary,https://apps.irs.gov/app/understandingTaxes/student/glossary.jsp,IRS,US_FEDERAL_TAX_AUTHORITY,True,False,,MEDIUM,,,,
ADR,adr,FINANCIAL_INSTRUMENT,FINANCE,SEC Investor.gov Glossary,https://www.investor.gov/introduction-investing/investing-basics/glossary,SEC_INVESTOR_GOV,US_FEDERAL_SECURITIES_AUTHORITY,True,False,,HIGH,,,ADR,American Depositary Receipt
aggregation,aggregation,PROCESS_EVENT,FINANCE,CFTC Futures Glossary,https://www.cftc.gov/LearnAndProtect/AdvisoriesAndArticles/CFTCGlossary/index.htm,CFTC,US_FEDERAL_DERIVATIVES_AUTHORITY,True,False,,LOW,,,,
allowance,allowance,ACCOUNTING_CONCEPT,ACCOUNTING,U.S. Standard General Ledger (USSGL),https://fiscal.treasury.gov/accounting/us-standard-general-ledger-ussgl,TREASURY_USSGL,US_FEDERAL_ACCOUNTING_STANDARD,True,False,,HIGH,Collision note: ordinary-English/name/legal/geographic collision potential.,,,
Allowance for Depletion,allowance for depletion,ACCOUNT_TYPE,ACCOUNTING,U.S. Standard General Ledger (USSGL),https://fiscal.treasury.gov/accounting/us-standard-general-ledger-ussgl,TREASURY_USSGL,US_FEDERAL_ACCOUNTING_STANDARD,True,False,,LOW,,184900,,
American Depositary Receipt,american depositary receipt,FINANCIAL_INSTRUMENT,FINANCE,SEC Investor.gov Glossary,https://www.investor.gov/introduction-investing/investing-basics/glossary,SEC_INVESTOR_GOV,US_FEDERAL_SECURITIES_AUTHORITY,True,False,,LOW,,,,
amortization,amortization,TAX_CONCEPT,TAX,IRS Publication 551 – Basis of Assets,https://www.irs.gov/publications/p551,IRS,US_FEDERAL_TAX_AUTHORITY,True,False,,LOW,,,,
amount due,amount due,TAX_CONCEPT,TAX,IRS Understanding Taxes – Glossary,https://apps.irs.gov/app/understandingTaxes/student/glossary.jsp,IRS,US_FEDERAL_TAX_AUTHORITY,True,False,,LOW,,,,
amount realized,amount realized,TAX_CONCEPT,TAX,IRS Publication 551 – Basis of Assets,https://www.irs.gov/publications/p551,IRS,US_FEDERAL_TAX_AUTHORITY,True,False,,LOW,,,,
annual meeting,annual meeting,PROCESS_EVENT,FINANCE,SEC Investor.gov Glossary,https://www.investor.gov/introduction-investing/investing-basics/glossary,SEC_INVESTOR_GOV,US_FEDERAL_SECURITIES_AUTHORITY,True,False,,LOW,,,,
annual percentage rate,annual percentage rate,FINANCIAL_CONCEPT,FINANCE,CFPB Financial Terms Glossary,https://www.consumerfinance.gov/consumer-tools/educator-tools/youth-financial-education/glossary/,CFPB,US_FEDERAL_CONSUMER_FINANCE_AUTHORITY,True,False,,LOW,,,,
annual percentage yield,annual percentage yield,FINANCIAL_CONCEPT,FINANCE,CFPB Financial Terms Glossary,https://www.consumerfinance.gov/consumer-tools/educator-tools/youth-financial-education/glossary/,CFPB,US_FEDERAL_CONSUMER_FINANCE_AUTHORITY,True,False,,LOW,,,,
annual report,annual report,DOCUMENT,ACCOUNTING,SEC Beginners' Guide to Financial Statements,https://www.sec.gov/about/reports-publications/investorpubsbegfinstmtguide,SEC,US_FEDERAL_SECURITIES_AUTHORITY,True,False,,MEDIUM,,,,
annual report,annual report,DOCUMENT,FINANCE,SEC Forms Index / EDGAR Filing Forms,https://www.sec.gov/submit-filings/forms-index,SEC,US_FEDERAL_SECURITIES_AUTHORITY,True,False,,MEDIUM,,,,
annual report,annual report,DOCUMENT,FINANCE,SEC Investor.gov Glossary,https://www.investor.gov/introduction-investing/investing-basics/glossary,SEC_INVESTOR_GOV,US_FEDERAL_SECURITIES_AUTHORITY,True,False,,MEDIUM,,,,
Annual Report (10-K),annual report (10-k),DOCUMENT,FINANCE,SEC Investor.gov Glossary,https://www.investor.gov/introduction-investing/investing-basics/glossary,SEC_INVESTOR_GOV,US_FEDERAL_SECURITIES_AUTHORITY,False,True,Annual Report (10K),MEDIUM,Conservative deterministic punctuation/hyphenation variant of source-attested parent term.,,,
Annual Report (10K),annual report (10k),DOCUMENT,FINANCE,SEC Investor.gov Glossary,https://www.investor.gov/introduction-investing/investing-basics/glossary,SEC_INVESTOR_GOV,US_FEDERAL_SECURITIES_AUTHORITY,True,False,,MEDIUM,,,,
annual return,annual return,FINANCIAL_CONCEPT,FINANCE,SEC Investor.gov Glossary,https://www.investor.gov/introduction-investing/investing-basics/glossary,SEC_INVESTOR_GOV,US_FEDERAL_SECURITIES_AUTHORITY,True,False,,MEDIUM,,,,
annuity,annuity,FINANCIAL_INSTRUMENT,FINANCE,SEC Investor.gov Glossary,https://www.investor.gov/introduction-investing/investing-basics/glossary,SEC_INVESTOR_GOV,US_FEDERAL_SECURITIES_AUTHORITY,True,False,,HIGH,,,,
anonymous bidding,anonymous bidding,PROCESS_EVENT,FINANCE,CFTC Futures Glossary,https://www.cftc.gov/LearnAndProtect/AdvisoriesAndArticles/CFTCGlossary/index.htm,CFTC,US_FEDERAL_DERIVATIVES_AUTHORITY,True,False,,LOW,,,,
appeal,appeal,PROCESS_EVENT,TAX,IRS Understanding Taxes – Glossary,https://apps.irs.gov/app/understandingTaxes/student/glossary.jsp,IRS,US_FEDERAL_TAX_AUTHORITY,True,False,,HIGH,Collision note: ordinary-English/name/legal/geographic collision potential; cross-domain legal/document terminology overlap.,,,
appropriation,appropriation,ACCOUNTING_CONCEPT,ACCOUNTING,U.S. Standard General Ledger (USSGL),https://fiscal.treasury.gov/accounting/us-standard-general-ledger-ussgl,TREASURY_USSGL,US_FEDERAL_ACCOUNTING_STANDARD,True,False,,LOW,,,,
appropriations used,appropriations used,ACCOUNTING_CONCEPT,ACCOUNTING,U.S. Standard General Ledger (USSGL),https://fiscal.treasury.gov/accounting/us-standard-general-ledger-ussgl,TREASURY_USSGL,US_FEDERAL_ACCOUNTING_STANDARD,True,False,,LOW,,,,
APR,apr,FINANCIAL_CONCEPT,FINANCE,CFPB Financial Terms Glossary,https://www.consumerfinance.gov/consumer-tools/educator-tools/youth-financial-education/glossary/,CFPB,US_FEDERAL_CONSUMER_FINANCE_AUTHORITY,True,False,,HIGH,,,APR,annual percentage rate
APY,apy,FINANCIAL_CONCEPT,FINANCE,CFPB Financial Terms Glossary,https://www.consumerfinance.gov/consumer-tools/educator-tools/youth-financial-education/glossary/,CFPB,US_FEDERAL_CONSUMER_FINANCE_AUTHORITY,True,False,,HIGH,,,APY,annual percentage yield
arbitrage,arbitrage,FINANCIAL_CONCEPT,FINANCE,CFTC Futures Glossary,https://www.cftc.gov/LearnAndProtect/AdvisoriesAndArticles/CFTCGlossary/index.htm,CFTC,US_FEDERAL_DERIVATIVES_AUTHORITY,True,False,,LOW,,,,
arbitration,arbitration,PROCESS_EVENT,FINANCE,SEC Investor.gov Glossary,https://www.investor.gov/introduction-investing/investing-basics/glossary,SEC_INVESTOR_GOV,US_FEDERAL_SECURITIES_AUTHORITY,True,False,,LOW,,,,
assessment,assessment,PROCESS_EVENT,TAX,IRS Understanding Taxes – Glossary,https://apps.irs.gov/app/understandingTaxes/student/glossary.jsp,IRS,US_FEDERAL_TAX_AUTHORITY,True,False,,LOW,,,,
asset,asset,FINANCIAL_CONCEPT,FINANCE,SEC Investor.gov Glossary,https://www.investor.gov/introduction-investing/investing-basics/glossary,SEC_INVESTOR_GOV,US_FEDERAL_SECURITIES_AUTHORITY,True,False,,HIGH,Collision note: ordinary-English/name/legal/geographic collision potential.,,,
asset allocation,asset allocation,FINANCIAL_CONCEPT,FINANCE,SEC Investor.gov Glossary,https://www.investor.gov/introduction-investing/investing-basics/glossary,SEC_INVESTOR_GOV,US_FEDERAL_SECURITIES_AUTHORITY,True,False,,LOW,,,,
asset classes,asset classes,FINANCIAL_CONCEPT,FINANCE,SEC Investor.gov Glossary,https://www.investor.gov/introduction-investing/investing-basics/glossary,SEC_INVESTOR_GOV,US_FEDERAL_SECURITIES_AUTHORITY,True,False,,LOW,,,,
Asset-Backed Securities,asset-backed securities,FINANCIAL_INSTRUMENT,FINANCE,Federal Reserve Acronym Glossary,https://www.federalreserve.gov/regreform/acronym.htm,FEDERAL_RESERVE,US_CENTRAL_BANK_REGULATOR,True,False,,LOW,,,ABS,Asset-Backed Securities
assets,assets,ACCOUNTING_CONCEPT,ACCOUNTING,SEC Beginners' Guide to Financial Statements,https://www.sec.gov/about/reports-publications/investorpubsbegfinstmtguide,SEC,US_FEDERAL_SECURITIES_AUTHORITY,True,False,,HIGH,,,,
audit,audit,PROCESS_EVENT,ACCOUNTING,SEC Beginners' Guide to Financial Statements,https://www.sec.gov/about/reports-publications/investorpubsbegfinstmtguide,SEC,US_FEDERAL_SECURITIES_AUTHORITY,True,False,,HIGH,Collision note: ordinary-English/name/legal/geographic collision potential.,,,
Authorized IRS e-file Provider,authorized irs e-file provider,ROLE,TAX,IRS Understanding Taxes – Glossary,https://apps.irs.gov/app/understandingTaxes/student/glossary.jsp,IRS,US_FEDERAL_TAX_AUTHORITY,True,False,,LOW,,,,
authorized participant,authorized participant,ROLE,FINANCE,SEC Investor.gov Glossary,https://www.investor.gov/introduction-investing/investing-basics/glossary,SEC_INVESTOR_GOV,US_FEDERAL_SECURITIES_AUTHORITY,True,False,,LOW,,,,
auto loan,auto loan,FINANCIAL_INSTRUMENT,FINANCE,CFPB Financial Terms Glossary,https://www.consumerfinance.gov/consumer-tools/educator-tools/youth-financial-education/glossary/,CFPB,US_FEDERAL_CONSUMER_FINANCE_AUTHORITY,True,False,,LOW,,,,
Automated Clearing House,automated clearing house,PROCESS_EVENT,FINANCE,Federal Reserve Acronym Glossary,https://www.federalreserve.gov/regreform/acronym.htm,FEDERAL_RESERVE,US_CENTRAL_BANK_REGULATOR,True,False,,LOW,,,ACH,Automated Clearing House
automatic payment,automatic payment,PROCESS_EVENT,FINANCE,CFPB Financial Terms Glossary,https://www.consumerfinance.gov/consumer-tools/educator-tools/youth-financial-education/glossary/,CFPB,US_FEDERAL_CONSUMER_FINANCE_AUTHORITY,True,False,,LOW,,,,
backwardation,backwardation,FINANCIAL_CONCEPT,FINANCE,CFTC Futures Glossary,https://www.cftc.gov/LearnAndProtect/AdvisoriesAndArticles/CFTCGlossary/index.htm,CFTC,US_FEDERAL_DERIVATIVES_AUTHORITY,True,False,,LOW,,,,
balance,balance,FINANCIAL_CONCEPT,FINANCE,CFPB Financial Terms Glossary,https://www.consumerfinance.gov/consumer-tools/educator-tools/youth-financial-education/glossary/,CFPB,US_FEDERAL_CONSUMER_FINANCE_AUTHORITY,True,False,,HIGH,Collision note: ordinary-English/name/legal/geographic collision potential.,,,
balance sheet,balance sheet,DOCUMENT,ACCOUNTING,SEC Beginners' Guide to Financial Statements,https://www.sec.gov/about/reports-publications/investorpubsbegfinstmtguide,SEC,US_FEDERAL_SECURITIES_AUTHORITY,True,False,,LOW,,,,
balanced fund,balanced fund,FINANCIAL_INSTRUMENT,FINANCE,SEC Investor.gov Glossary,https://www.investor.gov/introduction-investing/investing-basics/glossary,SEC_INVESTOR_GOV,US_FEDERAL_SECURITIES_AUTHORITY,True,False,,MEDIUM,,,,
bank account,bank account,ACCOUNT_TYPE,FINANCE,CFPB Financial Terms Glossary,https://www.consumerfinance.gov/consumer-tools/educator-tools/youth-financial-education/glossary/,CFPB,US_FEDERAL_CONSUMER_FINANCE_AUTHORITY,True,False,,MEDIUM,,,,
bank charter,bank charter,REGULATORY_TERM,FINANCE,FDIC BankFind Glossary & Variable Definitions,https://banks.data.fdic.gov/bankfind-suite/help?helpTopic=glossary-and-variable-definitions,FDIC,US_FEDERAL_BANKING_AUTHORITY,True,False,,MEDIUM,,,,
Bank Holding Company,bank holding company,ORGANIZATION,FINANCE,Federal Reserve Acronym Glossary,https://www.federalreserve.gov/regreform/acronym.htm,FEDERAL_RESERVE,US_CENTRAL_BANK_REGULATOR,True,False,,MEDIUM,,,BHC,Bank Holding Company
bankruptcy,bankruptcy,FINANCIAL_CONCEPT,FINANCE,SEC Investor.gov Glossary,https://www.investor.gov/introduction-investing/investing-basics/glossary,SEC_INVESTOR_GOV,US_FEDERAL_SECURITIES_AUTHORITY,True,False,,LOW,,,,
basis,basis,FINANCIAL_CONCEPT,FINANCE,CFTC Futures Glossary,https://www.cftc.gov/LearnAndProtect/AdvisoriesAndArticles/CFTCGlossary/index.htm,CFTC,US_FEDERAL_DERIVATIVES_AUTHORITY,True,False,,HIGH,Collision note: ordinary-English/name/legal/geographic collision potential.,,,
basis,basis,TAX_CONCEPT,TAX,IRS Publication 551 – Basis of Assets,https://www.irs.gov/publications/p551,IRS,US_FEDERAL_TAX_AUTHORITY,True,False,,HIGH,Collision note: ordinary-English/name/legal/geographic collision potential.,,,
basis of assets,basis of assets,TAX_CONCEPT,TAX,IRS Publication 551 – Basis of Assets,https://www.irs.gov/publications/p551,IRS,US_FEDERAL_TAX_AUTHORITY,True,False,,LOW,,,,
basis point,basis point,FINANCIAL_CONCEPT,FINANCE,CFTC Futures Glossary,https://www.cftc.gov/LearnAndProtect/AdvisoriesAndArticles/CFTCGlossary/index.htm,CFTC,US_FEDERAL_DERIVATIVES_AUTHORITY,True,False,,LOW,,,,
basis quote,basis quote,FINANCIAL_CONCEPT,FINANCE,CFTC Futures Glossary,https://www.cftc.gov/LearnAndProtect/AdvisoriesAndArticles/CFTCGlossary/index.htm,CFTC,US_FEDERAL_DERIVATIVES_AUTHORITY,True,False,,LOW,,,,
basis risk,basis risk,FINANCIAL_CONCEPT,FINANCE,CFTC Futures Glossary,https://www.cftc.gov/LearnAndProtect/AdvisoriesAndArticles/CFTCGlossary/index.htm,CFTC,US_FEDERAL_DERIVATIVES_AUTHORITY,True,False,,LOW,,,,
basis swap,basis swap,FINANCIAL_INSTRUMENT,FINANCE,CFTC Futures Glossary,https://www.cftc.gov/LearnAndProtect/AdvisoriesAndArticles/CFTCGlossary/index.htm,CFTC,US_FEDERAL_DERIVATIVES_AUTHORITY,True,False,,LOW,,,,
beneficial owner,beneficial owner,REGULATORY_TERM,FINANCE,SEC Investor.gov Glossary,https://www.investor.gov/introduction-investing/investing-basics/glossary,SEC_INVESTOR_GOV,US_FEDERAL_SECURITIES_AUTHORITY,True,False,,MEDIUM,,,,
beneficiary,beneficiary,ROLE,FINANCE,CFPB Financial Terms Glossary,https://www.consumerfinance.gov/consumer-tools/educator-tools/youth-financial-education/glossary/,CFPB,US_FEDERAL_CONSUMER_FINANCE_AUTHORITY,True,False,,HIGH,Collision note: ordinary-English/name/legal/geographic collision potential; cross-domain legal/document terminology overlap.,,,
beneficiary,beneficiary,FINANCIAL_CONCEPT,FINANCE,FDIC EDIE Glossary,https://edie.fdic.gov/glossary.html,FDIC,US_FEDERAL_BANKING_AUTHORITY,True,False,,HIGH,Collision note: ordinary-English/name/legal/geographic collision potential; cross-domain legal/document terminology overlap.,,,
benefits received,benefits received,TAX_CONCEPT,TAX,IRS Understanding Taxes – Glossary,https://apps.irs.gov/app/understandingTaxes/student/glossary.jsp,IRS,US_FEDERAL_TAX_AUTHORITY,True,False,,LOW,,,,
BHC,bhc,ORGANIZATION,FINANCE,Federal Reserve Acronym Glossary,https://www.federalreserve.gov/regreform/acronym.htm,FEDERAL_RESERVE,US_CENTRAL_BANK_REGULATOR,True,False,,HIGH,,,BHC,Bank Holding Company
bi-weekly payment,bi-weekly payment,PROCESS_EVENT,FINANCE,CFPB Mortgages Key Terms,https://www.consumerfinance.gov/consumer-tools/mortgages/answers/key-terms/,CFPB,US_FEDERAL_CONSUMER_FINANCE_AUTHORITY,True,False,,LOW,,,,
bill payment,bill payment,PROCESS_EVENT,FINANCE,CFPB Financial Terms Glossary,https://www.consumerfinance.gov/consumer-tools/educator-tools/youth-financial-education/glossary/,CFPB,US_FEDERAL_CONSUMER_FINANCE_AUTHORITY,True,False,,LOW,,,,
binary option,binary option,FINANCIAL_INSTRUMENT,FINANCE,CFTC Futures Glossary,https://www.cftc.gov/LearnAndProtect/AdvisoriesAndArticles/CFTCGlossary/index.htm,CFTC,US_FEDERAL_DERIVATIVES_AUTHORITY,True,False,,LOW,,,,
board of trade,board of trade,ORGANIZATION,FINANCE,CFTC Futures Glossary,https://www.cftc.gov/LearnAndProtect/AdvisoriesAndArticles/CFTCGlossary/index.htm,CFTC,US_FEDERAL_DERIVATIVES_AUTHORITY,True,False,,LOW,,,,
bond,bond,FINANCIAL_INSTRUMENT,FINANCE,CFPB Financial Terms Glossary,https://www.consumerfinance.gov/consumer-tools/educator-tools/youth-financial-education/glossary/,CFPB,US_FEDERAL_CONSUMER_FINANCE_AUTHORITY,True,False,,HIGH,Collision note: ordinary-English/name/legal/geographic collision potential.,,,
bond,bond,FINANCIAL_INSTRUMENT,FINANCE,SEC Investor.gov Glossary,https://www.investor.gov/introduction-investing/investing-basics/glossary,SEC_INVESTOR_GOV,US_FEDERAL_SECURITIES_AUTHORITY,True,False,,HIGH,Collision note: ordinary-English/name/legal/geographic collision potential.,,,
bonus,bonus,FINANCIAL_CONCEPT,TAX,IRS Understanding Taxes – Glossary,https://apps.irs.gov/app/understandingTaxes/student/glossary.jsp,IRS,US_FEDERAL_TAX_AUTHORITY,True,False,,HIGH,Collision note: ordinary-English/name/legal/geographic collision potential.,,,
borrower,borrower,ROLE,FINANCE,CFPB Financial Terms Glossary,https://www.consumerfinance.gov/consumer-tools/educator-tools/youth-financial-education/glossary/,CFPB,US_FEDERAL_CONSUMER_FINANCE_AUTHORITY,True,False,,HIGH,,,,
broker,broker,ROLE,FINANCE,SEC Investor.gov Glossary,https://www.investor.gov/introduction-investing/investing-basics/glossary,SEC_INVESTOR_GOV,US_FEDERAL_SECURITIES_AUTHORITY,True,False,,HIGH,Collision note: ordinary-English/name/legal/geographic collision potential.,,,
broker-dealer,broker-dealer,ROLE,FINANCE,SEC Investor.gov Glossary,https://www.investor.gov/introduction-investing/investing-basics/glossary,SEC_INVESTOR_GOV,US_FEDERAL_SECURITIES_AUTHORITY,True,False,,LOW,,,,
brokerage account,brokerage account,ACCOUNT_TYPE,FINANCE,SEC Investor.gov Glossary,https://www.investor.gov/introduction-investing/investing-basics/glossary,SEC_INVESTOR_GOV,US_FEDERAL_SECURITIES_AUTHORITY,True,False,,MEDIUM,,,,
budget,budget,FINANCIAL_CONCEPT,FINANCE,CFPB Financial Terms Glossary,https://www.consumerfinance.gov/consumer-tools/educator-tools/youth-financial-education/glossary/,CFPB,US_FEDERAL_CONSUMER_FINANCE_AUTHORITY,True,False,,HIGH,,,,
budget deficit,budget deficit,ACCOUNTING_CONCEPT,ACCOUNTING,U.S. Standard General Ledger (USSGL),https://fiscal.treasury.gov/accounting/us-standard-general-ledger-ussgl,TREASURY_USSGL,US_FEDERAL_ACCOUNTING_STANDARD,True,False,,LOW,,,,
budgetary accounting,budgetary accounting,ACCOUNTING_CONCEPT,ACCOUNTING,U.S. Standard General Ledger (USSGL),https://fiscal.treasury.gov/accounting/us-standard-general-ledger-ussgl,TREASURY_USSGL,US_FEDERAL_ACCOUNTING_STANDARD,True,False,,LOW,,,,
budgetary accounts,budgetary accounts,ACCOUNTING_CONCEPT,ACCOUNTING,U.S. Standard General Ledger (USSGL),https://fiscal.treasury.gov/accounting/us-standard-general-ledger-ussgl,TREASURY_USSGL,US_FEDERAL_ACCOUNTING_STANDARD,True,False,,LOW,,,,
calendar spread,calendar spread,FINANCIAL_CONCEPT,FINANCE,CFTC Futures Glossary,https://www.cftc.gov/LearnAndProtect/AdvisoriesAndArticles/CFTCGlossary/index.htm,CFTC,US_FEDERAL_DERIVATIVES_AUTHORITY,True,False,,LOW,,,,
call option,call option,FINANCIAL_INSTRUMENT,FINANCE,CFTC Futures Glossary,https://www.cftc.gov/LearnAndProtect/AdvisoriesAndArticles/CFTCGlossary/index.htm,CFTC,US_FEDERAL_DERIVATIVES_AUTHORITY,True,False,,LOW,,,,
call option,call option,FINANCIAL_INSTRUMENT,FINANCE,SEC Investor.gov Glossary,https://www.investor.gov/introduction-investing/investing-basics/glossary,SEC_INVESTOR_GOV,US_FEDERAL_SECURITIES_AUTHORITY,True,False,,LOW,,,,
capital,capital,FINANCIAL_CONCEPT,FINANCE,Federal Reserve Regulatory Reform Glossary,https://www.federalreserve.gov/regreform/reform-glossary.htm,FEDERAL_RESERVE,US_CENTRAL_BANK_REGULATOR,True,False,,HIGH,Collision note: ordinary-English/name/legal/geographic collision potential.,,,
capital expenditures,capital expenditures,ACCOUNTING_CONCEPT,ACCOUNTING,SEC Beginners' Guide to Financial Statements,https://www.sec.gov/about/reports-publications/investorpubsbegfinstmtguide,SEC,US_FEDERAL_SECURITIES_AUTHORITY,True,False,,MEDIUM,,,,
capital gain,capital gain,FINANCIAL_CONCEPT,FINANCE,SEC Investor.gov Glossary,https://www.investor.gov/introduction-investing/investing-basics/glossary,SEC_INVESTOR_GOV,US_FEDERAL_SECURITIES_AUTHORITY,True,False,,MEDIUM,,,,
capital gain,capital gain,TAX_CONCEPT,TAX,IRS Publication 551 – Basis of Assets,https://www.irs.gov/publications/p551,IRS,US_FEDERAL_TAX_AUTHORITY,True,False,,MEDIUM,,,,
capital gains and losses,capital gains and losses,TAX_CONCEPT,TAX,IRS Schedules for Form 1040 and Form 1040-SR,https://www.irs.gov/forms-pubs/schedules-for-form-1040,IRS,US_FEDERAL_TAX_AUTHORITY,True,False,,MEDIUM,,,,
capital loss,capital loss,FINANCIAL_CONCEPT,FINANCE,SEC Investor.gov Glossary,https://www.investor.gov/introduction-investing/investing-basics/glossary,SEC_INVESTOR_GOV,US_FEDERAL_SECURITIES_AUTHORITY,True,False,,MEDIUM,,,,
capital loss,capital loss,TAX_CONCEPT,TAX,IRS Publication 551 – Basis of Assets,https://www.irs.gov/publications/p551,IRS,US_FEDERAL_TAX_AUTHORITY,True,False,,MEDIUM,,,,
capital transfer,capital transfer,ACCOUNTING_CONCEPT,ACCOUNTING,U.S. Standard General Ledger (USSGL),https://fiscal.treasury.gov/accounting/us-standard-general-ledger-ussgl,TREASURY_USSGL,US_FEDERAL_ACCOUNTING_STANDARD,True,False,,MEDIUM,,,,
Capital Transfers Receivable,capital transfers receivable,ACCOUNT_TYPE,ACCOUNTING,U.S. Standard General Ledger (USSGL),https://fiscal.treasury.gov/accounting/us-standard-general-ledger-ussgl,TREASURY_USSGL,US_FEDERAL_ACCOUNTING_STANDARD,True,False,,MEDIUM,,192500,,
capitalized cost,capitalized cost,ACCOUNTING_CONCEPT,ACCOUNTING,U.S. Standard General Ledger (USSGL),https://fiscal.treasury.gov/accounting/us-standard-general-ledger-ussgl,TREASURY_USSGL,US_FEDERAL_ACCOUNTING_STANDARD,True,False,,LOW,,,,
cash account,cash account,ACCOUNT_TYPE,FINANCE,SEC Investor.gov Glossary,https://www.investor.gov/introduction-investing/investing-basics/glossary,SEC_INVESTOR_GOV,US_FEDERAL_SECURITIES_AUTHORITY,True,False,,MEDIUM,,,,
cash and cash equivalents,cash and cash equivalents,ACCOUNTING_CONCEPT,ACCOUNTING,SEC Beginners' Guide to Financial Statements,https://www.sec.gov/about/reports-publications/investorpubsbegfinstmtguide,SEC,US_FEDERAL_SECURITIES_AUTHORITY,True,False,,LOW,,,,
cash flow,cash flow,FINANCIAL_CONCEPT,FINANCE,CFPB Financial Terms Glossary,https://www.consumerfinance.gov/consumer-tools/educator-tools/youth-financial-education/glossary/,CFPB,US_FEDERAL_CONSUMER_FINANCE_AUTHORITY,True,False,,LOW,,,,
cash flow statement,cash flow statement,DOCUMENT,ACCOUNTING,SEC Beginners' Guide to Financial Statements,https://www.sec.gov/about/reports-publications/investorpubsbegfinstmtguide,SEC,US_FEDERAL_SECURITIES_AUTHORITY,True,False,,MEDIUM,,,,
cash price,cash price,FINANCIAL_CONCEPT,FINANCE,CFTC Futures Glossary,https://www.cftc.gov/LearnAndProtect/AdvisoriesAndArticles/CFTCGlossary/index.htm,CFTC,US_FEDERAL_DERIVATIVES_AUTHORITY,True,False,,LOW,,,,
casualty loss,casualty loss,TAX_CONCEPT,TAX,IRS Publication 551 – Basis of Assets,https://www.irs.gov/publications/p551,IRS,US_FEDERAL_TAX_AUTHORITY,True,False,,LOW,,,,
CEA,cea,REGULATORY_TERM,FINANCE,CFTC Futures Glossary,https://www.cftc.gov/LearnAndProtect/AdvisoriesAndArticles/CFTCGlossary/index.htm,CFTC,US_FEDERAL_DERIVATIVES_AUTHORITY,True,False,,HIGH,,,CEA,Commodity Exchange Act
certificate of deposit,certificate of deposit,ACCOUNT_TYPE,FINANCE,CFPB Financial Terms Glossary,https://www.consumerfinance.gov/consumer-tools/educator-tools/youth-financial-education/glossary/,CFPB,US_FEDERAL_CONSUMER_FINANCE_AUTHORITY,True,False,,LOW,,,,
certificate of deposit,certificate of deposit,FINANCIAL_INSTRUMENT,FINANCE,SEC Investor.gov Glossary,https://www.investor.gov/introduction-investing/investing-basics/glossary,SEC_INVESTOR_GOV,US_FEDERAL_SECURITIES_AUTHORITY,True,False,,LOW,,,,
CFPB,cfpb,ORGANIZATION,FINANCE,Federal Reserve Acronym Glossary,https://www.federalreserve.gov/regreform/acronym.htm,FEDERAL_RESERVE,US_CENTRAL_BANK_REGULATOR,True,False,,HIGH,,,CFPB,Consumer Financial Protection Bureau
CFTC,cftc,ORGANIZATION,FINANCE,Federal Reserve Acronym Glossary,https://www.federalreserve.gov/regreform/acronym.htm,FEDERAL_RESERVE,US_CENTRAL_BANK_REGULATOR,True,False,,HIGH,,,CFTC,Commodity Futures Trading Commission
charge-off,charge-off,PROCESS_EVENT,FINANCE,CFPB Financial Terms Glossary,https://www.consumerfinance.gov/consumer-tools/educator-tools/youth-financial-education/glossary/,CFPB,US_FEDERAL_CONSUMER_FINANCE_AUTHORITY,True,False,,LOW,,,,
chart of accounts,chart of accounts,ACCOUNTING_CONCEPT,ACCOUNTING,U.S. Standard General Ledger (USSGL),https://fiscal.treasury.gov/accounting/us-standard-general-ledger-ussgl,TREASURY_USSGL,US_FEDERAL_ACCOUNTING_STANDARD,True,False,,LOW,,,,
checking account,checking account,ACCOUNT_TYPE,FINANCE,CFPB Financial Terms Glossary,https://www.consumerfinance.gov/consumer-tools/educator-tools/youth-financial-education/glossary/,CFPB,US_FEDERAL_CONSUMER_FINANCE_AUTHORITY,True,False,,MEDIUM,,,,
clearing,clearing,PROCESS_EVENT,FINANCE,CFTC Futures Glossary,https://www.cftc.gov/LearnAndProtect/AdvisoriesAndArticles/CFTCGlossary/index.htm,CFTC,US_FEDERAL_DERIVATIVES_AUTHORITY,True,False,,HIGH,,,,
clearing,clearing,PROCESS_EVENT,FINANCE,Federal Reserve Payments Glossary,https://www.federalreserve.gov/paymentsystems/pfs_glossary.htm,FEDERAL_RESERVE,US_CENTRAL_BANK_REGULATOR,True,False,,HIGH,,,,
clearing member,clearing member,ROLE,FINANCE,CFTC Futures Glossary,https://www.cftc.gov/LearnAndProtect/AdvisoriesAndArticles/CFTCGlossary/index.htm,CFTC,US_FEDERAL_DERIVATIVES_AUTHORITY,True,False,,LOW,,,,
clearing organization,clearing organization,ORGANIZATION,FINANCE,CFTC Futures Glossary,https://www.cftc.gov/LearnAndProtect/AdvisoriesAndArticles/CFTCGlossary/index.htm,CFTC,US_FEDERAL_DERIVATIVES_AUTHORITY,True,False,,MEDIUM,,,,
closed-end fund,closed-end fund,FINANCIAL_INSTRUMENT,FINANCE,SEC Investor.gov Glossary,https://www.investor.gov/introduction-investing/investing-basics/glossary,SEC_INVESTOR_GOV,US_FEDERAL_SECURITIES_AUTHORITY,True,False,,MEDIUM,,,,
closed-loop prepaid card,closed-loop prepaid card,ACCOUNT_TYPE,FINANCE,CFPB Financial Terms Glossary,https://www.consumerfinance.gov/consumer-tools/educator-tools/youth-financial-education/glossary/,CFPB,US_FEDERAL_CONSUMER_FINANCE_AUTHORITY,True,False,,LOW,,,,
closing costs,closing costs,FINANCIAL_CONCEPT,FINANCE,CFPB Mortgages Key Terms,https://www.consumerfinance.gov/consumer-tools/mortgages/answers/key-terms/,CFPB,US_FEDERAL_CONSUMER_FINANCE_AUTHORITY,True,False,,LOW,,,,
co-signer,co-signer,ROLE,FINANCE,CFPB Financial Terms Glossary,https://www.consumerfinance.gov/consumer-tools/educator-tools/youth-financial-education/glossary/,CFPB,US_FEDERAL_CONSUMER_FINANCE_AUTHORITY,True,False,,LOW,,,,
collateral,collateral,FINANCIAL_CONCEPT,FINANCE,CFPB Financial Terms Glossary,https://www.consumerfinance.gov/consumer-tools/educator-tools/youth-financial-education/glossary/,CFPB,US_FEDERAL_CONSUMER_FINANCE_AUTHORITY,True,False,,HIGH,Collision note: ordinary-English/name/legal/geographic collision potential.,,,
collateral,collateral,FINANCIAL_CONCEPT,FINANCE,Federal Reserve Regulatory Reform Glossary,https://www.federalreserve.gov/regreform/reform-glossary.htm,FEDERAL_RESERVE,US_CENTRAL_BANK_REGULATOR,True,False,,HIGH,Collision note: ordinary-English/name/legal/geographic collision potential.,,,
college savings plan,college savings plan,ACCOUNT_TYPE,FINANCE,SEC Investor.gov Glossary,https://www.investor.gov/introduction-investing/investing-basics/glossary,SEC_INVESTOR_GOV,US_FEDERAL_SECURITIES_AUTHORITY,True,False,,LOW,,,,
commercial bank,commercial bank,ORGANIZATION,FINANCE,Federal Reserve Payments Glossary,https://www.federalreserve.gov/paymentsystems/pfs_glossary.htm,FEDERAL_RESERVE,US_CENTRAL_BANK_REGULATOR,True,False,,MEDIUM,,,,
commission,commission,FINANCIAL_CONCEPT,TAX,IRS Understanding Taxes – Glossary,https://apps.irs.gov/app/understandingTaxes/student/glossary.jsp,IRS,US_FEDERAL_TAX_AUTHORITY,True,False,,HIGH,Collision note: ordinary-English/name/legal/geographic collision potential.,,,
Commodity Exchange Act,commodity exchange act,REGULATORY_TERM,FINANCE,CFTC Futures Glossary,https://www.cftc.gov/LearnAndProtect/AdvisoriesAndArticles/CFTCGlossary/index.htm,CFTC,US_FEDERAL_DERIVATIVES_AUTHORITY,True,False,,LOW,,,CEA,Commodity Exchange Act
commodity futures option,commodity futures option,FINANCIAL_INSTRUMENT,FINANCE,CFTC Futures Glossary,https://www.cftc.gov/LearnAndProtect/AdvisoriesAndArticles/CFTCGlossary/index.htm,CFTC,US_FEDERAL_DERIVATIVES_AUTHORITY,True,False,,LOW,,,,
Commodity Futures Trading Commission,commodity futures trading commission,ORGANIZATION,FINANCE,Federal Reserve Acronym Glossary,https://www.federalreserve.gov/regreform/acronym.htm,FEDERAL_RESERVE,US_CENTRAL_BANK_REGULATOR,True,False,,LOW,,,CFTC,Commodity Futures Trading Commission
commodity option,commodity option,FINANCIAL_INSTRUMENT,FINANCE,CFTC Futures Glossary,https://www.cftc.gov/LearnAndProtect/AdvisoriesAndArticles/CFTCGlossary/index.htm,CFTC,US_FEDERAL_DERIVATIVES_AUTHORITY,True,False,,LOW,,,,
commodity pool operator,commodity pool operator,ROLE,FINANCE,CFTC Futures Glossary,https://www.cftc.gov/LearnAndProtect/AdvisoriesAndArticles/CFTCGlossary/index.htm,CFTC,US_FEDERAL_DERIVATIVES_AUTHORITY,True,False,,LOW,,,,
commodity trading advisor,commodity trading advisor,ROLE,FINANCE,CFTC Futures Glossary,https://www.cftc.gov/LearnAndProtect/AdvisoriesAndArticles/CFTCGlossary/index.htm,CFTC,US_FEDERAL_DERIVATIVES_AUTHORITY,True,False,,LOW,,,,
common stock,common stock,FINANCIAL_INSTRUMENT,FINANCE,SEC Investor.gov Glossary,https://www.investor.gov/introduction-investing/investing-basics/glossary,SEC_INVESTOR_GOV,US_FEDERAL_SECURITIES_AUTHORITY,True,False,,LOW,,,,
Community Reinvestment Act,community reinvestment act,REGULATORY_TERM,FINANCE,Federal Reserve Acronym Glossary,https://www.federalreserve.gov/regreform/acronym.htm,FEDERAL_RESERVE,US_CENTRAL_BANK_REGULATOR,True,False,,LOW,,,CRA,Community Reinvestment Act
compound interest,compound interest,FINANCIAL_CONCEPT,FINANCE,CFPB Financial Terms Glossary,https://www.consumerfinance.gov/consumer-tools/educator-tools/youth-financial-education/glossary/,CFPB,US_FEDERAL_CONSUMER_FINANCE_AUTHORITY,True,False,,LOW,,,,
compound interest,compound interest,FINANCIAL_CONCEPT,FINANCE,SEC Investor.gov Glossary,https://www.investor.gov/introduction-investing/investing-basics/glossary,SEC_INVESTOR_GOV,US_FEDERAL_SECURITIES_AUTHORITY,True,False,,LOW,,,,
compulsory payroll tax,compulsory payroll tax,TAX_CONCEPT,TAX,IRS Understanding Taxes – Glossary,https://apps.irs.gov/app/understandingTaxes/student/glossary.jsp,IRS,US_FEDERAL_TAX_AUTHORITY,True,False,,LOW,,,,
confirmation,confirmation,DOCUMENT,FINANCE,CFTC Futures Glossary,https://www.cftc.gov/LearnAndProtect/AdvisoriesAndArticles/CFTCGlossary/index.htm,CFTC,US_FEDERAL_DERIVATIVES_AUTHORITY,True,False,,LOW,,,,
construction-in-progress,construction-in-progress,ACCOUNTING_CONCEPT,ACCOUNTING,U.S. Standard General Ledger (USSGL),https://fiscal.treasury.gov/accounting/us-standard-general-ledger-ussgl,TREASURY_USSGL,US_FEDERAL_ACCOUNTING_STANDARD,True,False,,LOW,,,,
Consumer Financial Protection Bureau,consumer financial protection bureau,ORGANIZATION,FINANCE,Federal Reserve Acronym Glossary,https://www.federalreserve.gov/regreform/acronym.htm,FEDERAL_RESERVE,US_CENTRAL_BANK_REGULATOR,True,False,,LOW,,,CFPB,Consumer Financial Protection Bureau
contango,contango,FINANCIAL_CONCEPT,FINANCE,CFTC Futures Glossary,https://www.cftc.gov/LearnAndProtect/AdvisoriesAndArticles/CFTCGlossary/index.htm,CFTC,US_FEDERAL_DERIVATIVES_AUTHORITY,True,False,,HIGH,,,,
contingent liability,contingent liability,ACCOUNTING_CONCEPT,ACCOUNTING,U.S. Standard General Ledger (USSGL),https://fiscal.treasury.gov/accounting/us-standard-general-ledger-ussgl,TREASURY_USSGL,US_FEDERAL_ACCOUNTING_STANDARD,True,False,,LOW,,,,
contingent receivable,contingent receivable,ACCOUNTING_CONCEPT,ACCOUNTING,U.S. Standard General Ledger (USSGL),https://fiscal.treasury.gov/accounting/us-standard-general-ledger-ussgl,TREASURY_USSGL,US_FEDERAL_ACCOUNTING_STANDARD,True,False,,LOW,,,,
Contingent Receivable for Capital Transfers,contingent receivable for capital transfers,ACCOUNT_TYPE,ACCOUNTING,U.S. Standard General Ledger (USSGL),https://fiscal.treasury.gov/accounting/us-standard-general-ledger-ussgl,TREASURY_USSGL,US_FEDERAL_ACCOUNTING_STANDARD,True,False,,MEDIUM,,192300,,
conventional loan,conventional loan,FINANCIAL_INSTRUMENT,FINANCE,CFPB Mortgages Key Terms,https://www.consumerfinance.gov/consumer-tools/mortgages/answers/key-terms/,CFPB,US_FEDERAL_CONSUMER_FINANCE_AUTHORITY,True,False,,LOW,,,,
convertible security,convertible security,FINANCIAL_INSTRUMENT,FINANCE,SEC Investor.gov Glossary,https://www.investor.gov/introduction-investing/investing-basics/glossary,SEC_INVESTOR_GOV,US_FEDERAL_SECURITIES_AUTHORITY,True,False,,LOW,Collision note: cross-domain legal/document terminology overlap.,,,
corporate bond,corporate bond,FINANCIAL_INSTRUMENT,FINANCE,SEC Investor.gov Glossary,https://www.investor.gov/introduction-investing/investing-basics/glossary,SEC_INVESTOR_GOV,US_FEDERAL_SECURITIES_AUTHORITY,True,False,,LOW,,,,
corporation account,corporation account,ACCOUNT_TYPE,FINANCE,FDIC EDIE Glossary,https://edie.fdic.gov/glossary.html,FDIC,US_FEDERAL_BANKING_AUTHORITY,True,False,,MEDIUM,,,,
cost basis,cost basis,TAX_CONCEPT,TAX,IRS Publication 551 – Basis of Assets,https://www.irs.gov/publications/p551,IRS,US_FEDERAL_TAX_AUTHORITY,True,False,,LOW,,,,
cost-basis,cost-basis,TAX_CONCEPT,TAX,IRS Publication 551 – Basis of Assets,https://www.irs.gov/publications/p551,IRS,US_FEDERAL_TAX_AUTHORITY,False,True,cost basis,LOW,Conservative deterministic punctuation/hyphenation variant of source-attested parent term.,,,
counterparty risk,counterparty risk,FINANCIAL_CONCEPT,FINANCE,Federal Reserve Regulatory Reform Glossary,https://www.federalreserve.gov/regreform/reform-glossary.htm,FEDERAL_RESERVE,US_CENTRAL_BANK_REGULATOR,True,False,,LOW,,,,
CRA,cra,REGULATORY_TERM,FINANCE,Federal Reserve Acronym Glossary,https://www.federalreserve.gov/regreform/acronym.htm,FEDERAL_RESERVE,US_CENTRAL_BANK_REGULATOR,True,False,,HIGH,,,CRA,Community Reinvestment Act
credit,credit,ACCOUNTING_CONCEPT,ACCOUNTING,U.S. Standard General Ledger (USSGL),https://fiscal.treasury.gov/accounting/us-standard-general-ledger-ussgl,TREASURY_USSGL,US_FEDERAL_ACCOUNTING_STANDARD,True,False,,HIGH,Collision note: ordinary-English/name/legal/geographic collision potential.,,,
credit,credit,FINANCIAL_CONCEPT,FINANCE,CFPB Financial Terms Glossary,https://www.consumerfinance.gov/consumer-tools/educator-tools/youth-financial-education/glossary/,CFPB,US_FEDERAL_CONSUMER_FINANCE_AUTHORITY,True,False,,HIGH,Collision note: ordinary-English/name/legal/geographic collision potential.,,,
credit card,credit card,FINANCIAL_INSTRUMENT,FINANCE,CFPB Financial Terms Glossary,https://www.consumerfinance.gov/consumer-tools/educator-tools/youth-financial-education/glossary/,CFPB,US_FEDERAL_CONSUMER_FINANCE_AUTHORITY,True,False,,LOW,,,,
credit card account,credit card account,ACCOUNT_TYPE,FINANCE,CFPB Financial Terms Glossary,https://www.consumerfinance.gov/consumer-tools/educator-tools/youth-financial-education/glossary/,CFPB,US_FEDERAL_CONSUMER_FINANCE_AUTHORITY,True,False,,MEDIUM,,,,
credit for the elderly or the disabled,credit for the elderly or the disabled,TAX_CONCEPT,TAX,IRS Schedules for Form 1040 and Form 1040-SR,https://www.irs.gov/forms-pubs/schedules-for-form-1040,IRS,US_FEDERAL_TAX_AUTHORITY,True,False,,LOW,,,,
credit history,credit history,FINANCIAL_CONCEPT,FINANCE,CFPB Financial Terms Glossary,https://www.consumerfinance.gov/consumer-tools/educator-tools/youth-financial-education/glossary/,CFPB,US_FEDERAL_CONSUMER_FINANCE_AUTHORITY,True,False,,LOW,,,,
credit limit,credit limit,FINANCIAL_CONCEPT,FINANCE,CFPB Financial Terms Glossary,https://www.consumerfinance.gov/consumer-tools/educator-tools/youth-financial-education/glossary/,CFPB,US_FEDERAL_CONSUMER_FINANCE_AUTHORITY,True,False,,LOW,,,,
credit reporting,credit reporting,PROCESS_EVENT,FINANCE,CFPB Financial Terms Glossary,https://www.consumerfinance.gov/consumer-tools/educator-tools/youth-financial-education/glossary/,CFPB,US_FEDERAL_CONSUMER_FINANCE_AUTHORITY,True,False,,LOW,,,,
credit risk,credit risk,FINANCIAL_CONCEPT,FINANCE,Federal Reserve Regulatory Reform Glossary,https://www.federalreserve.gov/regreform/reform-glossary.htm,FEDERAL_RESERVE,US_CENTRAL_BANK_REGULATOR,True,False,,LOW,,,,
credit risk,credit risk,FINANCIAL_CONCEPT,FINANCE,SEC Investor.gov Glossary,https://www.investor.gov/introduction-investing/investing-basics/glossary,SEC_INVESTOR_GOV,US_FEDERAL_SECURITIES_AUTHORITY,True,False,,LOW,,,,
credit score,credit score,FINANCIAL_CONCEPT,FINANCE,CFPB Financial Terms Glossary,https://www.consumerfinance.gov/consumer-tools/educator-tools/youth-financial-education/glossary/,CFPB,US_FEDERAL_CONSUMER_FINANCE_AUTHORITY,True,False,,LOW,,,,
credit union,credit union,ORGANIZATION,FINANCE,Federal Reserve Payments Glossary,https://www.federalreserve.gov/paymentsystems/pfs_glossary.htm,FEDERAL_RESERVE,US_CENTRAL_BANK_REGULATOR,True,False,,LOW,,,,
credit union account,credit union account,ACCOUNT_TYPE,FINANCE,CFPB Financial Terms Glossary,https://www.consumerfinance.gov/consumer-tools/educator-tools/youth-financial-education/glossary/,CFPB,US_FEDERAL_CONSUMER_FINANCE_AUTHORITY,True,False,,MEDIUM,,,,
creditor,creditor,ROLE,FINANCE,CFPB Financial Terms Glossary,https://www.consumerfinance.gov/consumer-tools/educator-tools/youth-financial-education/glossary/,CFPB,US_FEDERAL_CONSUMER_FINANCE_AUTHORITY,True,False,,HIGH,,,,
current report,current report,DOCUMENT,FINANCE,SEC Forms Index / EDGAR Filing Forms,https://www.sec.gov/submit-filings/forms-index,SEC,US_FEDERAL_SECURITIES_AUTHORITY,True,False,,MEDIUM,,,,
custodian,custodian,ROLE,FINANCE,FDIC EDIE Glossary,https://edie.fdic.gov/glossary.html,FDIC,US_FEDERAL_BANKING_AUTHORITY,True,False,,MEDIUM,,,,
DCM,dcm,ORGANIZATION,FINANCE,CFTC Futures Glossary,https://www.cftc.gov/LearnAndProtect/AdvisoriesAndArticles/CFTCGlossary/index.htm,CFTC,US_FEDERAL_DERIVATIVES_AUTHORITY,True,False,,HIGH,,,DCM,designated contract market
DCO,dco,ORGANIZATION,FINANCE,CFTC Futures Glossary,https://www.cftc.gov/LearnAndProtect/AdvisoriesAndArticles/CFTCGlossary/index.htm,CFTC,US_FEDERAL_DERIVATIVES_AUTHORITY,True,False,,HIGH,,,DCO,derivatives clearing organization
dealer,dealer,ROLE,FINANCE,SEC Investor.gov Glossary,https://www.investor.gov/introduction-investing/investing-basics/glossary,SEC_INVESTOR_GOV,US_FEDERAL_SECURITIES_AUTHORITY,True,False,,HIGH,Collision note: ordinary-English/name/legal/geographic collision potential.,,,
debit,debit,ACCOUNTING_CONCEPT,ACCOUNTING,U.S. Standard General Ledger (USSGL),https://fiscal.treasury.gov/accounting/us-standard-general-ledger-ussgl,TREASURY_USSGL,US_FEDERAL_ACCOUNTING_STANDARD,True,False,,HIGH,Collision note: ordinary-English/name/legal/geographic collision potential.,,,
debit card,debit card,FINANCIAL_INSTRUMENT,FINANCE,CFPB Financial Terms Glossary,https://www.consumerfinance.gov/consumer-tools/educator-tools/youth-financial-education/glossary/,CFPB,US_FEDERAL_CONSUMER_FINANCE_AUTHORITY,True,False,,LOW,,,,
debt,debt,FINANCIAL_CONCEPT,FINANCE,CFPB Financial Terms Glossary,https://www.consumerfinance.gov/consumer-tools/educator-tools/youth-financial-education/glossary/,CFPB,US_FEDERAL_CONSUMER_FINANCE_AUTHORITY,True,False,,HIGH,,,,
debt collection,debt collection,PROCESS_EVENT,FINANCE,CFPB Financial Terms Glossary,https://www.consumerfinance.gov/consumer-tools/educator-tools/youth-financial-education/glossary/,CFPB,US_FEDERAL_CONSUMER_FINANCE_AUTHORITY,True,False,,LOW,,,,
debt collector,debt collector,ROLE,FINANCE,CFPB Financial Terms Glossary,https://www.consumerfinance.gov/consumer-tools/educator-tools/youth-financial-education/glossary/,CFPB,US_FEDERAL_CONSUMER_FINANCE_AUTHORITY,True,False,,LOW,,,,
debt to income ratio,debt to income ratio,FINANCIAL_CONCEPT,FINANCE,CFPB Financial Terms Glossary,https://www.consumerfinance.gov/consumer-tools/educator-tools/youth-financial-education/glossary/,CFPB,US_FEDERAL_CONSUMER_FINANCE_AUTHORITY,False,True,debt-to-income ratio,MEDIUM,Conservative deterministic punctuation/hyphenation variant of source-attested parent term.,,,
debt-to-income ratio,debt-to-income ratio,FINANCIAL_CONCEPT,FINANCE,CFPB Financial Terms Glossary,https://www.consumerfinance.gov/consumer-tools/educator-tools/youth-financial-education/glossary/,CFPB,US_FEDERAL_CONSUMER_FINANCE_AUTHORITY,True,False,,MEDIUM,,,,
default,default,FINANCIAL_CONCEPT,FINANCE,CFPB Financial Terms Glossary,https://www.consumerfinance.gov/consumer-tools/educator-tools/youth-financial-education/glossary/,CFPB,US_FEDERAL_CONSUMER_FINANCE_AUTHORITY,True,False,,HIGH,Collision note: ordinary-English/name/legal/geographic collision potential.,,,
deficit,deficit,FINANCIAL_CONCEPT,TAX,IRS Understanding Taxes – Glossary,https://apps.irs.gov/app/understandingTaxes/student/glossary.jsp,IRS,US_FEDERAL_TAX_AUTHORITY,True,False,,HIGH,,,,
delinquency,delinquency,FINANCIAL_CONCEPT,FINANCE,CFPB Financial Terms Glossary,https://www.consumerfinance.gov/consumer-tools/educator-tools/youth-financial-education/glossary/,CFPB,US_FEDERAL_CONSUMER_FINANCE_AUTHORITY,True,False,,LOW,,,,
delivery,delivery,PROCESS_EVENT,FINANCE,CFTC Futures Glossary,https://www.cftc.gov/LearnAndProtect/AdvisoriesAndArticles/CFTCGlossary/index.htm,CFTC,US_FEDERAL_DERIVATIVES_AUTHORITY,True,False,,HIGH,,,,
delivery month,delivery month,FINANCIAL_CONCEPT,FINANCE,CFTC Futures Glossary,https://www.cftc.gov/LearnAndProtect/AdvisoriesAndArticles/CFTCGlossary/index.htm,CFTC,US_FEDERAL_DERIVATIVES_AUTHORITY,True,False,,LOW,,,,
dependency exemption,dependency exemption,TAX_CONCEPT,TAX,IRS Understanding Taxes – Glossary,https://apps.irs.gov/app/understandingTaxes/student/glossary.jsp,IRS,US_FEDERAL_TAX_AUTHORITY,True,False,,LOW,,,,
dependent,dependent,ROLE,TAX,IRS Understanding Taxes – Glossary,https://apps.irs.gov/app/understandingTaxes/student/glossary.jsp,IRS,US_FEDERAL_TAX_AUTHORITY,True,False,,HIGH,Collision note: ordinary-English/name/legal/geographic collision potential.,,,
depletion,depletion,ACCOUNTING_CONCEPT,ACCOUNTING,U.S. Standard General Ledger (USSGL),https://fiscal.treasury.gov/accounting/us-standard-general-ledger-ussgl,TREASURY_USSGL,US_FEDERAL_ACCOUNTING_STANDARD,True,False,,LOW,,,,
depletion,depletion,TAX_CONCEPT,TAX,IRS Publication 551 – Basis of Assets,https://www.irs.gov/publications/p551,IRS,US_FEDERAL_TAX_AUTHORITY,True,False,,LOW,,,,
deposit,deposit,FINANCIAL_CONCEPT,FINANCE,FDIC EDIE Glossary,https://edie.fdic.gov/glossary.html,FDIC,US_FEDERAL_BANKING_AUTHORITY,True,False,,HIGH,,,,
deposit account,deposit account,ACCOUNT_TYPE,FINANCE,FDIC EDIE Glossary,https://edie.fdic.gov/glossary.html,FDIC,US_FEDERAL_BANKING_AUTHORITY,True,False,,MEDIUM,,,,
deposit insurance,deposit insurance,FINANCIAL_CONCEPT,FINANCE,FDIC EDIE Glossary,https://edie.fdic.gov/glossary.html,FDIC,US_FEDERAL_BANKING_AUTHORITY,True,False,,MEDIUM,,,,
deposit insurance fund,deposit insurance fund,REGULATORY_TERM,FINANCE,FDIC BankFind Glossary & Variable Definitions,https://banks.data.fdic.gov/bankfind-suite/help?helpTopic=glossary-and-variable-definitions,FDIC,US_FEDERAL_BANKING_AUTHORITY,True,False,,MEDIUM,,,,
depository institution,depository institution,ORGANIZATION,FINANCE,Federal Reserve Payments Glossary,https://www.federalreserve.gov/paymentsystems/pfs_glossary.htm,FEDERAL_RESERVE,US_CENTRAL_BANK_REGULATOR,True,False,,LOW,,,,
depository receipt,depository receipt,FINANCIAL_INSTRUMENT,FINANCE,CFTC Futures Glossary,https://www.cftc.gov/LearnAndProtect/AdvisoriesAndArticles/CFTCGlossary/index.htm,CFTC,US_FEDERAL_DERIVATIVES_AUTHORITY,True,False,,LOW,,,,
depreciation,depreciation,ACCOUNTING_CONCEPT,ACCOUNTING,SEC Beginners' Guide to Financial Statements,https://www.sec.gov/about/reports-publications/investorpubsbegfinstmtguide,SEC,US_FEDERAL_SECURITIES_AUTHORITY,True,False,,LOW,,,,
depreciation,depreciation,TAX_CONCEPT,TAX,IRS Publication 551 – Basis of Assets,https://www.irs.gov/publications/p551,IRS,US_FEDERAL_TAX_AUTHORITY,True,False,,LOW,,,,
derivative,derivative,FINANCIAL_INSTRUMENT,FINANCE,CFTC Futures Glossary,https://www.cftc.gov/LearnAndProtect/AdvisoriesAndArticles/CFTCGlossary/index.htm,CFTC,US_FEDERAL_DERIVATIVES_AUTHORITY,True,False,,LOW,,,,
derivative,derivative,FINANCIAL_INSTRUMENT,FINANCE,SEC Investor.gov Glossary,https://www.investor.gov/introduction-investing/investing-basics/glossary,SEC_INVESTOR_GOV,US_FEDERAL_SECURITIES_AUTHORITY,True,False,,LOW,,,,
derivatives clearing organization,derivatives clearing organization,ORGANIZATION,FINANCE,CFTC Futures Glossary,https://www.cftc.gov/LearnAndProtect/AdvisoriesAndArticles/CFTCGlossary/index.htm,CFTC,US_FEDERAL_DERIVATIVES_AUTHORITY,True,False,,MEDIUM,,,,
designated contract market,designated contract market,ORGANIZATION,FINANCE,CFTC Futures Glossary,https://www.cftc.gov/LearnAndProtect/AdvisoriesAndArticles/CFTCGlossary/index.htm,CFTC,US_FEDERAL_DERIVATIVES_AUTHORITY,True,False,,LOW,,,,
designated self-regulatory organization,designated self-regulatory organization,ORGANIZATION,FINANCE,CFTC Futures Glossary,https://www.cftc.gov/LearnAndProtect/AdvisoriesAndArticles/CFTCGlossary/index.htm,CFTC,US_FEDERAL_DERIVATIVES_AUTHORITY,True,False,,MEDIUM,,,,
digital option,digital option,FINANCIAL_INSTRUMENT,FINANCE,CFTC Futures Glossary,https://www.cftc.gov/LearnAndProtect/AdvisoriesAndArticles/CFTCGlossary/index.htm,CFTC,US_FEDERAL_DERIVATIVES_AUTHORITY,True,False,,LOW,,,,
direct deposit,direct deposit,PROCESS_EVENT,FINANCE,CFPB Financial Terms Glossary,https://www.consumerfinance.gov/consumer-tools/educator-tools/youth-financial-education/glossary/,CFPB,US_FEDERAL_CONSUMER_FINANCE_AUTHORITY,True,False,,LOW,,,,
direct deposit,direct deposit,PROCESS_EVENT,TAX,IRS Understanding Taxes – Glossary,https://apps.irs.gov/app/understandingTaxes/student/glossary.jsp,IRS,US_FEDERAL_TAX_AUTHORITY,True,False,,LOW,,,,
direct tax,direct tax,TAX_CONCEPT,TAX,IRS Understanding Taxes – Glossary,https://apps.irs.gov/app/understandingTaxes/student/glossary.jsp,IRS,US_FEDERAL_TAX_AUTHORITY,True,False,,LOW,,,,
directional trading,directional trading,PROCESS_EVENT,FINANCE,CFTC Futures Glossary,https://www.cftc.gov/LearnAndProtect/AdvisoriesAndArticles/CFTCGlossary/index.htm,CFTC,US_FEDERAL_DERIVATIVES_AUTHORITY,True,False,,LOW,,,,
disclosure document,disclosure document,DOCUMENT,FINANCE,CFTC Futures Glossary,https://www.cftc.gov/LearnAndProtect/AdvisoriesAndArticles/CFTCGlossary/index.htm,CFTC,US_FEDERAL_DERIVATIVES_AUTHORITY,True,False,,LOW,,,,
discount points,discount points,FINANCIAL_CONCEPT,FINANCE,CFPB Mortgages Key Terms,https://www.consumerfinance.gov/consumer-tools/mortgages/answers/key-terms/,CFPB,US_FEDERAL_CONSUMER_FINANCE_AUTHORITY,True,False,,LOW,,,,
diversification,diversification,FINANCIAL_CONCEPT,FINANCE,SEC Investor.gov Glossary,https://www.investor.gov/introduction-investing/investing-basics/glossary,SEC_INVESTOR_GOV,US_FEDERAL_SECURITIES_AUTHORITY,True,False,,LOW,,,,
dividend,dividend,FINANCIAL_CONCEPT,FINANCE,SEC Investor.gov Glossary,https://www.investor.gov/introduction-investing/investing-basics/glossary,SEC_INVESTOR_GOV,US_FEDERAL_SECURITIES_AUTHORITY,True,False,,HIGH,,,,
dividends,dividends,FINANCIAL_CONCEPT,TAX,IRS Understanding Taxes – Glossary,https://apps.irs.gov/app/understandingTaxes/student/glossary.jsp,IRS,US_FEDERAL_TAX_AUTHORITY,True,False,,HIGH,Collision note: ordinary-English/name/legal/geographic collision potential.,,,
dollar cost averaging,dollar cost averaging,FINANCIAL_CONCEPT,FINANCE,SEC Investor.gov Glossary,https://www.investor.gov/introduction-investing/investing-basics/glossary,SEC_INVESTOR_GOV,US_FEDERAL_SECURITIES_AUTHORITY,True,False,,LOW,,,,
double hedging,double hedging,PROCESS_EVENT,FINANCE,CFTC Futures Glossary,https://www.cftc.gov/LearnAndProtect/AdvisoriesAndArticles/CFTCGlossary/index.htm,CFTC,US_FEDERAL_DERIVATIVES_AUTHORITY,True,False,,LOW,,,,
down payment,down payment,FINANCIAL_CONCEPT,FINANCE,CFPB Financial Terms Glossary,https://www.consumerfinance.gov/consumer-tools/educator-tools/youth-financial-education/glossary/,CFPB,US_FEDERAL_CONSUMER_FINANCE_AUTHORITY,True,False,,LOW,,,,
DTI,dti,FINANCIAL_CONCEPT,FINANCE,CFPB Financial Terms Glossary,https://www.consumerfinance.gov/consumer-tools/educator-tools/youth-financial-education/glossary/,CFPB,US_FEDERAL_CONSUMER_FINANCE_AUTHORITY,True,False,,HIGH,,,DTI,debt-to-income ratio
dual trading,dual trading,PROCESS_EVENT,FINANCE,CFTC Futures Glossary,https://www.cftc.gov/LearnAndProtect/AdvisoriesAndArticles/CFTCGlossary/index.htm,CFTC,US_FEDERAL_DERIVATIVES_AUTHORITY,True,False,,LOW,,,,
early withdrawal,early withdrawal,PROCESS_EVENT,FINANCE,SEC Investor.gov Glossary,https://www.investor.gov/introduction-investing/investing-basics/glossary,SEC_INVESTOR_GOV,US_FEDERAL_SECURITIES_AUTHORITY,True,False,,LOW,,,,
earned income,earned income,FINANCIAL_CONCEPT,FINANCE,CFPB Financial Terms Glossary,https://www.consumerfinance.gov/consumer-tools/educator-tools/youth-financial-education/glossary/,CFPB,US_FEDERAL_CONSUMER_FINANCE_AUTHORITY,True,False,,MEDIUM,,,,
earned income,earned income,TAX_CONCEPT,TAX,IRS Understanding Taxes – Glossary,https://apps.irs.gov/app/understandingTaxes/student/glossary.jsp,IRS,US_FEDERAL_TAX_AUTHORITY,True,False,,MEDIUM,,,,
Earned Income Credit,earned income credit,TAX_CONCEPT,TAX,IRS Understanding Taxes – Glossary,https://apps.irs.gov/app/understandingTaxes/student/glossary.jsp,IRS,US_FEDERAL_TAX_AUTHORITY,True,False,,MEDIUM,,,,
earned income tax credit,earned income tax credit,TAX_CONCEPT,TAX,IRS Understanding Taxes – Glossary,https://apps.irs.gov/app/understandingTaxes/student/glossary.jsp,IRS,US_FEDERAL_TAX_AUTHORITY,True,False,,MEDIUM,,,,
earnings per share,earnings per share,ACCOUNTING_CONCEPT,ACCOUNTING,SEC Beginners' Guide to Financial Statements,https://www.sec.gov/about/reports-publications/investorpubsbegfinstmtguide,SEC,US_FEDERAL_SECURITIES_AUTHORITY,True,False,,LOW,,,,
earnings per share,earnings per share,FINANCIAL_CONCEPT,FINANCE,SEC Investor.gov Glossary,https://www.investor.gov/introduction-investing/investing-basics/glossary,SEC_INVESTOR_GOV,US_FEDERAL_SECURITIES_AUTHORITY,True,False,,LOW,,,,
ECOA,ecoa,REGULATORY_TERM,FINANCE,Federal Reserve Acronym Glossary,https://www.federalreserve.gov/regreform/acronym.htm,FEDERAL_RESERVE,US_CENTRAL_BANK_REGULATOR,True,False,,HIGH,,,ECOA,Equal Credit Opportunity Act
EDGAR,edgar,REGULATORY_TERM,FINANCE,SEC Investor.gov Glossary,https://www.investor.gov/introduction-investing/investing-basics/glossary,SEC_INVESTOR_GOV,US_FEDERAL_SECURITIES_AUTHORITY,True,False,,HIGH,,,,
EFTA,efta,REGULATORY_TERM,FINANCE,Federal Reserve Acronym Glossary,https://www.federalreserve.gov/regreform/acronym.htm,FEDERAL_RESERVE,US_CENTRAL_BANK_REGULATOR,True,False,,HIGH,,,EFTA,Electronic Fund Transfer Act
electronic filing (e-file),electronic filing (e-file),PROCESS_EVENT,TAX,IRS Understanding Taxes – Glossary,https://apps.irs.gov/app/understandingTaxes/student/glossary.jsp,IRS,US_FEDERAL_TAX_AUTHORITY,True,False,,LOW,,,,
electronic filing (efile),electronic filing (efile),PROCESS_EVENT,TAX,IRS Understanding Taxes – Glossary,https://apps.irs.gov/app/understandingTaxes/student/glossary.jsp,IRS,US_FEDERAL_TAX_AUTHORITY,False,True,electronic filing (e-file),LOW,Conservative deterministic punctuation/hyphenation variant of source-attested parent term.,,,
Electronic Fund Transfer Act,electronic fund transfer act,REGULATORY_TERM,FINANCE,Federal Reserve Acronym Glossary,https://www.federalreserve.gov/regreform/acronym.htm,FEDERAL_RESERVE,US_CENTRAL_BANK_REGULATOR,True,False,,MEDIUM,,,EFTA,Electronic Fund Transfer Act
electronic funds transfer,electronic funds transfer,PROCESS_EVENT,FINANCE,Federal Reserve Payments Glossary,https://www.federalreserve.gov/paymentsystems/pfs_glossary.htm,FEDERAL_RESERVE,US_CENTRAL_BANK_REGULATOR,True,False,,LOW,,,,
Electronic Return Originator,electronic return originator,ROLE,TAX,IRS Understanding Taxes – Glossary,https://apps.irs.gov/app/understandingTaxes/student/glossary.jsp,IRS,US_FEDERAL_TAX_AUTHORITY,True,False,,MEDIUM,,,,
emergency fund,emergency fund,FINANCIAL_CONCEPT,FINANCE,CFPB Financial Terms Glossary,https://www.consumerfinance.gov/consumer-tools/educator-tools/youth-financial-education/glossary/,CFPB,US_FEDERAL_CONSUMER_FINANCE_AUTHORITY,True,False,,MEDIUM,,,,
employee benefit plan account,employee benefit plan account,ACCOUNT_TYPE,FINANCE,FDIC EDIE Glossary,https://edie.fdic.gov/glossary.html,FDIC,US_FEDERAL_BANKING_AUTHORITY,True,False,,MEDIUM,,,,
Employee Retirement Income Security Act,employee retirement income security act,REGULATORY_TERM,FINANCE,SEC Investor.gov Glossary,https://www.investor.gov/introduction-investing/investing-basics/glossary,SEC_INVESTOR_GOV,US_FEDERAL_SECURITIES_AUTHORITY,True,False,,MEDIUM,Collision note: cross-domain legal/document terminology overlap.,,ERISA,Employee Retirement Income Security Act
employee stock ownership plan,employee stock ownership plan,ACCOUNT_TYPE,FINANCE,SEC Investor.gov Glossary,https://www.investor.gov/introduction-investing/investing-basics/glossary,SEC_INVESTOR_GOV,US_FEDERAL_SECURITIES_AUTHORITY,True,False,,MEDIUM,,,ESOP,employee stock ownership plan
employment tax,employment tax,TAX_CONCEPT,TAX,IRS Understanding Employment Taxes,https://www.irs.gov/businesses/small-businesses-self-employed/understanding-employment-taxes,IRS,US_FEDERAL_TAX_AUTHORITY,True,False,,LOW,,,,
Equal Credit Opportunity Act,equal credit opportunity act,REGULATORY_TERM,FINANCE,CFPB Financial Terms Glossary,https://www.consumerfinance.gov/consumer-tools/educator-tools/youth-financial-education/glossary/,CFPB,US_FEDERAL_CONSUMER_FINANCE_AUTHORITY,True,False,,LOW,,,,
Equal Credit Opportunity Act,equal credit opportunity act,REGULATORY_TERM,FINANCE,Federal Reserve Acronym Glossary,https://www.federalreserve.gov/regreform/acronym.htm,FEDERAL_RESERVE,US_CENTRAL_BANK_REGULATOR,True,False,,LOW,,,ECOA,Equal Credit Opportunity Act
equipment,equipment,ACCOUNTING_CONCEPT,ACCOUNTING,U.S. Standard General Ledger (USSGL),https://fiscal.treasury.gov/accounting/us-standard-general-ledger-ussgl,TREASURY_USSGL,US_FEDERAL_ACCOUNTING_STANDARD,True,False,,HIGH,Collision note: ordinary-English/name/legal/geographic collision potential.,,,
equity,equity,FINANCIAL_CONCEPT,FINANCE,CFPB Financial Terms Glossary,https://www.consumerfinance.gov/consumer-tools/educator-tools/youth-financial-education/glossary/,CFPB,US_FEDERAL_CONSUMER_FINANCE_AUTHORITY,True,False,,HIGH,Collision note: ordinary-English/name/legal/geographic collision potential.,,,
equity,equity,FINANCIAL_CONCEPT,FINANCE,CFPB Mortgages Key Terms,https://www.consumerfinance.gov/consumer-tools/mortgages/answers/key-terms/,CFPB,US_FEDERAL_CONSUMER_FINANCE_AUTHORITY,True,False,,HIGH,Collision note: ordinary-English/name/legal/geographic collision potential.,,,
ERISA,erisa,REGULATORY_TERM,FINANCE,SEC Investor.gov Glossary,https://www.investor.gov/introduction-investing/investing-basics/glossary,SEC_INVESTOR_GOV,US_FEDERAL_SECURITIES_AUTHORITY,True,False,,HIGH,,,ERISA,Employee Retirement Income Security Act
escrow,escrow,FINANCIAL_CONCEPT,FINANCE,CFPB Mortgages Key Terms,https://www.consumerfinance.gov/consumer-tools/mortgages/answers/key-terms/,CFPB,US_FEDERAL_CONSUMER_FINANCE_AUTHORITY,True,False,,HIGH,,,,
ESOP,esop,ACCOUNT_TYPE,FINANCE,SEC Investor.gov Glossary,https://www.investor.gov/introduction-investing/investing-basics/glossary,SEC_INVESTOR_GOV,US_FEDERAL_SECURITIES_AUTHORITY,True,False,,HIGH,,,ESOP,employee stock ownership plan
estate tax,estate tax,FINANCIAL_CONCEPT,FINANCE,CFPB Financial Terms Glossary,https://www.consumerfinance.gov/consumer-tools/educator-tools/youth-financial-education/glossary/,CFPB,US_FEDERAL_CONSUMER_FINANCE_AUTHORITY,True,False,,LOW,Collision note: cross-domain legal/document terminology overlap.,,,
estimated tax,estimated tax,TAX_CONCEPT,TAX,IRS Understanding Taxes – Glossary,https://apps.irs.gov/app/understandingTaxes/student/glossary.jsp,IRS,US_FEDERAL_TAX_AUTHORITY,True,False,,LOW,,,,
ETF,etf,FINANCIAL_INSTRUMENT,FINANCE,SEC Investor.gov Glossary,https://www.investor.gov/introduction-investing/investing-basics/glossary,SEC_INVESTOR_GOV,US_FEDERAL_SECURITIES_AUTHORITY,True,False,,HIGH,,,ETF,exchange-traded fund
event contract,event contract,FINANCIAL_INSTRUMENT,FINANCE,CFTC Futures Glossary,https://www.cftc.gov/LearnAndProtect/AdvisoriesAndArticles/CFTCGlossary/index.htm,CFTC,US_FEDERAL_DERIVATIVES_AUTHORITY,True,False,,LOW,,,,
exchange,exchange,ORGANIZATION,FINANCE,CFTC Futures Glossary,https://www.cftc.gov/LearnAndProtect/AdvisoriesAndArticles/CFTCGlossary/index.htm,CFTC,US_FEDERAL_DERIVATIVES_AUTHORITY,True,False,,HIGH,Collision note: ordinary-English/name/legal/geographic collision potential.,,,
exchange rate,exchange rate,FINANCIAL_CONCEPT,FINANCE,CFPB Financial Terms Glossary,https://www.consumerfinance.gov/consumer-tools/educator-tools/youth-financial-education/glossary/,CFPB,US_FEDERAL_CONSUMER_FINANCE_AUTHORITY,True,False,,LOW,,,,
exchange traded fund,exchange traded fund,FINANCIAL_INSTRUMENT,FINANCE,SEC Investor.gov Glossary,https://www.investor.gov/introduction-investing/investing-basics/glossary,SEC_INVESTOR_GOV,US_FEDERAL_SECURITIES_AUTHORITY,False,True,exchange-traded fund,MEDIUM,Conservative deterministic punctuation/hyphenation variant of source-attested parent term.,,,
exchange traded note,exchange traded note,FINANCIAL_INSTRUMENT,FINANCE,SEC Investor.gov Glossary,https://www.investor.gov/introduction-investing/investing-basics/glossary,SEC_INVESTOR_GOV,US_FEDERAL_SECURITIES_AUTHORITY,False,True,exchange-traded note,LOW,Conservative deterministic punctuation/hyphenation variant of source-attested parent term.,,,
exchange-traded fund,exchange-traded fund,FINANCIAL_INSTRUMENT,FINANCE,SEC Investor.gov Glossary,https://www.investor.gov/introduction-investing/investing-basics/glossary,SEC_INVESTOR_GOV,US_FEDERAL_SECURITIES_AUTHORITY,True,False,,MEDIUM,,,,
exchange-traded note,exchange-traded note,FINANCIAL_INSTRUMENT,FINANCE,SEC Investor.gov Glossary,https://www.investor.gov/introduction-investing/investing-basics/glossary,SEC_INVESTOR_GOV,US_FEDERAL_SECURITIES_AUTHORITY,True,False,,LOW,,,,
excise tax,excise tax,TAX_CONCEPT,TAX,IRS Understanding Taxes – Glossary,https://apps.irs.gov/app/understandingTaxes/student/glossary.jsp,IRS,US_FEDERAL_TAX_AUTHORITY,True,False,,LOW,,,,
exemption,exemption,TAX_CONCEPT,TAX,IRS Understanding Taxes – Glossary,https://apps.irs.gov/app/understandingTaxes/student/glossary.jsp,IRS,US_FEDERAL_TAX_AUTHORITY,True,False,,LOW,,,,
exercise,exercise,PROCESS_EVENT,FINANCE,CFTC Futures Glossary,https://www.cftc.gov/LearnAndProtect/AdvisoriesAndArticles/CFTCGlossary/index.htm,CFTC,US_FEDERAL_DERIVATIVES_AUTHORITY,True,False,,HIGH,,,,
exhibit,exhibit,DOCUMENT,FINANCE,SEC Forms Index / EDGAR Filing Forms,https://www.sec.gov/submit-filings/forms-index,SEC,US_FEDERAL_SECURITIES_AUTHORITY,True,False,,HIGH,,,,
expense ratio,expense ratio,FINANCIAL_CONCEPT,FINANCE,SEC Investor.gov Glossary,https://www.investor.gov/introduction-investing/investing-basics/glossary,SEC_INVESTOR_GOV,US_FEDERAL_SECURITIES_AUTHORITY,True,False,,LOW,,,,
expenses,expenses,ACCOUNTING_CONCEPT,ACCOUNTING,SEC Beginners' Guide to Financial Statements,https://www.sec.gov/about/reports-publications/investorpubsbegfinstmtguide,SEC,US_FEDERAL_SECURITIES_AUTHORITY,True,False,,HIGH,Collision note: ordinary-English/name/legal/geographic collision potential.,,,
expiration date,expiration date,FINANCIAL_CONCEPT,FINANCE,CFTC Futures Glossary,https://www.cftc.gov/LearnAndProtect/AdvisoriesAndArticles/CFTCGlossary/index.htm,CFTC,US_FEDERAL_DERIVATIVES_AUTHORITY,True,False,,LOW,,,,
Fair Credit Reporting Act,fair credit reporting act,REGULATORY_TERM,FINANCE,CFPB Financial Terms Glossary,https://www.consumerfinance.gov/consumer-tools/educator-tools/youth-financial-education/glossary/,CFPB,US_FEDERAL_CONSUMER_FINANCE_AUTHORITY,True,False,,LOW,,,,
Fair Credit Reporting Act,fair credit reporting act,REGULATORY_TERM,FINANCE,Federal Reserve Acronym Glossary,https://www.federalreserve.gov/regreform/acronym.htm,FEDERAL_RESERVE,US_CENTRAL_BANK_REGULATOR,True,False,,LOW,,,FCRA,Fair Credit Reporting Act
fair market value,fair market value,TAX_CONCEPT,TAX,IRS Publication 551 – Basis of Assets,https://www.irs.gov/publications/p551,IRS,US_FEDERAL_TAX_AUTHORITY,True,False,,LOW,,,,
fair-market value,fair-market value,TAX_CONCEPT,TAX,IRS Publication 551 – Basis of Assets,https://www.irs.gov/publications/p551,IRS,US_FEDERAL_TAX_AUTHORITY,False,True,fair market value,LOW,Conservative deterministic punctuation/hyphenation variant of source-attested parent term.,,,
FBO,fbo,ORGANIZATION,FINANCE,Federal Reserve Acronym Glossary,https://www.federalreserve.gov/regreform/acronym.htm,FEDERAL_RESERVE,US_CENTRAL_BANK_REGULATOR,True,False,,HIGH,,,FBO,Foreign Banking Organization
FCM,fcm,ROLE,FINANCE,CFTC Futures Glossary,https://www.cftc.gov/LearnAndProtect/AdvisoriesAndArticles/CFTCGlossary/index.htm,CFTC,US_FEDERAL_DERIVATIVES_AUTHORITY,True,False,,HIGH,,,FCM,futures commission merchant
FCRA,fcra,REGULATORY_TERM,FINANCE,Federal Reserve Acronym Glossary,https://www.federalreserve.gov/regreform/acronym.htm,FEDERAL_RESERVE,US_CENTRAL_BANK_REGULATOR,True,False,,HIGH,,,FCRA,Fair Credit Reporting Act
FDIC,fdic,ORGANIZATION,FINANCE,Federal Reserve Acronym Glossary,https://www.federalreserve.gov/regreform/acronym.htm,FEDERAL_RESERVE,US_CENTRAL_BANK_REGULATOR,True,False,,HIGH,,,FDIC,Federal Deposit Insurance Corporation
FDIC-insured institution,fdic-insured institution,REGULATORY_TERM,FINANCE,FDIC BankFind Glossary & Variable Definitions,https://banks.data.fdic.gov/bankfind-suite/help?helpTopic=glossary-and-variable-definitions,FDIC,US_FEDERAL_BANKING_AUTHORITY,True,False,,LOW,,,,
Federal Deposit Insurance Corporation,federal deposit insurance corporation,ORGANIZATION,FINANCE,Federal Reserve Acronym Glossary,https://www.federalreserve.gov/regreform/acronym.htm,FEDERAL_RESERVE,US_CENTRAL_BANK_REGULATOR,True,False,,MEDIUM,,,FDIC,Federal Deposit Insurance Corporation
Federal Financial Institutions Examination Council,federal financial institutions examination council,ORGANIZATION,FINANCE,Federal Reserve Acronym Glossary,https://www.federalreserve.gov/regreform/acronym.htm,FEDERAL_RESERVE,US_CENTRAL_BANK_REGULATOR,True,False,,LOW,,,FFIEC,Federal Financial Institutions Examination Council
Federal Housing Finance Agency,federal housing finance agency,ORGANIZATION,FINANCE,Federal Reserve Acronym Glossary,https://www.federalreserve.gov/regreform/acronym.htm,FEDERAL_RESERVE,US_CENTRAL_BANK_REGULATOR,True,False,,LOW,,,FHFA,Federal Housing Finance Agency
federal income tax,federal income tax,TAX_CONCEPT,TAX,IRS Understanding Taxes – Glossary,https://apps.irs.gov/app/understandingTaxes/student/glossary.jsp,IRS,US_FEDERAL_TAX_AUTHORITY,True,False,,MEDIUM,,,,
federal income tax withholding,federal income tax withholding,TAX_CONCEPT,TAX,IRS Understanding Employment Taxes,https://www.irs.gov/businesses/small-businesses-self-employed/understanding-employment-taxes,IRS,US_FEDERAL_TAX_AUTHORITY,True,False,,MEDIUM,,,,
Federal Insurance Contributions Act,federal insurance contributions act,TAX_CONCEPT,TAX,IRS Understanding Employment Taxes,https://www.irs.gov/businesses/small-businesses-self-employed/understanding-employment-taxes,IRS,US_FEDERAL_TAX_AUTHORITY,True,False,,MEDIUM,,,FICA,Federal Insurance Contributions Act
federal unemployment tax,federal unemployment tax,TAX_CONCEPT,TAX,IRS Understanding Employment Taxes,https://www.irs.gov/businesses/small-businesses-self-employed/understanding-employment-taxes,IRS,US_FEDERAL_TAX_AUTHORITY,True,False,,LOW,,,,
Federal Unemployment Tax Act,federal unemployment tax act,TAX_CONCEPT,TAX,IRS Understanding Employment Taxes,https://www.irs.gov/businesses/small-businesses-self-employed/understanding-employment-taxes,IRS,US_FEDERAL_TAX_AUTHORITY,True,False,,LOW,,,FUTA,Federal Unemployment Tax Act
Federal Unemployment Tax Act tax,federal unemployment tax act tax,TAX_CONCEPT,TAX,IRS Understanding Employment Taxes,https://www.irs.gov/businesses/small-businesses-self-employed/understanding-employment-taxes,IRS,US_FEDERAL_TAX_AUTHORITY,True,False,,LOW,,,,
fee,fee,FINANCIAL_CONCEPT,FINANCE,CFPB Financial Terms Glossary,https://www.consumerfinance.gov/consumer-tools/educator-tools/youth-financial-education/glossary/,CFPB,US_FEDERAL_CONSUMER_FINANCE_AUTHORITY,True,False,,HIGH,,,,
FFIEC,ffiec,ORGANIZATION,FINANCE,Federal Reserve Acronym Glossary,https://www.federalreserve.gov/regreform/acronym.htm,FEDERAL_RESERVE,US_CENTRAL_BANK_REGULATOR,True,False,,HIGH,,,FFIEC,Federal Financial Institutions Examination Council
FHA loan,fha loan,FINANCIAL_INSTRUMENT,FINANCE,CFPB Mortgages Key Terms,https://www.consumerfinance.gov/consumer-tools/mortgages/answers/key-terms/,CFPB,US_FEDERAL_CONSUMER_FINANCE_AUTHORITY,True,False,,LOW,,,,
FHC,fhc,ORGANIZATION,FINANCE,Federal Reserve Acronym Glossary,https://www.federalreserve.gov/regreform/acronym.htm,FEDERAL_RESERVE,US_CENTRAL_BANK_REGULATOR,True,False,,HIGH,,,FHC,Financial Holding Company
FHFA,fhfa,ORGANIZATION,FINANCE,Federal Reserve Acronym Glossary,https://www.federalreserve.gov/regreform/acronym.htm,FEDERAL_RESERVE,US_CENTRAL_BANK_REGULATOR,True,False,,HIGH,,,FHFA,Federal Housing Finance Agency
FICA,fica,TAX_CONCEPT,TAX,IRS Understanding Employment Taxes,https://www.irs.gov/businesses/small-businesses-self-employed/understanding-employment-taxes,IRS,US_FEDERAL_TAX_AUTHORITY,True,False,,HIGH,,,FICA,Federal Insurance Contributions Act
filing,filing,DOCUMENT,FINANCE,SEC Forms Index / EDGAR Filing Forms,https://www.sec.gov/submit-filings/forms-index,SEC,US_FEDERAL_SECURITIES_AUTHORITY,True,False,,HIGH,Collision note: ordinary-English/name/legal/geographic collision potential.,,,
filing,filing,PROCESS_EVENT,TAX,IRS Understanding Taxes – Glossary,https://apps.irs.gov/app/understandingTaxes/student/glossary.jsp,IRS,US_FEDERAL_TAX_AUTHORITY,True,False,,HIGH,Collision note: ordinary-English/name/legal/geographic collision potential.,,,
filing status,filing status,TAX_CONCEPT,TAX,IRS Understanding Taxes – Glossary,https://apps.irs.gov/app/understandingTaxes/student/glossary.jsp,IRS,US_FEDERAL_TAX_AUTHORITY,True,False,,LOW,,,,
finance charge,finance charge,FINANCIAL_CONCEPT,FINANCE,CFPB Financial Terms Glossary,https://www.consumerfinance.gov/consumer-tools/educator-tools/youth-financial-education/glossary/,CFPB,US_FEDERAL_CONSUMER_FINANCE_AUTHORITY,True,False,,LOW,,,,
Financial Holding Company,financial holding company,ORGANIZATION,FINANCE,Federal Reserve Acronym Glossary,https://www.federalreserve.gov/regreform/acronym.htm,FEDERAL_RESERVE,US_CENTRAL_BANK_REGULATOR,True,False,,LOW,,,FHC,Financial Holding Company
Financial Market Utility,financial market utility,ORGANIZATION,FINANCE,Federal Reserve Acronym Glossary,https://www.federalreserve.gov/regreform/acronym.htm,FEDERAL_RESERVE,US_CENTRAL_BANK_REGULATOR,True,False,,LOW,,,FMU,Financial Market Utility
financial professional,financial professional,ROLE,FINANCE,SEC Investor.gov Glossary,https://www.investor.gov/introduction-investing/investing-basics/glossary,SEC_INVESTOR_GOV,US_FEDERAL_SECURITIES_AUTHORITY,True,False,,LOW,,,,
financial reporting,financial reporting,PROCESS_EVENT,ACCOUNTING,SEC Beginners' Guide to Financial Statements,https://www.sec.gov/about/reports-publications/investorpubsbegfinstmtguide,SEC,US_FEDERAL_SECURITIES_AUTHORITY,True,False,,LOW,,,,
financial statements,financial statements,DOCUMENT,ACCOUNTING,SEC Beginners' Guide to Financial Statements,https://www.sec.gov/about/reports-publications/investorpubsbegfinstmtguide,SEC,US_FEDERAL_SECURITIES_AUTHORITY,True,False,,LOW,,,,
financing activities,financing activities,ACCOUNTING_CONCEPT,ACCOUNTING,SEC Beginners' Guide to Financial Statements,https://www.sec.gov/about/reports-publications/investorpubsbegfinstmtguide,SEC,US_FEDERAL_SECURITIES_AUTHORITY,True,False,,LOW,,,,
financing sources,financing sources,ACCOUNTING_CONCEPT,ACCOUNTING,U.S. Standard General Ledger (USSGL),https://fiscal.treasury.gov/accounting/us-standard-general-ledger-ussgl,TREASURY_USSGL,US_FEDERAL_ACCOUNTING_STANDARD,True,False,,LOW,,,,
fixed annuity,fixed annuity,FINANCIAL_INSTRUMENT,FINANCE,SEC Investor.gov Glossary,https://www.investor.gov/introduction-investing/investing-basics/glossary,SEC_INVESTOR_GOV,US_FEDERAL_SECURITIES_AUTHORITY,True,False,,LOW,,,,
fixed expense,fixed expense,FINANCIAL_CONCEPT,FINANCE,CFPB Financial Terms Glossary,https://www.consumerfinance.gov/consumer-tools/educator-tools/youth-financial-education/glossary/,CFPB,US_FEDERAL_CONSUMER_FINANCE_AUTHORITY,True,False,,LOW,,,,
fixed income security,fixed income security,FINANCIAL_INSTRUMENT,FINANCE,SEC Investor.gov Glossary,https://www.investor.gov/introduction-investing/investing-basics/glossary,SEC_INVESTOR_GOV,US_FEDERAL_SECURITIES_AUTHORITY,True,False,,MEDIUM,Collision note: cross-domain legal/document terminology overlap.,,,
fixed rate mortgage,fixed rate mortgage,FINANCIAL_INSTRUMENT,FINANCE,CFPB Mortgages Key Terms,https://www.consumerfinance.gov/consumer-tools/mortgages/answers/key-terms/,CFPB,US_FEDERAL_CONSUMER_FINANCE_AUTHORITY,False,True,fixed-rate mortgage,LOW,Conservative deterministic punctuation/hyphenation variant of source-attested parent term.,,,
fixed-rate mortgage,fixed-rate mortgage,FINANCIAL_INSTRUMENT,FINANCE,CFPB Mortgages Key Terms,https://www.consumerfinance.gov/consumer-tools/mortgages/answers/key-terms/,CFPB,US_FEDERAL_CONSUMER_FINANCE_AUTHORITY,True,False,,LOW,,,,
flat tax,flat tax,TAX_CONCEPT,TAX,IRS Understanding Taxes – Glossary,https://apps.irs.gov/app/understandingTaxes/student/glossary.jsp,IRS,US_FEDERAL_TAX_AUTHORITY,True,False,,LOW,,,,
floor broker,floor broker,ROLE,FINANCE,CFTC Futures Glossary,https://www.cftc.gov/LearnAndProtect/AdvisoriesAndArticles/CFTCGlossary/index.htm,CFTC,US_FEDERAL_DERIVATIVES_AUTHORITY,True,False,,LOW,,,,
floor trader,floor trader,ROLE,FINANCE,CFTC Futures Glossary,https://www.cftc.gov/LearnAndProtect/AdvisoriesAndArticles/CFTCGlossary/index.htm,CFTC,US_FEDERAL_DERIVATIVES_AUTHORITY,True,False,,LOW,,,,
FMU,fmu,ORGANIZATION,FINANCE,Federal Reserve Acronym Glossary,https://www.federalreserve.gov/regreform/acronym.htm,FEDERAL_RESERVE,US_CENTRAL_BANK_REGULATOR,True,False,,HIGH,,,FMU,Financial Market Utility
forbearance,forbearance,PROCESS_EVENT,FINANCE,CFPB Financial Terms Glossary,https://www.consumerfinance.gov/consumer-tools/educator-tools/youth-financial-education/glossary/,CFPB,US_FEDERAL_CONSUMER_FINANCE_AUTHORITY,True,False,,LOW,,,,
forbearance,forbearance,PROCESS_EVENT,FINANCE,CFPB Mortgages Key Terms,https://www.consumerfinance.gov/consumer-tools/mortgages/answers/key-terms/,CFPB,US_FEDERAL_CONSUMER_FINANCE_AUTHORITY,True,False,,LOW,,,,
foreclosure,foreclosure,PROCESS_EVENT,FINANCE,CFPB Financial Terms Glossary,https://www.consumerfinance.gov/consumer-tools/educator-tools/youth-financial-education/glossary/,CFPB,US_FEDERAL_CONSUMER_FINANCE_AUTHORITY,True,False,,LOW,,,,
foreclosure,foreclosure,PROCESS_EVENT,FINANCE,CFPB Mortgages Key Terms,https://www.consumerfinance.gov/consumer-tools/mortgages/answers/key-terms/,CFPB,US_FEDERAL_CONSUMER_FINANCE_AUTHORITY,True,False,,LOW,,,,
Foreign Banking Organization,foreign banking organization,ORGANIZATION,FINANCE,Federal Reserve Acronym Glossary,https://www.federalreserve.gov/regreform/acronym.htm,FEDERAL_RESERVE,US_CENTRAL_BANK_REGULATOR,True,False,,MEDIUM,,,FBO,Foreign Banking Organization
Form 10-K,form 10-k,DOCUMENT,FINANCE,SEC Forms Index / EDGAR Filing Forms,https://www.sec.gov/submit-filings/forms-index,SEC,US_FEDERAL_SECURITIES_AUTHORITY,True,False,,MEDIUM,Collision note: cross-domain legal/document terminology overlap.,,,
Form 10-Q,form 10-q,DOCUMENT,FINANCE,SEC Forms Index / EDGAR Filing Forms,https://www.sec.gov/submit-filings/forms-index,SEC,US_FEDERAL_SECURITIES_AUTHORITY,True,False,,MEDIUM,Collision note: cross-domain legal/document terminology overlap.,,,
Form 1040,form 1040,DOCUMENT,TAX,"IRS Forms, Instructions & Publications",https://www.irs.gov/forms-instructions,IRS,US_FEDERAL_TAX_AUTHORITY,True,False,,MEDIUM,Collision note: cross-domain legal/document terminology overlap.,,,
Form 1040-ES,form 1040-es,DOCUMENT,TAX,"IRS Forms, Instructions & Publications",https://www.irs.gov/forms-instructions,IRS,US_FEDERAL_TAX_AUTHORITY,True,False,,MEDIUM,Collision note: cross-domain legal/document terminology overlap.,,,
Form 1040-SR,form 1040-sr,DOCUMENT,TAX,"IRS Forms, Instructions & Publications",https://www.irs.gov/forms-instructions,IRS,US_FEDERAL_TAX_AUTHORITY,True,False,,MEDIUM,Collision note: cross-domain legal/document terminology overlap.,,,
Form 1041,form 1041,DOCUMENT,TAX,"IRS Forms, Instructions & Publications",https://www.irs.gov/forms-instructions,IRS,US_FEDERAL_TAX_AUTHORITY,True,False,,MEDIUM,Collision note: cross-domain legal/document terminology overlap.,,,
Form 1065,form 1065,DOCUMENT,TAX,"IRS Forms, Instructions & Publications",https://www.irs.gov/forms-instructions,IRS,US_FEDERAL_TAX_AUTHORITY,True,False,,MEDIUM,Collision note: cross-domain legal/document terminology overlap.,,,
Form 1098,form 1098,DOCUMENT,TAX,"IRS Forms, Instructions & Publications",https://www.irs.gov/forms-instructions,IRS,US_FEDERAL_TAX_AUTHORITY,True,False,,MEDIUM,Collision note: cross-domain legal/document terminology overlap.,,,
Form 1099,form 1099,DOCUMENT,TAX,"IRS Forms, Instructions & Publications",https://www.irs.gov/forms-instructions,IRS,US_FEDERAL_TAX_AUTHORITY,True,False,,MEDIUM,Collision note: cross-domain legal/document terminology overlap.,,,
Form 1099-B,form 1099-b,DOCUMENT,TAX,"IRS Forms, Instructions & Publications",https://www.irs.gov/forms-instructions,IRS,US_FEDERAL_TAX_AUTHORITY,True,False,,MEDIUM,Collision note: cross-domain legal/document terminology overlap.,,,
Form 1099-DIV,form 1099-div,DOCUMENT,TAX,"IRS Forms, Instructions & Publications",https://www.irs.gov/forms-instructions,IRS,US_FEDERAL_TAX_AUTHORITY,True,False,,MEDIUM,Collision note: cross-domain legal/document terminology overlap.,,,
Form 1099-INT,form 1099-int,DOCUMENT,TAX,"IRS Forms, Instructions & Publications",https://www.irs.gov/forms-instructions,IRS,US_FEDERAL_TAX_AUTHORITY,True,False,,MEDIUM,Collision note: cross-domain legal/document terminology overlap.,,,
Form 1099-MISC,form 1099-misc,DOCUMENT,TAX,"IRS Forms, Instructions & Publications",https://www.irs.gov/forms-instructions,IRS,US_FEDERAL_TAX_AUTHORITY,True,False,,MEDIUM,Collision note: cross-domain legal/document terminology overlap.,,,
Form 1099-NEC,form 1099-nec,DOCUMENT,TAX,"IRS Forms, Instructions & Publications",https://www.irs.gov/forms-instructions,IRS,US_FEDERAL_TAX_AUTHORITY,True,False,,MEDIUM,Collision note: cross-domain legal/document terminology overlap.,,,
Form 10K,form 10k,DOCUMENT,FINANCE,SEC Forms Index / EDGAR Filing Forms,https://www.sec.gov/submit-filings/forms-index,SEC,US_FEDERAL_SECURITIES_AUTHORITY,False,True,Form 10-K,MEDIUM,Conservative deterministic punctuation/hyphenation variant of source-attested parent term. Collision note: cross-domain legal/document terminology overlap.,,,
Form 10Q,form 10q,DOCUMENT,FINANCE,SEC Forms Index / EDGAR Filing Forms,https://www.sec.gov/submit-filings/forms-index,SEC,US_FEDERAL_SECURITIES_AUTHORITY,False,True,Form 10-Q,MEDIUM,Conservative deterministic punctuation/hyphenation variant of source-attested parent term. Collision note: cross-domain legal/document terminology overlap.,,,
Form 1120,form 1120,DOCUMENT,TAX,"IRS Forms, Instructions & Publications",https://www.irs.gov/forms-instructions,IRS,US_FEDERAL_TAX_AUTHORITY,True,False,,MEDIUM,Collision note: cross-domain legal/document terminology overlap.,,,
Form 1120-S,form 1120-s,DOCUMENT,TAX,"IRS Forms, Instructions & Publications",https://www.irs.gov/forms-instructions,IRS,US_FEDERAL_TAX_AUTHORITY,True,False,,MEDIUM,Collision note: cross-domain legal/document terminology overlap.,,,
Form 13F,form 13f,REGULATORY_TERM,FINANCE,SEC Investor.gov Glossary,https://www.investor.gov/introduction-investing/investing-basics/glossary,SEC_INVESTOR_GOV,US_FEDERAL_SECURITIES_AUTHORITY,True,False,,MEDIUM,Collision note: cross-domain legal/document terminology overlap.,,,
Form 4506-T,form 4506-t,DOCUMENT,TAX,"IRS Forms, Instructions & Publications",https://www.irs.gov/forms-instructions,IRS,US_FEDERAL_TAX_AUTHORITY,True,False,,MEDIUM,Collision note: cross-domain legal/document terminology overlap.,,,
Form 4868,form 4868,DOCUMENT,TAX,"IRS Forms, Instructions & Publications",https://www.irs.gov/forms-instructions,IRS,US_FEDERAL_TAX_AUTHORITY,True,False,,MEDIUM,Collision note: cross-domain legal/document terminology overlap.,,,
Form 7004,form 7004,DOCUMENT,TAX,"IRS Forms, Instructions & Publications",https://www.irs.gov/forms-instructions,IRS,US_FEDERAL_TAX_AUTHORITY,True,False,,MEDIUM,Collision note: cross-domain legal/document terminology overlap.,,,
Form 8-K,form 8-k,DOCUMENT,FINANCE,SEC Forms Index / EDGAR Filing Forms,https://www.sec.gov/submit-filings/forms-index,SEC,US_FEDERAL_SECURITIES_AUTHORITY,True,False,,MEDIUM,Collision note: cross-domain legal/document terminology overlap.,,,
Form 8K,form 8k,DOCUMENT,FINANCE,SEC Forms Index / EDGAR Filing Forms,https://www.sec.gov/submit-filings/forms-index,SEC,US_FEDERAL_SECURITIES_AUTHORITY,False,True,Form 8-K,MEDIUM,Conservative deterministic punctuation/hyphenation variant of source-attested parent term. Collision note: cross-domain legal/document terminology overlap.,,,
Form 940,form 940,DOCUMENT,TAX,"IRS Forms, Instructions & Publications",https://www.irs.gov/forms-instructions,IRS,US_FEDERAL_TAX_AUTHORITY,True,False,,MEDIUM,Collision note: cross-domain legal/document terminology overlap.,,,
Form 941,form 941,DOCUMENT,TAX,"IRS Forms, Instructions & Publications",https://www.irs.gov/forms-instructions,IRS,US_FEDERAL_TAX_AUTHORITY,True,False,,MEDIUM,Collision note: cross-domain legal/document terminology overlap.,,,
Form 9465,form 9465,DOCUMENT,TAX,"IRS Forms, Instructions & Publications",https://www.irs.gov/forms-instructions,IRS,US_FEDERAL_TAX_AUTHORITY,True,False,,MEDIUM,Collision note: cross-domain legal/document terminology overlap.,,,
Form 990,form 990,DOCUMENT,TAX,"IRS Forms, Instructions & Publications",https://www.irs.gov/forms-instructions,IRS,US_FEDERAL_TAX_AUTHORITY,True,False,,MEDIUM,Collision note: cross-domain legal/document terminology overlap.,,,
Form S-1,form s-1,DOCUMENT,FINANCE,SEC Forms Index / EDGAR Filing Forms,https://www.sec.gov/submit-filings/forms-index,SEC,US_FEDERAL_SECURITIES_AUTHORITY,True,False,,MEDIUM,Collision note: cross-domain legal/document terminology overlap.,,,
Form S-3,form s-3,DOCUMENT,FINANCE,SEC Forms Index / EDGAR Filing Forms,https://www.sec.gov/submit-filings/forms-index,SEC,US_FEDERAL_SECURITIES_AUTHORITY,True,False,,MEDIUM,Collision note: cross-domain legal/document terminology overlap.,,,
Form S-4,form s-4,DOCUMENT,FINANCE,SEC Forms Index / EDGAR Filing Forms,https://www.sec.gov/submit-filings/forms-index,SEC,US_FEDERAL_SECURITIES_AUTHORITY,True,False,,MEDIUM,Collision note: cross-domain legal/document terminology overlap.,,,
Form S-8,form s-8,DOCUMENT,FINANCE,SEC Forms Index / EDGAR Filing Forms,https://www.sec.gov/submit-filings/forms-index,SEC,US_FEDERAL_SECURITIES_AUTHORITY,True,False,,MEDIUM,Collision note: cross-domain legal/document terminology overlap.,,,
Form SS-4,form ss-4,DOCUMENT,TAX,"IRS Forms, Instructions & Publications",https://www.irs.gov/forms-instructions,IRS,US_FEDERAL_TAX_AUTHORITY,True,False,,MEDIUM,Collision note: cross-domain legal/document terminology overlap.,,,
Form W-2,form w-2,DOCUMENT,TAX,"IRS Forms, Instructions & Publications",https://www.irs.gov/forms-instructions,IRS,US_FEDERAL_TAX_AUTHORITY,True,False,,MEDIUM,Collision note: cross-domain legal/document terminology overlap.,,,
Form W-4,form w-4,DOCUMENT,TAX,"IRS Forms, Instructions & Publications",https://www.irs.gov/forms-instructions,IRS,US_FEDERAL_TAX_AUTHORITY,True,False,,MEDIUM,Collision note: cross-domain legal/document terminology overlap.,,,
Form W-9,form w-9,DOCUMENT,TAX,"IRS Forms, Instructions & Publications",https://www.irs.gov/forms-instructions,IRS,US_FEDERAL_TAX_AUTHORITY,True,False,,MEDIUM,Collision note: cross-domain legal/document terminology overlap.,,,
forward contract,forward contract,FINANCIAL_INSTRUMENT,FINANCE,CFTC Futures Glossary,https://www.cftc.gov/LearnAndProtect/AdvisoriesAndArticles/CFTCGlossary/index.htm,CFTC,US_FEDERAL_DERIVATIVES_AUTHORITY,True,False,,LOW,,,,
fund balance with Treasury,fund balance with treasury,ACCOUNTING_CONCEPT,ACCOUNTING,U.S. Standard General Ledger (USSGL),https://fiscal.treasury.gov/accounting/us-standard-general-ledger-ussgl,TREASURY_USSGL,US_FEDERAL_ACCOUNTING_STANDARD,True,False,,MEDIUM,,,,
funding risk,funding risk,FINANCIAL_CONCEPT,FINANCE,Federal Reserve Regulatory Reform Glossary,https://www.federalreserve.gov/regreform/reform-glossary.htm,FEDERAL_RESERVE,US_CENTRAL_BANK_REGULATOR,True,False,,LOW,,,,
funds transfer,funds transfer,PROCESS_EVENT,FINANCE,Federal Reserve Payments Glossary,https://www.federalreserve.gov/paymentsystems/pfs_glossary.htm,FEDERAL_RESERVE,US_CENTRAL_BANK_REGULATOR,True,False,,LOW,,,,
FUTA,futa,TAX_CONCEPT,TAX,IRS Understanding Employment Taxes,https://www.irs.gov/businesses/small-businesses-self-employed/understanding-employment-taxes,IRS,US_FEDERAL_TAX_AUTHORITY,True,False,,HIGH,,,FUTA,Federal Unemployment Tax Act
FUTA tax,futa tax,TAX_CONCEPT,TAX,IRS Understanding Employment Taxes,https://www.irs.gov/businesses/small-businesses-self-employed/understanding-employment-taxes,IRS,US_FEDERAL_TAX_AUTHORITY,True,False,,LOW,,,,
futures,futures,FINANCIAL_INSTRUMENT,FINANCE,CFTC Futures Glossary,https://www.cftc.gov/LearnAndProtect/AdvisoriesAndArticles/CFTCGlossary/index.htm,CFTC,US_FEDERAL_DERIVATIVES_AUTHORITY,True,False,,HIGH,Collision note: ordinary-English/name/legal/geographic collision potential.,,,
futures commission merchant,futures commission merchant,ROLE,FINANCE,CFTC Futures Glossary,https://www.cftc.gov/LearnAndProtect/AdvisoriesAndArticles/CFTCGlossary/index.htm,CFTC,US_FEDERAL_DERIVATIVES_AUTHORITY,True,False,,LOW,,,,
futures contract,futures contract,FINANCIAL_INSTRUMENT,FINANCE,CFTC Futures Glossary,https://www.cftc.gov/LearnAndProtect/AdvisoriesAndArticles/CFTCGlossary/index.htm,CFTC,US_FEDERAL_DERIVATIVES_AUTHORITY,True,False,,LOW,,,,
futures price,futures price,FINANCIAL_CONCEPT,FINANCE,CFTC Futures Glossary,https://www.cftc.gov/LearnAndProtect/AdvisoriesAndArticles/CFTCGlossary/index.htm,CFTC,US_FEDERAL_DERIVATIVES_AUTHORITY,True,False,,LOW,,,,
gain,gain,TAX_CONCEPT,TAX,IRS Publication 551 – Basis of Assets,https://www.irs.gov/publications/p551,IRS,US_FEDERAL_TAX_AUTHORITY,True,False,,HIGH,Collision note: ordinary-English/name/legal/geographic collision potential.,,,
general ledger,general ledger,ACCOUNTING_CONCEPT,ACCOUNTING,U.S. Standard General Ledger (USSGL),https://fiscal.treasury.gov/accounting/us-standard-general-ledger-ussgl,TREASURY_USSGL,US_FEDERAL_ACCOUNTING_STANDARD,True,False,,LOW,,,,
government account,government account,ACCOUNT_TYPE,FINANCE,FDIC EDIE Glossary,https://edie.fdic.gov/glossary.html,FDIC,US_FEDERAL_BANKING_AUTHORITY,True,False,,MEDIUM,,,,
government bond,government bond,FINANCIAL_INSTRUMENT,FINANCE,SEC Investor.gov Glossary,https://www.investor.gov/introduction-investing/investing-basics/glossary,SEC_INVESTOR_GOV,US_FEDERAL_SECURITIES_AUTHORITY,True,False,,MEDIUM,,,,
grace period,grace period,FINANCIAL_CONCEPT,FINANCE,CFPB Financial Terms Glossary,https://www.consumerfinance.gov/consumer-tools/educator-tools/youth-financial-education/glossary/,CFPB,US_FEDERAL_CONSUMER_FINANCE_AUTHORITY,True,False,,LOW,,,,
gross income,gross income,FINANCIAL_CONCEPT,FINANCE,CFPB Financial Terms Glossary,https://www.consumerfinance.gov/consumer-tools/educator-tools/youth-financial-education/glossary/,CFPB,US_FEDERAL_CONSUMER_FINANCE_AUTHORITY,True,False,,MEDIUM,,,,
gross income,gross income,TAX_CONCEPT,TAX,IRS Understanding Taxes – Glossary,https://apps.irs.gov/app/understandingTaxes/student/glossary.jsp,IRS,US_FEDERAL_TAX_AUTHORITY,True,False,,MEDIUM,,,,
gross profit,gross profit,ACCOUNTING_CONCEPT,ACCOUNTING,SEC Beginners' Guide to Financial Statements,https://www.sec.gov/about/reports-publications/investorpubsbegfinstmtguide,SEC,US_FEDERAL_SECURITIES_AUTHORITY,True,False,,LOW,,,,
guarantor,guarantor,ROLE,FINANCE,CFPB Financial Terms Glossary,https://www.consumerfinance.gov/consumer-tools/educator-tools/youth-financial-education/glossary/,CFPB,US_FEDERAL_CONSUMER_FINANCE_AUTHORITY,True,False,,LOW,,,,
haircut,haircut,FINANCIAL_CONCEPT,FINANCE,Federal Reserve Regulatory Reform Glossary,https://www.federalreserve.gov/regreform/reform-glossary.htm,FEDERAL_RESERVE,US_CENTRAL_BANK_REGULATOR,True,False,,HIGH,,,,
hedge,hedge,FINANCIAL_CONCEPT,FINANCE,CFTC Futures Glossary,https://www.cftc.gov/LearnAndProtect/AdvisoriesAndArticles/CFTCGlossary/index.htm,CFTC,US_FEDERAL_DERIVATIVES_AUTHORITY,True,False,,HIGH,,,,
hedging,hedging,FINANCIAL_CONCEPT,FINANCE,CFTC Futures Glossary,https://www.cftc.gov/LearnAndProtect/AdvisoriesAndArticles/CFTCGlossary/index.htm,CFTC,US_FEDERAL_DERIVATIVES_AUTHORITY,True,False,,HIGH,,,,
horizontal equity,horizontal equity,TAX_CONCEPT,TAX,IRS Understanding Taxes – Glossary,https://apps.irs.gov/app/understandingTaxes/student/glossary.jsp,IRS,US_FEDERAL_TAX_AUTHORITY,True,False,,LOW,,,,
household employment taxes,household employment taxes,TAX_CONCEPT,TAX,IRS Schedules for Form 1040 and Form 1040-SR,https://www.irs.gov/forms-pubs/schedules-for-form-1040,IRS,US_FEDERAL_TAX_AUTHORITY,True,False,,LOW,,,,
imputed financing,imputed financing,ACCOUNTING_CONCEPT,ACCOUNTING,U.S. Standard General Ledger (USSGL),https://fiscal.treasury.gov/accounting/us-standard-general-ledger-ussgl,TREASURY_USSGL,US_FEDERAL_ACCOUNTING_STANDARD,True,False,,LOW,,,,
income averaging for farmers and fishermen,income averaging for farmers and fishermen,TAX_CONCEPT,TAX,IRS Schedules for Form 1040 and Form 1040-SR,https://www.irs.gov/forms-pubs/schedules-for-form-1040,IRS,US_FEDERAL_TAX_AUTHORITY,True,False,,MEDIUM,,,,
income before tax,income before tax,ACCOUNTING_CONCEPT,ACCOUNTING,SEC Beginners' Guide to Financial Statements,https://www.sec.gov/about/reports-publications/investorpubsbegfinstmtguide,SEC,US_FEDERAL_SECURITIES_AUTHORITY,True,False,,MEDIUM,,,,
income statement,income statement,DOCUMENT,ACCOUNTING,SEC Beginners' Guide to Financial Statements,https://www.sec.gov/about/reports-publications/investorpubsbegfinstmtguide,SEC,US_FEDERAL_SECURITIES_AUTHORITY,True,False,,MEDIUM,,,,
income tax,income tax,TAX_CONCEPT,TAX,IRS Understanding Taxes – Glossary,https://apps.irs.gov/app/understandingTaxes/student/glossary.jsp,IRS,US_FEDERAL_TAX_AUTHORITY,True,False,,MEDIUM,,,,
income tax withholding,income tax withholding,TAX_CONCEPT,TAX,IRS Understanding Employment Taxes,https://www.irs.gov/businesses/small-businesses-self-employed/understanding-employment-taxes,IRS,US_FEDERAL_TAX_AUTHORITY,True,False,,MEDIUM,,,,
income taxes,income taxes,ACCOUNTING_CONCEPT,ACCOUNTING,SEC Beginners' Guide to Financial Statements,https://www.sec.gov/about/reports-publications/investorpubsbegfinstmtguide,SEC,US_FEDERAL_SECURITIES_AUTHORITY,True,False,,MEDIUM,,,,
index fund,index fund,FINANCIAL_INSTRUMENT,FINANCE,SEC Investor.gov Glossary,https://www.investor.gov/introduction-investing/investing-basics/glossary,SEC_INVESTOR_GOV,US_FEDERAL_SECURITIES_AUTHORITY,True,False,,MEDIUM,,,,
indirect tax,indirect tax,TAX_CONCEPT,TAX,IRS Understanding Taxes – Glossary,https://apps.irs.gov/app/understandingTaxes/student/glossary.jsp,IRS,US_FEDERAL_TAX_AUTHORITY,True,False,,LOW,,,,
individual retirement account,individual retirement account,ACCOUNT_TYPE,FINANCE,SEC Investor.gov Glossary,https://www.investor.gov/introduction-investing/investing-basics/glossary,SEC_INVESTOR_GOV,US_FEDERAL_SECURITIES_AUTHORITY,True,False,,MEDIUM,,,,
inflation risk,inflation risk,FINANCIAL_CONCEPT,FINANCE,SEC Investor.gov Glossary,https://www.investor.gov/introduction-investing/investing-basics/glossary,SEC_INVESTOR_GOV,US_FEDERAL_SECURITIES_AUTHORITY,True,False,,LOW,,,,
information statement,information statement,DOCUMENT,FINANCE,SEC Forms Index / EDGAR Filing Forms,https://www.sec.gov/submit-filings/forms-index,SEC,US_FEDERAL_SECURITIES_AUTHORITY,True,False,,MEDIUM,,,,
initial margin,initial margin,FINANCIAL_CONCEPT,FINANCE,CFTC Futures Glossary,https://www.cftc.gov/LearnAndProtect/AdvisoriesAndArticles/CFTCGlossary/index.htm,CFTC,US_FEDERAL_DERIVATIVES_AUTHORITY,True,False,,LOW,,,,
initial public offering,initial public offering,PROCESS_EVENT,FINANCE,SEC Investor.gov Glossary,https://www.investor.gov/introduction-investing/investing-basics/glossary,SEC_INVESTOR_GOV,US_FEDERAL_SECURITIES_AUTHORITY,True,False,,LOW,,,,
Inline XBRL instance document,inline xbrl instance document,DOCUMENT,FINANCE,SEC Forms Index / EDGAR Filing Forms,https://www.sec.gov/submit-filings/forms-index,SEC,US_FEDERAL_SECURITIES_AUTHORITY,True,False,,LOW,,,,
insider trading,insider trading,REGULATORY_TERM,FINANCE,SEC Investor.gov Glossary,https://www.investor.gov/introduction-investing/investing-basics/glossary,SEC_INVESTOR_GOV,US_FEDERAL_SECURITIES_AUTHORITY,True,False,,LOW,,,,
installment loan,installment loan,FINANCIAL_INSTRUMENT,FINANCE,CFPB Financial Terms Glossary,https://www.consumerfinance.gov/consumer-tools/educator-tools/youth-financial-education/glossary/,CFPB,US_FEDERAL_CONSUMER_FINANCE_AUTHORITY,True,False,,LOW,,,,
insurance limit,insurance limit,FINANCIAL_CONCEPT,FINANCE,FDIC EDIE Glossary,https://edie.fdic.gov/glossary.html,FDIC,US_FEDERAL_BANKING_AUTHORITY,True,False,,MEDIUM,,,,
insured depository institution,insured depository institution,REGULATORY_TERM,FINANCE,FDIC BankFind Glossary & Variable Definitions,https://banks.data.fdic.gov/bankfind-suite/help?helpTopic=glossary-and-variable-definitions,FDIC,US_FEDERAL_BANKING_AUTHORITY,True,False,,LOW,,,,
interest,interest,FINANCIAL_CONCEPT,FINANCE,CFPB Financial Terms Glossary,https://www.consumerfinance.gov/consumer-tools/educator-tools/youth-financial-education/glossary/,CFPB,US_FEDERAL_CONSUMER_FINANCE_AUTHORITY,True,False,,HIGH,Collision note: ordinary-English/name/legal/geographic collision potential.,,,
interest,interest,FINANCIAL_CONCEPT,FINANCE,FDIC EDIE Glossary,https://edie.fdic.gov/glossary.html,FDIC,US_FEDERAL_BANKING_AUTHORITY,True,False,,HIGH,Collision note: ordinary-English/name/legal/geographic collision potential.,,,
interest,interest,FINANCIAL_CONCEPT,FINANCE,SEC Investor.gov Glossary,https://www.investor.gov/introduction-investing/investing-basics/glossary,SEC_INVESTOR_GOV,US_FEDERAL_SECURITIES_AUTHORITY,True,False,,HIGH,Collision note: ordinary-English/name/legal/geographic collision potential.,,,
interest,interest,FINANCIAL_CONCEPT,TAX,IRS Understanding Taxes – Glossary,https://apps.irs.gov/app/understandingTaxes/student/glossary.jsp,IRS,US_FEDERAL_TAX_AUTHORITY,True,False,,HIGH,Collision note: ordinary-English/name/legal/geographic collision potential.,,,
interest and ordinary dividends,interest and ordinary dividends,TAX_CONCEPT,TAX,IRS Schedules for Form 1040 and Form 1040-SR,https://www.irs.gov/forms-pubs/schedules-for-form-1040,IRS,US_FEDERAL_TAX_AUTHORITY,True,False,,LOW,,,,
interest rate,interest rate,FINANCIAL_CONCEPT,FINANCE,CFPB Financial Terms Glossary,https://www.consumerfinance.gov/consumer-tools/educator-tools/youth-financial-education/glossary/,CFPB,US_FEDERAL_CONSUMER_FINANCE_AUTHORITY,True,False,,LOW,,,,
interest rate,interest rate,FINANCIAL_CONCEPT,FINANCE,CFPB Mortgages Key Terms,https://www.consumerfinance.gov/consumer-tools/mortgages/answers/key-terms/,CFPB,US_FEDERAL_CONSUMER_FINANCE_AUTHORITY,True,False,,LOW,,,,
interest rate risk,interest rate risk,FINANCIAL_CONCEPT,FINANCE,SEC Investor.gov Glossary,https://www.investor.gov/introduction-investing/investing-basics/glossary,SEC_INVESTOR_GOV,US_FEDERAL_SECURITIES_AUTHORITY,True,False,,LOW,,,,
intermediate service provider,intermediate service provider,ROLE,TAX,IRS Understanding Taxes – Glossary,https://apps.irs.gov/app/understandingTaxes/student/glossary.jsp,IRS,US_FEDERAL_TAX_AUTHORITY,True,False,,LOW,,,,
internal-use software,internal-use software,ACCOUNTING_CONCEPT,ACCOUNTING,U.S. Standard General Ledger (USSGL),https://fiscal.treasury.gov/accounting/us-standard-general-ledger-ussgl,TREASURY_USSGL,US_FEDERAL_ACCOUNTING_STANDARD,True,False,,LOW,,,,
inventory,inventory,ACCOUNTING_CONCEPT,ACCOUNTING,SEC Beginners' Guide to Financial Statements,https://www.sec.gov/about/reports-publications/investorpubsbegfinstmtguide,SEC,US_FEDERAL_SECURITIES_AUTHORITY,True,False,,LOW,,,,
investing activities,investing activities,ACCOUNTING_CONCEPT,ACCOUNTING,SEC Beginners' Guide to Financial Statements,https://www.sec.gov/about/reports-publications/investorpubsbegfinstmtguide,SEC,US_FEDERAL_SECURITIES_AUTHORITY,True,False,,LOW,,,,
investment adviser,investment adviser,ROLE,FINANCE,SEC Investor.gov Glossary,https://www.investor.gov/introduction-investing/investing-basics/glossary,SEC_INVESTOR_GOV,US_FEDERAL_SECURITIES_AUTHORITY,True,False,,LOW,,,,
investment adviser representative,investment adviser representative,ROLE,FINANCE,SEC Investor.gov Glossary,https://www.investor.gov/introduction-investing/investing-basics/glossary,SEC_INVESTOR_GOV,US_FEDERAL_SECURITIES_AUTHORITY,True,False,,LOW,,,,
investor,investor,ROLE,FINANCE,SEC Investor.gov Glossary,https://www.investor.gov/introduction-investing/investing-basics/glossary,SEC_INVESTOR_GOV,US_FEDERAL_SECURITIES_AUTHORITY,True,False,,HIGH,,,,
IRA,ira,ACCOUNT_TYPE,FINANCE,SEC Investor.gov Glossary,https://www.investor.gov/introduction-investing/investing-basics/glossary,SEC_INVESTOR_GOV,US_FEDERAL_SECURITIES_AUTHORITY,True,False,,HIGH,,,IRA,individual retirement account
irrevocable trust account,irrevocable trust account,ACCOUNT_TYPE,FINANCE,FDIC EDIE Glossary,https://edie.fdic.gov/glossary.html,FDIC,US_FEDERAL_BANKING_AUTHORITY,True,False,,MEDIUM,Collision note: cross-domain legal/document terminology overlap.,,,
itemized deductions,itemized deductions,TAX_CONCEPT,TAX,IRS Understanding Taxes – Glossary,https://apps.irs.gov/app/understandingTaxes/student/glossary.jsp,IRS,US_FEDERAL_TAX_AUTHORITY,True,False,,LOW,,,,
itemized deductions,itemized deductions,TAX_CONCEPT,TAX,IRS Schedules for Form 1040 and Form 1040-SR,https://www.irs.gov/forms-pubs/schedules-for-form-1040,IRS,US_FEDERAL_TAX_AUTHORITY,True,False,,LOW,,,,
joint account,joint account,ACCOUNT_TYPE,FINANCE,FDIC EDIE Glossary,https://edie.fdic.gov/glossary.html,FDIC,US_FEDERAL_BANKING_AUTHORITY,True,False,,MEDIUM,,,,
journal entry,journal entry,ACCOUNTING_CONCEPT,ACCOUNTING,U.S. Standard General Ledger (USSGL),https://fiscal.treasury.gov/accounting/us-standard-general-ledger-ussgl,TREASURY_USSGL,US_FEDERAL_ACCOUNTING_STANDARD,True,False,,LOW,,,,
late fee,late fee,FINANCIAL_CONCEPT,FINANCE,CFPB Financial Terms Glossary,https://www.consumerfinance.gov/consumer-tools/educator-tools/youth-financial-education/glossary/,CFPB,US_FEDERAL_CONSUMER_FINANCE_AUTHORITY,True,False,,LOW,,,,
lease asset,lease asset,ACCOUNTING_CONCEPT,ACCOUNTING,U.S. Standard General Ledger (USSGL),https://fiscal.treasury.gov/accounting/us-standard-general-ledger-ussgl,TREASURY_USSGL,US_FEDERAL_ACCOUNTING_STANDARD,True,False,,LOW,,,,
lease receivable,lease receivable,ACCOUNTING_CONCEPT,ACCOUNTING,U.S. Standard General Ledger (USSGL),https://fiscal.treasury.gov/accounting/us-standard-general-ledger-ussgl,TREASURY_USSGL,US_FEDERAL_ACCOUNTING_STANDARD,True,False,,LOW,,,,
leasehold improvements,leasehold improvements,ACCOUNTING_CONCEPT,ACCOUNTING,U.S. Standard General Ledger (USSGL),https://fiscal.treasury.gov/accounting/us-standard-general-ledger-ussgl,TREASURY_USSGL,US_FEDERAL_ACCOUNTING_STANDARD,True,False,,LOW,,,,
lender,lender,ROLE,FINANCE,CFPB Financial Terms Glossary,https://www.consumerfinance.gov/consumer-tools/educator-tools/youth-financial-education/glossary/,CFPB,US_FEDERAL_CONSUMER_FINANCE_AUTHORITY,True,False,,HIGH,,,,
Lessor Lease Receivable,lessor lease receivable,ACCOUNT_TYPE,ACCOUNTING,U.S. Standard General Ledger (USSGL),https://fiscal.treasury.gov/accounting/us-standard-general-ledger-ussgl,TREASURY_USSGL,US_FEDERAL_ACCOUNTING_STANDARD,True,False,,LOW,,193000,,
leverage,leverage,FINANCIAL_CONCEPT,FINANCE,Federal Reserve Regulatory Reform Glossary,https://www.federalreserve.gov/regreform/reform-glossary.htm,FEDERAL_RESERVE,US_CENTRAL_BANK_REGULATOR,True,False,,HIGH,,,,
liabilities,liabilities,ACCOUNTING_CONCEPT,ACCOUNTING,SEC Beginners' Guide to Financial Statements,https://www.sec.gov/about/reports-publications/investorpubsbegfinstmtguide,SEC,US_FEDERAL_SECURITIES_AUTHORITY,True,False,,LOW,,,,
line of credit,line of credit,FINANCIAL_INSTRUMENT,FINANCE,CFPB Financial Terms Glossary,https://www.consumerfinance.gov/consumer-tools/educator-tools/youth-financial-education/glossary/,CFPB,US_FEDERAL_CONSUMER_FINANCE_AUTHORITY,True,False,,LOW,,,,
liquidity,liquidity,FINANCIAL_CONCEPT,FINANCE,CFTC Futures Glossary,https://www.cftc.gov/LearnAndProtect/AdvisoriesAndArticles/CFTCGlossary/index.htm,CFTC,US_FEDERAL_DERIVATIVES_AUTHORITY,True,False,,LOW,,,,
liquidity,liquidity,FINANCIAL_CONCEPT,FINANCE,Federal Reserve Regulatory Reform Glossary,https://www.federalreserve.gov/regreform/reform-glossary.htm,FEDERAL_RESERVE,US_CENTRAL_BANK_REGULATOR,True,False,,LOW,,,,
liquidity,liquidity,FINANCIAL_CONCEPT,FINANCE,SEC Investor.gov Glossary,https://www.investor.gov/introduction-investing/investing-basics/glossary,SEC_INVESTOR_GOV,US_FEDERAL_SECURITIES_AUTHORITY,True,False,,LOW,,,,
liquidity risk,liquidity risk,FINANCIAL_CONCEPT,FINANCE,Federal Reserve Regulatory Reform Glossary,https://www.federalreserve.gov/regreform/reform-glossary.htm,FEDERAL_RESERVE,US_CENTRAL_BANK_REGULATOR,True,False,,LOW,,,,
loan,loan,FINANCIAL_INSTRUMENT,FINANCE,CFPB Financial Terms Glossary,https://www.consumerfinance.gov/consumer-tools/educator-tools/youth-financial-education/glossary/,CFPB,US_FEDERAL_CONSUMER_FINANCE_AUTHORITY,True,False,,HIGH,,,,
loan modification,loan modification,PROCESS_EVENT,FINANCE,CFPB Financial Terms Glossary,https://www.consumerfinance.gov/consumer-tools/educator-tools/youth-financial-education/glossary/,CFPB,US_FEDERAL_CONSUMER_FINANCE_AUTHORITY,True,False,,LOW,,,,
loan modification,loan modification,PROCESS_EVENT,FINANCE,CFPB Mortgages Key Terms,https://www.consumerfinance.gov/consumer-tools/mortgages/answers/key-terms/,CFPB,US_FEDERAL_CONSUMER_FINANCE_AUTHORITY,True,False,,LOW,,,,
loan term,loan term,FINANCIAL_CONCEPT,FINANCE,CFPB Financial Terms Glossary,https://www.consumerfinance.gov/consumer-tools/educator-tools/youth-financial-education/glossary/,CFPB,US_FEDERAL_CONSUMER_FINANCE_AUTHORITY,True,False,,LOW,,,,
loan to value ratio,loan to value ratio,FINANCIAL_CONCEPT,FINANCE,CFPB Mortgages Key Terms,https://www.consumerfinance.gov/consumer-tools/mortgages/answers/key-terms/,CFPB,US_FEDERAL_CONSUMER_FINANCE_AUTHORITY,False,True,loan-to-value ratio,LOW,Conservative deterministic punctuation/hyphenation variant of source-attested parent term.,,,
loan-to-value ratio,loan-to-value ratio,FINANCIAL_CONCEPT,FINANCE,CFPB Mortgages Key Terms,https://www.consumerfinance.gov/consumer-tools/mortgages/answers/key-terms/,CFPB,US_FEDERAL_CONSUMER_FINANCE_AUTHORITY,True,False,,LOW,,,,
"loans receivable, net","loans receivable, net",ACCOUNTING_CONCEPT,ACCOUNTING,U.S. Standard General Ledger (USSGL),https://fiscal.treasury.gov/accounting/us-standard-general-ledger-ussgl,TREASURY_USSGL,US_FEDERAL_ACCOUNTING_STANDARD,True,False,,LOW,,,,
long position,long position,FINANCIAL_CONCEPT,FINANCE,CFTC Futures Glossary,https://www.cftc.gov/LearnAndProtect/AdvisoriesAndArticles/CFTCGlossary/index.htm,CFTC,US_FEDERAL_DERIVATIVES_AUTHORITY,True,False,,LOW,,,,
loss,loss,TAX_CONCEPT,TAX,IRS Publication 551 – Basis of Assets,https://www.irs.gov/publications/p551,IRS,US_FEDERAL_TAX_AUTHORITY,True,False,,HIGH,Collision note: ordinary-English/name/legal/geographic collision potential.,,,
loss mitigation,loss mitigation,PROCESS_EVENT,FINANCE,CFPB Financial Terms Glossary,https://www.consumerfinance.gov/consumer-tools/educator-tools/youth-financial-education/glossary/,CFPB,US_FEDERAL_CONSUMER_FINANCE_AUTHORITY,True,False,,LOW,,,,
loss mitigation,loss mitigation,PROCESS_EVENT,FINANCE,CFPB Mortgages Key Terms,https://www.consumerfinance.gov/consumer-tools/mortgages/answers/key-terms/,CFPB,US_FEDERAL_CONSUMER_FINANCE_AUTHORITY,True,False,,LOW,,,,
LTV,ltv,FINANCIAL_CONCEPT,FINANCE,CFPB Mortgages Key Terms,https://www.consumerfinance.gov/consumer-tools/mortgages/answers/key-terms/,CFPB,US_FEDERAL_CONSUMER_FINANCE_AUTHORITY,True,False,,HIGH,,,LTV,loan-to-value ratio
maintenance margin,maintenance margin,FINANCIAL_CONCEPT,FINANCE,CFTC Futures Glossary,https://www.cftc.gov/LearnAndProtect/AdvisoriesAndArticles/CFTCGlossary/index.htm,CFTC,US_FEDERAL_DERIVATIVES_AUTHORITY,True,False,,LOW,,,,
major swap participant,major swap participant,ROLE,FINANCE,CFTC Futures Glossary,https://www.cftc.gov/LearnAndProtect/AdvisoriesAndArticles/CFTCGlossary/index.htm,CFTC,US_FEDERAL_DERIVATIVES_AUTHORITY,True,False,,LOW,,,,
margin,margin,FINANCIAL_CONCEPT,FINANCE,CFTC Futures Glossary,https://www.cftc.gov/LearnAndProtect/AdvisoriesAndArticles/CFTCGlossary/index.htm,CFTC,US_FEDERAL_DERIVATIVES_AUTHORITY,True,False,,HIGH,Collision note: ordinary-English/name/legal/geographic collision potential.,,,
margin account,margin account,ACCOUNT_TYPE,FINANCE,SEC Investor.gov Glossary,https://www.investor.gov/introduction-investing/investing-basics/glossary,SEC_INVESTOR_GOV,US_FEDERAL_SECURITIES_AUTHORITY,True,False,,MEDIUM,,,,
marginal tax rate,marginal tax rate,TAX_CONCEPT,TAX,IRS Understanding Taxes – Glossary,https://apps.irs.gov/app/understandingTaxes/student/glossary.jsp,IRS,US_FEDERAL_TAX_AUTHORITY,True,False,,LOW,,,,
market capitalization,market capitalization,FINANCIAL_CONCEPT,FINANCE,SEC Investor.gov Glossary,https://www.investor.gov/introduction-investing/investing-basics/glossary,SEC_INVESTOR_GOV,US_FEDERAL_SECURITIES_AUTHORITY,True,False,,LOW,,,,
market maker,market maker,ROLE,FINANCE,CFTC Futures Glossary,https://www.cftc.gov/LearnAndProtect/AdvisoriesAndArticles/CFTCGlossary/index.htm,CFTC,US_FEDERAL_DERIVATIVES_AUTHORITY,True,False,,HIGH,Collision note: ordinary-English/name/legal/geographic collision potential.,,,
market maker,market maker,ROLE,FINANCE,SEC Investor.gov Glossary,https://www.investor.gov/introduction-investing/investing-basics/glossary,SEC_INVESTOR_GOV,US_FEDERAL_SECURITIES_AUTHORITY,True,False,,HIGH,Collision note: ordinary-English/name/legal/geographic collision potential.,,,
market risk,market risk,FINANCIAL_CONCEPT,FINANCE,Federal Reserve Regulatory Reform Glossary,https://www.federalreserve.gov/regreform/reform-glossary.htm,FEDERAL_RESERVE,US_CENTRAL_BANK_REGULATOR,True,False,,LOW,,,,
market risk,market risk,FINANCIAL_CONCEPT,FINANCE,SEC Investor.gov Glossary,https://www.investor.gov/introduction-investing/investing-basics/glossary,SEC_INVESTOR_GOV,US_FEDERAL_SECURITIES_AUTHORITY,True,False,,LOW,,,,
material information,material information,REGULATORY_TERM,FINANCE,SEC Investor.gov Glossary,https://www.investor.gov/introduction-investing/investing-basics/glossary,SEC_INVESTOR_GOV,US_FEDERAL_SECURITIES_AUTHORITY,True,False,,LOW,,,,
mediation,mediation,PROCESS_EVENT,FINANCE,SEC Investor.gov Glossary,https://www.investor.gov/introduction-investing/investing-basics/glossary,SEC_INVESTOR_GOV,US_FEDERAL_SECURITIES_AUTHORITY,True,False,,LOW,,,,
Medicare tax,medicare tax,TAX_CONCEPT,TAX,IRS Understanding Taxes – Glossary,https://apps.irs.gov/app/understandingTaxes/student/glossary.jsp,IRS,US_FEDERAL_TAX_AUTHORITY,True,False,,LOW,Collision note: medical/healthcare lexical overlap.,,,
Medicare tax,medicare tax,TAX_CONCEPT,TAX,IRS Understanding Employment Taxes,https://www.irs.gov/businesses/small-businesses-self-employed/understanding-employment-taxes,IRS,US_FEDERAL_TAX_AUTHORITY,True,False,,LOW,Collision note: medical/healthcare lexical overlap.,,,
Military Lending Act,military lending act,REGULATORY_TERM,FINANCE,CFPB Financial Terms Glossary,https://www.consumerfinance.gov/consumer-tools/educator-tools/youth-financial-education/glossary/,CFPB,US_FEDERAL_CONSUMER_FINANCE_AUTHORITY,True,False,,LOW,,,,
minimum payment,minimum payment,FINANCIAL_CONCEPT,FINANCE,CFPB Financial Terms Glossary,https://www.consumerfinance.gov/consumer-tools/educator-tools/youth-financial-education/glossary/,CFPB,US_FEDERAL_CONSUMER_FINANCE_AUTHORITY,True,False,,LOW,,,,
mobile banking,mobile banking,PROCESS_EVENT,FINANCE,CFPB Financial Terms Glossary,https://www.consumerfinance.gov/consumer-tools/educator-tools/youth-financial-education/glossary/,CFPB,US_FEDERAL_CONSUMER_FINANCE_AUTHORITY,True,False,,LOW,,,,
money market deposit account,money market deposit account,ACCOUNT_TYPE,FINANCE,CFPB Financial Terms Glossary,https://www.consumerfinance.gov/consumer-tools/educator-tools/youth-financial-education/glossary/,CFPB,US_FEDERAL_CONSUMER_FINANCE_AUTHORITY,True,False,,MEDIUM,,,,
money market fund,money market fund,FINANCIAL_INSTRUMENT,FINANCE,SEC Investor.gov Glossary,https://www.investor.gov/introduction-investing/investing-basics/glossary,SEC_INVESTOR_GOV,US_FEDERAL_SECURITIES_AUTHORITY,True,False,,MEDIUM,,,,
money market instrument,money market instrument,FINANCIAL_INSTRUMENT,FINANCE,SEC Investor.gov Glossary,https://www.investor.gov/introduction-investing/investing-basics/glossary,SEC_INVESTOR_GOV,US_FEDERAL_SECURITIES_AUTHORITY,True,False,,LOW,,,,
money-market deposit account,money-market deposit account,ACCOUNT_TYPE,FINANCE,CFPB Financial Terms Glossary,https://www.consumerfinance.gov/consumer-tools/educator-tools/youth-financial-education/glossary/,CFPB,US_FEDERAL_CONSUMER_FINANCE_AUTHORITY,False,True,money market deposit account,MEDIUM,Conservative deterministic punctuation/hyphenation variant of source-attested parent term.,,,
money-market fund,money-market fund,FINANCIAL_INSTRUMENT,FINANCE,SEC Investor.gov Glossary,https://www.investor.gov/introduction-investing/investing-basics/glossary,SEC_INVESTOR_GOV,US_FEDERAL_SECURITIES_AUTHORITY,False,True,money market fund,MEDIUM,Conservative deterministic punctuation/hyphenation variant of source-attested parent term.,,,
mortgage,mortgage,FINANCIAL_INSTRUMENT,FINANCE,CFPB Financial Terms Glossary,https://www.consumerfinance.gov/consumer-tools/educator-tools/youth-financial-education/glossary/,CFPB,US_FEDERAL_CONSUMER_FINANCE_AUTHORITY,True,False,,HIGH,,,,
mortgage insurance,mortgage insurance,FINANCIAL_CONCEPT,FINANCE,CFPB Mortgages Key Terms,https://www.consumerfinance.gov/consumer-tools/mortgages/answers/key-terms/,CFPB,US_FEDERAL_CONSUMER_FINANCE_AUTHORITY,True,False,,MEDIUM,,,,
municipal bond,municipal bond,FINANCIAL_INSTRUMENT,FINANCE,SEC Investor.gov Glossary,https://www.investor.gov/introduction-investing/investing-basics/glossary,SEC_INVESTOR_GOV,US_FEDERAL_SECURITIES_AUTHORITY,True,False,,LOW,,,,
mutual fund,mutual fund,FINANCIAL_INSTRUMENT,FINANCE,CFPB Financial Terms Glossary,https://www.consumerfinance.gov/consumer-tools/educator-tools/youth-financial-education/glossary/,CFPB,US_FEDERAL_CONSUMER_FINANCE_AUTHORITY,True,False,,MEDIUM,,,,
mutual fund,mutual fund,FINANCIAL_INSTRUMENT,FINANCE,SEC Investor.gov Glossary,https://www.investor.gov/introduction-investing/investing-basics/glossary,SEC_INVESTOR_GOV,US_FEDERAL_SECURITIES_AUTHORITY,True,False,,MEDIUM,,,,
natural resources,natural resources,ACCOUNTING_CONCEPT,ACCOUNTING,U.S. Standard General Ledger (USSGL),https://fiscal.treasury.gov/accounting/us-standard-general-ledger-ussgl,TREASURY_USSGL,US_FEDERAL_ACCOUNTING_STANDARD,True,False,,LOW,,,,
NAV,nav,FINANCIAL_CONCEPT,FINANCE,SEC Investor.gov Glossary,https://www.investor.gov/introduction-investing/investing-basics/glossary,SEC_INVESTOR_GOV,US_FEDERAL_SECURITIES_AUTHORITY,True,False,,HIGH,,,NAV,net asset value
net asset value,net asset value,FINANCIAL_CONCEPT,FINANCE,SEC Investor.gov Glossary,https://www.investor.gov/introduction-investing/investing-basics/glossary,SEC_INVESTOR_GOV,US_FEDERAL_SECURITIES_AUTHORITY,True,False,,LOW,,,,
net cost of operations,net cost of operations,ACCOUNTING_CONCEPT,ACCOUNTING,U.S. Standard General Ledger (USSGL),https://fiscal.treasury.gov/accounting/us-standard-general-ledger-ussgl,TREASURY_USSGL,US_FEDERAL_ACCOUNTING_STANDARD,True,False,,LOW,,,,
net income,net income,ACCOUNTING_CONCEPT,ACCOUNTING,SEC Beginners' Guide to Financial Statements,https://www.sec.gov/about/reports-publications/investorpubsbegfinstmtguide,SEC,US_FEDERAL_SECURITIES_AUTHORITY,True,False,,MEDIUM,,,,
net income,net income,FINANCIAL_CONCEPT,FINANCE,CFPB Financial Terms Glossary,https://www.consumerfinance.gov/consumer-tools/educator-tools/youth-financial-education/glossary/,CFPB,US_FEDERAL_CONSUMER_FINANCE_AUTHORITY,True,False,,MEDIUM,,,,
net operating cost,net operating cost,ACCOUNTING_CONCEPT,ACCOUNTING,U.S. Standard General Ledger (USSGL),https://fiscal.treasury.gov/accounting/us-standard-general-ledger-ussgl,TREASURY_USSGL,US_FEDERAL_ACCOUNTING_STANDARD,True,False,,LOW,,,,
net position,net position,ACCOUNTING_CONCEPT,ACCOUNTING,U.S. Standard General Ledger (USSGL),https://fiscal.treasury.gov/accounting/us-standard-general-ledger-ussgl,TREASURY_USSGL,US_FEDERAL_ACCOUNTING_STANDARD,True,False,,LOW,,,,
net profit,net profit,ACCOUNTING_CONCEPT,ACCOUNTING,SEC Beginners' Guide to Financial Statements,https://www.sec.gov/about/reports-publications/investorpubsbegfinstmtguide,SEC,US_FEDERAL_SECURITIES_AUTHORITY,True,False,,LOW,,,,
nontaxable income,nontaxable income,TAX_CONCEPT,TAX,IRS Understanding Taxes – Glossary,https://apps.irs.gov/app/understandingTaxes/student/glossary.jsp,IRS,US_FEDERAL_TAX_AUTHORITY,True,False,,MEDIUM,,,,
normal balance,normal balance,ACCOUNTING_CONCEPT,ACCOUNTING,U.S. Standard General Ledger (USSGL),https://fiscal.treasury.gov/accounting/us-standard-general-ledger-ussgl,TREASURY_USSGL,US_FEDERAL_ACCOUNTING_STANDARD,True,False,,LOW,,,,
notes to financial statements,notes to financial statements,DOCUMENT,ACCOUNTING,SEC Beginners' Guide to Financial Statements,https://www.sec.gov/about/reports-publications/investorpubsbegfinstmtguide,SEC,US_FEDERAL_SECURITIES_AUTHORITY,True,False,,LOW,,,,
notional amount,notional amount,FINANCIAL_CONCEPT,FINANCE,CFTC Futures Glossary,https://www.cftc.gov/LearnAndProtect/AdvisoriesAndArticles/CFTCGlossary/index.htm,CFTC,US_FEDERAL_DERIVATIVES_AUTHORITY,True,False,,LOW,,,,
novation,novation,PROCESS_EVENT,FINANCE,CFTC Futures Glossary,https://www.cftc.gov/LearnAndProtect/AdvisoriesAndArticles/CFTCGlossary/index.htm,CFTC,US_FEDERAL_DERIVATIVES_AUTHORITY,True,False,,HIGH,,,,
obligations,obligations,ACCOUNTING_CONCEPT,ACCOUNTING,U.S. Standard General Ledger (USSGL),https://fiscal.treasury.gov/accounting/us-standard-general-ledger-ussgl,TREASURY_USSGL,US_FEDERAL_ACCOUNTING_STANDARD,True,False,,LOW,,,,
offset,offset,PROCESS_EVENT,FINANCE,CFTC Futures Glossary,https://www.cftc.gov/LearnAndProtect/AdvisoriesAndArticles/CFTCGlossary/index.htm,CFTC,US_FEDERAL_DERIVATIVES_AUTHORITY,True,False,,HIGH,,,,
online banking,online banking,PROCESS_EVENT,FINANCE,CFPB Financial Terms Glossary,https://www.consumerfinance.gov/consumer-tools/educator-tools/youth-financial-education/glossary/,CFPB,US_FEDERAL_CONSUMER_FINANCE_AUTHORITY,True,False,,LOW,,,,
open interest,open interest,FINANCIAL_CONCEPT,FINANCE,CFTC Futures Glossary,https://www.cftc.gov/LearnAndProtect/AdvisoriesAndArticles/CFTCGlossary/index.htm,CFTC,US_FEDERAL_DERIVATIVES_AUTHORITY,True,False,,LOW,,,,
open-loop prepaid card,open-loop prepaid card,ACCOUNT_TYPE,FINANCE,CFPB Financial Terms Glossary,https://www.consumerfinance.gov/consumer-tools/educator-tools/youth-financial-education/glossary/,CFPB,US_FEDERAL_CONSUMER_FINANCE_AUTHORITY,True,False,,LOW,,,,
operating activities,operating activities,ACCOUNTING_CONCEPT,ACCOUNTING,SEC Beginners' Guide to Financial Statements,https://www.sec.gov/about/reports-publications/investorpubsbegfinstmtguide,SEC,US_FEDERAL_SECURITIES_AUTHORITY,True,False,,LOW,,,,
operating income,operating income,ACCOUNTING_CONCEPT,ACCOUNTING,SEC Beginners' Guide to Financial Statements,https://www.sec.gov/about/reports-publications/investorpubsbegfinstmtguide,SEC,US_FEDERAL_SECURITIES_AUTHORITY,True,False,,MEDIUM,,,,
opportunity cost,opportunity cost,FINANCIAL_CONCEPT,FINANCE,CFPB Financial Terms Glossary,https://www.consumerfinance.gov/consumer-tools/educator-tools/youth-financial-education/glossary/,CFPB,US_FEDERAL_CONSUMER_FINANCE_AUTHORITY,True,False,,LOW,,,,
option,option,FINANCIAL_INSTRUMENT,FINANCE,CFTC Futures Glossary,https://www.cftc.gov/LearnAndProtect/AdvisoriesAndArticles/CFTCGlossary/index.htm,CFTC,US_FEDERAL_DERIVATIVES_AUTHORITY,True,False,,HIGH,Collision note: ordinary-English/name/legal/geographic collision potential.,,,
option,option,FINANCIAL_INSTRUMENT,FINANCE,SEC Investor.gov Glossary,https://www.investor.gov/introduction-investing/investing-basics/glossary,SEC_INVESTOR_GOV,US_FEDERAL_SECURITIES_AUTHORITY,True,False,,HIGH,Collision note: ordinary-English/name/legal/geographic collision potential.,,,
original basis,original basis,TAX_CONCEPT,TAX,IRS Publication 551 – Basis of Assets,https://www.irs.gov/publications/p551,IRS,US_FEDERAL_TAX_AUTHORITY,True,False,,LOW,,,,
origination fee,origination fee,FINANCIAL_CONCEPT,FINANCE,CFPB Financial Terms Glossary,https://www.consumerfinance.gov/consumer-tools/educator-tools/youth-financial-education/glossary/,CFPB,US_FEDERAL_CONSUMER_FINANCE_AUTHORITY,True,False,,LOW,,,,
"Other General Property, Plant, and Equipment","other general property, plant, and equipment",ACCOUNT_TYPE,ACCOUNTING,U.S. Standard General Ledger (USSGL),https://fiscal.treasury.gov/accounting/us-standard-general-ledger-ussgl,TREASURY_USSGL,US_FEDERAL_ACCOUNTING_STANDARD,True,False,,MEDIUM,,189000,,
Other Natural Resources,other natural resources,ACCOUNT_TYPE,ACCOUNTING,U.S. Standard General Ledger (USSGL),https://fiscal.treasury.gov/accounting/us-standard-general-ledger-ussgl,TREASURY_USSGL,US_FEDERAL_ACCOUNTING_STANDARD,True,False,,LOW,,184000,,
out of pocket cost,out of pocket cost,FINANCIAL_CONCEPT,FINANCE,CFPB Financial Terms Glossary,https://www.consumerfinance.gov/consumer-tools/educator-tools/youth-financial-education/glossary/,CFPB,US_FEDERAL_CONSUMER_FINANCE_AUTHORITY,False,True,out-of-pocket cost,LOW,Conservative deterministic punctuation/hyphenation variant of source-attested parent term.,,,
out-of-pocket cost,out-of-pocket cost,FINANCIAL_CONCEPT,FINANCE,CFPB Financial Terms Glossary,https://www.consumerfinance.gov/consumer-tools/educator-tools/youth-financial-education/glossary/,CFPB,US_FEDERAL_CONSUMER_FINANCE_AUTHORITY,True,False,,LOW,,,,
outlays,outlays,ACCOUNTING_CONCEPT,ACCOUNTING,U.S. Standard General Ledger (USSGL),https://fiscal.treasury.gov/accounting/us-standard-general-ledger-ussgl,TREASURY_USSGL,US_FEDERAL_ACCOUNTING_STANDARD,True,False,,HIGH,,,,
overdraft,overdraft,FINANCIAL_CONCEPT,FINANCE,CFPB Financial Terms Glossary,https://www.consumerfinance.gov/consumer-tools/educator-tools/youth-financial-education/glossary/,CFPB,US_FEDERAL_CONSUMER_FINANCE_AUTHORITY,True,False,,LOW,,,,
ownership category,ownership category,FINANCIAL_CONCEPT,FINANCE,FDIC EDIE Glossary,https://edie.fdic.gov/glossary.html,FDIC,US_FEDERAL_BANKING_AUTHORITY,True,False,,LOW,,,,
partnership account,partnership account,ACCOUNT_TYPE,FINANCE,FDIC EDIE Glossary,https://edie.fdic.gov/glossary.html,FDIC,US_FEDERAL_BANKING_AUTHORITY,True,False,,MEDIUM,,,,
payable,payable,ACCOUNTING_CONCEPT,ACCOUNTING,U.S. Standard General Ledger (USSGL),https://fiscal.treasury.gov/accounting/us-standard-general-ledger-ussgl,TREASURY_USSGL,US_FEDERAL_ACCOUNTING_STANDARD,True,False,,HIGH,,,,
payday loan,payday loan,FINANCIAL_INSTRUMENT,FINANCE,CFPB Financial Terms Glossary,https://www.consumerfinance.gov/consumer-tools/educator-tools/youth-financial-education/glossary/,CFPB,US_FEDERAL_CONSUMER_FINANCE_AUTHORITY,True,False,,LOW,,,,
payment,payment,PROCESS_EVENT,FINANCE,Federal Reserve Payments Glossary,https://www.federalreserve.gov/paymentsystems/pfs_glossary.htm,FEDERAL_RESERVE,US_CENTRAL_BANK_REGULATOR,True,False,,HIGH,Collision note: ordinary-English/name/legal/geographic collision potential.,,,
payroll tax,payroll tax,TAX_CONCEPT,TAX,IRS Understanding Taxes – Glossary,https://apps.irs.gov/app/understandingTaxes/student/glossary.jsp,IRS,US_FEDERAL_TAX_AUTHORITY,True,False,,LOW,,,,
penny stock,penny stock,REGULATORY_TERM,FINANCE,SEC Investor.gov Glossary,https://www.investor.gov/introduction-investing/investing-basics/glossary,SEC_INVESTOR_GOV,US_FEDERAL_SECURITIES_AUTHORITY,True,False,,LOW,,,,
periodic report,periodic report,DOCUMENT,FINANCE,SEC Forms Index / EDGAR Filing Forms,https://www.sec.gov/submit-filings/forms-index,SEC,US_FEDERAL_SECURITIES_AUTHORITY,True,False,,MEDIUM,,,,
personal exemption,personal exemption,TAX_CONCEPT,TAX,IRS Understanding Taxes – Glossary,https://apps.irs.gov/app/understandingTaxes/student/glossary.jsp,IRS,US_FEDERAL_TAX_AUTHORITY,True,False,,LOW,,,,
PITI,piti,FINANCIAL_CONCEPT,FINANCE,CFPB Mortgages Key Terms,https://www.consumerfinance.gov/consumer-tools/mortgages/answers/key-terms/,CFPB,US_FEDERAL_CONSUMER_FINANCE_AUTHORITY,True,False,,HIGH,,,PITI,"principal, interest, taxes, and insurance"
PMI,pmi,FINANCIAL_CONCEPT,FINANCE,CFPB Mortgages Key Terms,https://www.consumerfinance.gov/consumer-tools/mortgages/answers/key-terms/,CFPB,US_FEDERAL_CONSUMER_FINANCE_AUTHORITY,True,False,,HIGH,,,PMI,private mortgage insurance
points,points,FINANCIAL_CONCEPT,FINANCE,CFPB Mortgages Key Terms,https://www.consumerfinance.gov/consumer-tools/mortgages/answers/key-terms/,CFPB,US_FEDERAL_CONSUMER_FINANCE_AUTHORITY,True,False,,HIGH,,,,
position,position,FINANCIAL_CONCEPT,FINANCE,CFTC Futures Glossary,https://www.cftc.gov/LearnAndProtect/AdvisoriesAndArticles/CFTCGlossary/index.htm,CFTC,US_FEDERAL_DERIVATIVES_AUTHORITY,True,False,,HIGH,Collision note: ordinary-English/name/legal/geographic collision potential.,,,
position accountability,position accountability,FINANCIAL_CONCEPT,FINANCE,CFTC Futures Glossary,https://www.cftc.gov/LearnAndProtect/AdvisoriesAndArticles/CFTCGlossary/index.htm,CFTC,US_FEDERAL_DERIVATIVES_AUTHORITY,True,False,,LOW,,,,
position limit,position limit,FINANCIAL_CONCEPT,FINANCE,CFTC Futures Glossary,https://www.cftc.gov/LearnAndProtect/AdvisoriesAndArticles/CFTCGlossary/index.htm,CFTC,US_FEDERAL_DERIVATIVES_AUTHORITY,True,False,,LOW,,,,
preferred stock,preferred stock,FINANCIAL_INSTRUMENT,FINANCE,SEC Investor.gov Glossary,https://www.investor.gov/introduction-investing/investing-basics/glossary,SEC_INVESTOR_GOV,US_FEDERAL_SECURITIES_AUTHORITY,True,False,,LOW,,,,
premium,premium,FINANCIAL_CONCEPT,FINANCE,CFTC Futures Glossary,https://www.cftc.gov/LearnAndProtect/AdvisoriesAndArticles/CFTCGlossary/index.htm,CFTC,US_FEDERAL_DERIVATIVES_AUTHORITY,True,False,,HIGH,,,,
prepaid card,prepaid card,ACCOUNT_TYPE,FINANCE,CFPB Financial Terms Glossary,https://www.consumerfinance.gov/consumer-tools/educator-tools/youth-financial-education/glossary/,CFPB,US_FEDERAL_CONSUMER_FINANCE_AUTHORITY,True,False,,LOW,,,,
prepayment penalty,prepayment penalty,FINANCIAL_CONCEPT,FINANCE,CFPB Financial Terms Glossary,https://www.consumerfinance.gov/consumer-tools/educator-tools/youth-financial-education/glossary/,CFPB,US_FEDERAL_CONSUMER_FINANCE_AUTHORITY,True,False,,LOW,,,,
primary federal regulator,primary federal regulator,REGULATORY_TERM,FINANCE,FDIC BankFind Glossary & Variable Definitions,https://banks.data.fdic.gov/bankfind-suite/help?helpTopic=glossary-and-variable-definitions,FDIC,US_FEDERAL_BANKING_AUTHORITY,True,False,,LOW,,,,
principal,principal,FINANCIAL_CONCEPT,FINANCE,CFPB Financial Terms Glossary,https://www.consumerfinance.gov/consumer-tools/educator-tools/youth-financial-education/glossary/,CFPB,US_FEDERAL_CONSUMER_FINANCE_AUTHORITY,True,False,,HIGH,Collision note: ordinary-English/name/legal/geographic collision potential.,,,
principal,principal,FINANCIAL_CONCEPT,FINANCE,FDIC EDIE Glossary,https://edie.fdic.gov/glossary.html,FDIC,US_FEDERAL_BANKING_AUTHORITY,True,False,,HIGH,Collision note: ordinary-English/name/legal/geographic collision potential.,,,
principal,principal,FINANCIAL_CONCEPT,FINANCE,SEC Investor.gov Glossary,https://www.investor.gov/introduction-investing/investing-basics/glossary,SEC_INVESTOR_GOV,US_FEDERAL_SECURITIES_AUTHORITY,True,False,,HIGH,Collision note: ordinary-English/name/legal/geographic collision potential.,,,
"principal, interest, taxes, and insurance","principal, interest, taxes, and insurance",FINANCIAL_CONCEPT,FINANCE,CFPB Mortgages Key Terms,https://www.consumerfinance.gov/consumer-tools/mortgages/answers/key-terms/,CFPB,US_FEDERAL_CONSUMER_FINANCE_AUTHORITY,True,False,,MEDIUM,,,,
prior-period adjustment,prior-period adjustment,ACCOUNTING_CONCEPT,ACCOUNTING,U.S. Standard General Ledger (USSGL),https://fiscal.treasury.gov/accounting/us-standard-general-ledger-ussgl,TREASURY_USSGL,US_FEDERAL_ACCOUNTING_STANDARD,True,False,,LOW,,,,
private mortgage insurance,private mortgage insurance,FINANCIAL_CONCEPT,FINANCE,CFPB Mortgages Key Terms,https://www.consumerfinance.gov/consumer-tools/mortgages/answers/key-terms/,CFPB,US_FEDERAL_CONSUMER_FINANCE_AUTHORITY,True,False,,MEDIUM,,,,
profit or loss from business,profit or loss from business,TAX_CONCEPT,TAX,IRS Schedules for Form 1040 and Form 1040-SR,https://www.irs.gov/forms-pubs/schedules-for-form-1040,IRS,US_FEDERAL_TAX_AUTHORITY,True,False,,LOW,,,,
profit or loss from farming,profit or loss from farming,TAX_CONCEPT,TAX,IRS Schedules for Form 1040 and Form 1040-SR,https://www.irs.gov/forms-pubs/schedules-for-form-1040,IRS,US_FEDERAL_TAX_AUTHORITY,True,False,,LOW,,,,
progressive tax,progressive tax,TAX_CONCEPT,TAX,IRS Understanding Taxes – Glossary,https://apps.irs.gov/app/understandingTaxes/student/glossary.jsp,IRS,US_FEDERAL_TAX_AUTHORITY,True,False,,LOW,,,,
"property, plant and equipment","property, plant and equipment",ACCOUNTING_CONCEPT,ACCOUNTING,SEC Beginners' Guide to Financial Statements,https://www.sec.gov/about/reports-publications/investorpubsbegfinstmtguide,SEC,US_FEDERAL_SECURITIES_AUTHORITY,True,False,,MEDIUM,,,,
"property, plant, and equipment","property, plant, and equipment",ACCOUNTING_CONCEPT,ACCOUNTING,U.S. Standard General Ledger (USSGL),https://fiscal.treasury.gov/accounting/us-standard-general-ledger-ussgl,TREASURY_USSGL,US_FEDERAL_ACCOUNTING_STANDARD,True,False,,MEDIUM,,,,
proportional tax,proportional tax,TAX_CONCEPT,TAX,IRS Understanding Taxes – Glossary,https://apps.irs.gov/app/understandingTaxes/student/glossary.jsp,IRS,US_FEDERAL_TAX_AUTHORITY,True,False,,LOW,,,,
proprietary accounts,proprietary accounts,ACCOUNTING_CONCEPT,ACCOUNTING,U.S. Standard General Ledger (USSGL),https://fiscal.treasury.gov/accounting/us-standard-general-ledger-ussgl,TREASURY_USSGL,US_FEDERAL_ACCOUNTING_STANDARD,True,False,,LOW,,,,
prospectus,prospectus,DOCUMENT,FINANCE,SEC Forms Index / EDGAR Filing Forms,https://www.sec.gov/submit-filings/forms-index,SEC,US_FEDERAL_SECURITIES_AUTHORITY,True,False,,LOW,,,,
prospectus,prospectus,DOCUMENT,FINANCE,SEC Investor.gov Glossary,https://www.investor.gov/introduction-investing/investing-basics/glossary,SEC_INVESTOR_GOV,US_FEDERAL_SECURITIES_AUTHORITY,True,False,,LOW,,,,
proxy statement,proxy statement,DOCUMENT,FINANCE,SEC Forms Index / EDGAR Filing Forms,https://www.sec.gov/submit-filings/forms-index,SEC,US_FEDERAL_SECURITIES_AUTHORITY,True,False,,MEDIUM,,,,
proxy statement,proxy statement,DOCUMENT,FINANCE,SEC Investor.gov Glossary,https://www.investor.gov/introduction-investing/investing-basics/glossary,SEC_INVESTOR_GOV,US_FEDERAL_SECURITIES_AUTHORITY,True,False,,MEDIUM,,,,
proxy voting,proxy voting,PROCESS_EVENT,FINANCE,SEC Investor.gov Glossary,https://www.investor.gov/introduction-investing/investing-basics/glossary,SEC_INVESTOR_GOV,US_FEDERAL_SECURITIES_AUTHORITY,True,False,,LOW,,,,
put option,put option,FINANCIAL_INSTRUMENT,FINANCE,CFTC Futures Glossary,https://www.cftc.gov/LearnAndProtect/AdvisoriesAndArticles/CFTCGlossary/index.htm,CFTC,US_FEDERAL_DERIVATIVES_AUTHORITY,True,False,,LOW,,,,
put option,put option,FINANCIAL_INSTRUMENT,FINANCE,SEC Investor.gov Glossary,https://www.investor.gov/introduction-investing/investing-basics/glossary,SEC_INVESTOR_GOV,US_FEDERAL_SECURITIES_AUTHORITY,True,False,,LOW,,,,
QLAC,qlac,FINANCIAL_INSTRUMENT,FINANCE,SEC Investor.gov Glossary,https://www.investor.gov/introduction-investing/investing-basics/glossary,SEC_INVESTOR_GOV,US_FEDERAL_SECURITIES_AUTHORITY,True,False,,HIGH,,,QLAC,qualified longevity annuity contract
qualified longevity annuity contract,qualified longevity annuity contract,FINANCIAL_INSTRUMENT,FINANCE,SEC Investor.gov Glossary,https://www.investor.gov/introduction-investing/investing-basics/glossary,SEC_INVESTOR_GOV,US_FEDERAL_SECURITIES_AUTHORITY,True,False,,LOW,,,QLAC,qualified longevity annuity contract
quarterly report,quarterly report,DOCUMENT,FINANCE,SEC Forms Index / EDGAR Filing Forms,https://www.sec.gov/submit-filings/forms-index,SEC,US_FEDERAL_SECURITIES_AUTHORITY,True,False,,MEDIUM,,,,
quarterly report,quarterly report,DOCUMENT,FINANCE,SEC Investor.gov Glossary,https://www.investor.gov/introduction-investing/investing-basics/glossary,SEC_INVESTOR_GOV,US_FEDERAL_SECURITIES_AUTHORITY,True,False,,MEDIUM,,,,
Quarterly Reports (10-Q),quarterly reports (10-q),DOCUMENT,FINANCE,SEC Investor.gov Glossary,https://www.investor.gov/introduction-investing/investing-basics/glossary,SEC_INVESTOR_GOV,US_FEDERAL_SECURITIES_AUTHORITY,False,True,Quarterly Reports (10Q),LOW,Conservative deterministic punctuation/hyphenation variant of source-attested parent term.,,,
Quarterly Reports (10Q),quarterly reports (10q),DOCUMENT,FINANCE,SEC Investor.gov Glossary,https://www.investor.gov/introduction-investing/investing-basics/glossary,SEC_INVESTOR_GOV,US_FEDERAL_SECURITIES_AUTHORITY,True,False,,LOW,,,,
rate of return,rate of return,FINANCIAL_CONCEPT,FINANCE,SEC Investor.gov Glossary,https://www.investor.gov/introduction-investing/investing-basics/glossary,SEC_INVESTOR_GOV,US_FEDERAL_SECURITIES_AUTHORITY,True,False,,MEDIUM,,,,
real estate investment trust,real estate investment trust,FINANCIAL_INSTRUMENT,FINANCE,SEC Investor.gov Glossary,https://www.investor.gov/introduction-investing/investing-basics/glossary,SEC_INVESTOR_GOV,US_FEDERAL_SECURITIES_AUTHORITY,True,False,,LOW,Collision note: cross-domain legal/document terminology overlap.,,,
real-estate investment trust,real-estate investment trust,FINANCIAL_INSTRUMENT,FINANCE,SEC Investor.gov Glossary,https://www.investor.gov/introduction-investing/investing-basics/glossary,SEC_INVESTOR_GOV,US_FEDERAL_SECURITIES_AUTHORITY,False,True,real estate investment trust,LOW,Conservative deterministic punctuation/hyphenation variant of source-attested parent term. Collision note: cross-domain legal/document terminology overlap.,,,
receivable,receivable,ACCOUNTING_CONCEPT,ACCOUNTING,U.S. Standard General Ledger (USSGL),https://fiscal.treasury.gov/accounting/us-standard-general-ledger-ussgl,TREASURY_USSGL,US_FEDERAL_ACCOUNTING_STANDARD,True,False,,LOW,,,,
Receivable From Appropriations,receivable from appropriations,ACCOUNT_TYPE,ACCOUNTING,U.S. Standard General Ledger (USSGL),https://fiscal.treasury.gov/accounting/us-standard-general-ledger-ussgl,TREASURY_USSGL,US_FEDERAL_ACCOUNTING_STANDARD,True,False,,LOW,,192100,,
reconciliation,reconciliation,PROCESS_EVENT,ACCOUNTING,SEC Beginners' Guide to Financial Statements,https://www.sec.gov/about/reports-publications/investorpubsbegfinstmtguide,SEC,US_FEDERAL_SECURITIES_AUTHORITY,True,False,,LOW,,,,
redemption,redemption,PROCESS_EVENT,FINANCE,SEC Investor.gov Glossary,https://www.investor.gov/introduction-investing/investing-basics/glossary,SEC_INVESTOR_GOV,US_FEDERAL_SECURITIES_AUTHORITY,True,False,,LOW,,,,
refinance,refinance,PROCESS_EVENT,FINANCE,CFPB Financial Terms Glossary,https://www.consumerfinance.gov/consumer-tools/educator-tools/youth-financial-education/glossary/,CFPB,US_FEDERAL_CONSUMER_FINANCE_AUTHORITY,True,False,,LOW,,,,
refinance,refinance,PROCESS_EVENT,FINANCE,CFPB Mortgages Key Terms,https://www.consumerfinance.gov/consumer-tools/mortgages/answers/key-terms/,CFPB,US_FEDERAL_CONSUMER_FINANCE_AUTHORITY,True,False,,LOW,,,,
refund,refund,TAX_CONCEPT,TAX,IRS Understanding Taxes – Glossary,https://apps.irs.gov/app/understandingTaxes/student/glossary.jsp,IRS,US_FEDERAL_TAX_AUTHORITY,True,False,,HIGH,Collision note: ordinary-English/name/legal/geographic collision potential.,,,
registered owner,registered owner,ROLE,FINANCE,SEC Investor.gov Glossary,https://www.investor.gov/introduction-investing/investing-basics/glossary,SEC_INVESTOR_GOV,US_FEDERAL_SECURITIES_AUTHORITY,True,False,,MEDIUM,,,,
registration statement,registration statement,DOCUMENT,FINANCE,SEC Forms Index / EDGAR Filing Forms,https://www.sec.gov/submit-filings/forms-index,SEC,US_FEDERAL_SECURITIES_AUTHORITY,True,False,,MEDIUM,,,,
registration statement,registration statement,DOCUMENT,FINANCE,SEC Investor.gov Glossary,https://www.investor.gov/introduction-investing/investing-basics/glossary,SEC_INVESTOR_GOV,US_FEDERAL_SECURITIES_AUTHORITY,True,False,,MEDIUM,,,,
regressive tax,regressive tax,TAX_CONCEPT,TAX,IRS Understanding Taxes – Glossary,https://apps.irs.gov/app/understandingTaxes/student/glossary.jsp,IRS,US_FEDERAL_TAX_AUTHORITY,True,False,,LOW,,,,
Regulation D,regulation d,REGULATORY_TERM,FINANCE,SEC Investor.gov Glossary,https://www.investor.gov/introduction-investing/investing-basics/glossary,SEC_INVESTOR_GOV,US_FEDERAL_SECURITIES_AUTHORITY,True,False,,LOW,,,,
reinvestment risk,reinvestment risk,FINANCIAL_CONCEPT,FINANCE,SEC Investor.gov Glossary,https://www.investor.gov/introduction-investing/investing-basics/glossary,SEC_INVESTOR_GOV,US_FEDERAL_SECURITIES_AUTHORITY,True,False,,LOW,,,,
REIT,reit,FINANCIAL_INSTRUMENT,FINANCE,SEC Investor.gov Glossary,https://www.investor.gov/introduction-investing/investing-basics/glossary,SEC_INVESTOR_GOV,US_FEDERAL_SECURITIES_AUTHORITY,True,False,,HIGH,,,REIT,real estate investment trust
report crosswalk,report crosswalk,ACCOUNTING_CONCEPT,ACCOUNTING,U.S. Standard General Ledger (USSGL),https://fiscal.treasury.gov/accounting/us-standard-general-ledger-ussgl,TREASURY_USSGL,US_FEDERAL_ACCOUNTING_STANDARD,True,False,,MEDIUM,,,,
repurchase agreement,repurchase agreement,FINANCIAL_CONCEPT,FINANCE,Federal Reserve Regulatory Reform Glossary,https://www.federalreserve.gov/regreform/reform-glossary.htm,FEDERAL_RESERVE,US_CENTRAL_BANK_REGULATOR,True,False,,LOW,,,,
retained earnings,retained earnings,ACCOUNTING_CONCEPT,ACCOUNTING,SEC Beginners' Guide to Financial Statements,https://www.sec.gov/about/reports-publications/investorpubsbegfinstmtguide,SEC,US_FEDERAL_SECURITIES_AUTHORITY,True,False,,LOW,,,,
retirement account,retirement account,ACCOUNT_TYPE,FINANCE,SEC Investor.gov Glossary,https://www.investor.gov/introduction-investing/investing-basics/glossary,SEC_INVESTOR_GOV,US_FEDERAL_SECURITIES_AUTHORITY,True,False,,MEDIUM,,,,
return on investment,return on investment,FINANCIAL_CONCEPT,FINANCE,CFPB Financial Terms Glossary,https://www.consumerfinance.gov/consumer-tools/educator-tools/youth-financial-education/glossary/,CFPB,US_FEDERAL_CONSUMER_FINANCE_AUTHORITY,True,False,,MEDIUM,,,,
revenue,revenue,ACCOUNTING_CONCEPT,ACCOUNTING,SEC Beginners' Guide to Financial Statements,https://www.sec.gov/about/reports-publications/investorpubsbegfinstmtguide,SEC,US_FEDERAL_SECURITIES_AUTHORITY,True,False,,HIGH,Collision note: ordinary-English/name/legal/geographic collision potential.,,,
reverse mortgage,reverse mortgage,FINANCIAL_INSTRUMENT,FINANCE,CFPB Mortgages Key Terms,https://www.consumerfinance.gov/consumer-tools/mortgages/answers/key-terms/,CFPB,US_FEDERAL_CONSUMER_FINANCE_AUTHORITY,True,False,,LOW,,,,
reverse stock split,reverse stock split,PROCESS_EVENT,FINANCE,SEC Investor.gov Glossary,https://www.investor.gov/introduction-investing/investing-basics/glossary,SEC_INVESTOR_GOV,US_FEDERAL_SECURITIES_AUTHORITY,True,False,,LOW,,,,
revocable trust account,revocable trust account,ACCOUNT_TYPE,FINANCE,FDIC EDIE Glossary,https://edie.fdic.gov/glossary.html,FDIC,US_FEDERAL_BANKING_AUTHORITY,True,False,,MEDIUM,Collision note: cross-domain legal/document terminology overlap.,,,
risk,risk,FINANCIAL_CONCEPT,FINANCE,SEC Investor.gov Glossary,https://www.investor.gov/introduction-investing/investing-basics/glossary,SEC_INVESTOR_GOV,US_FEDERAL_SECURITIES_AUTHORITY,True,False,,HIGH,,,,
risk tolerance,risk tolerance,FINANCIAL_CONCEPT,FINANCE,SEC Investor.gov Glossary,https://www.investor.gov/introduction-investing/investing-basics/glossary,SEC_INVESTOR_GOV,US_FEDERAL_SECURITIES_AUTHORITY,True,False,,LOW,,,,
Roth IRA,roth ira,ACCOUNT_TYPE,FINANCE,SEC Investor.gov Glossary,https://www.investor.gov/introduction-investing/investing-basics/glossary,SEC_INVESTOR_GOV,US_FEDERAL_SECURITIES_AUTHORITY,True,False,,LOW,,,,
salary,salary,FINANCIAL_CONCEPT,TAX,IRS Understanding Taxes – Glossary,https://apps.irs.gov/app/understandingTaxes/student/glossary.jsp,IRS,US_FEDERAL_TAX_AUTHORITY,True,False,,HIGH,Collision note: ordinary-English/name/legal/geographic collision potential.,,,
savings account,savings account,ACCOUNT_TYPE,FINANCE,CFPB Financial Terms Glossary,https://www.consumerfinance.gov/consumer-tools/educator-tools/youth-financial-education/glossary/,CFPB,US_FEDERAL_CONSUMER_FINANCE_AUTHORITY,True,False,,MEDIUM,,,,
savings and loan association,savings and loan association,ORGANIZATION,FINANCE,Federal Reserve Payments Glossary,https://www.federalreserve.gov/paymentsystems/pfs_glossary.htm,FEDERAL_RESERVE,US_CENTRAL_BANK_REGULATOR,True,False,,MEDIUM,,,,
savings bank,savings bank,ORGANIZATION,FINANCE,Federal Reserve Payments Glossary,https://www.federalreserve.gov/paymentsystems/pfs_glossary.htm,FEDERAL_RESERVE,US_CENTRAL_BANK_REGULATOR,True,False,,MEDIUM,,,,
Schedule 1,schedule 1,DOCUMENT,TAX,IRS Schedules for Form 1040 and Form 1040-SR,https://www.irs.gov/forms-pubs/schedules-for-form-1040,IRS,US_FEDERAL_TAX_AUTHORITY,True,False,,MEDIUM,Collision note: cross-domain legal/document terminology overlap.,,,
Schedule 1-A,schedule 1-a,DOCUMENT,TAX,IRS Schedules for Form 1040 and Form 1040-SR,https://www.irs.gov/forms-pubs/schedules-for-form-1040,IRS,US_FEDERAL_TAX_AUTHORITY,True,False,,MEDIUM,Collision note: cross-domain legal/document terminology overlap.,,,
Schedule 13D,schedule 13d,REGULATORY_TERM,FINANCE,SEC Investor.gov Glossary,https://www.investor.gov/introduction-investing/investing-basics/glossary,SEC_INVESTOR_GOV,US_FEDERAL_SECURITIES_AUTHORITY,True,False,,MEDIUM,Collision note: cross-domain legal/document terminology overlap.,,,
Schedule 13G,schedule 13g,REGULATORY_TERM,FINANCE,SEC Investor.gov Glossary,https://www.investor.gov/introduction-investing/investing-basics/glossary,SEC_INVESTOR_GOV,US_FEDERAL_SECURITIES_AUTHORITY,True,False,,MEDIUM,Collision note: cross-domain legal/document terminology overlap.,,,
Schedule 2,schedule 2,DOCUMENT,TAX,IRS Schedules for Form 1040 and Form 1040-SR,https://www.irs.gov/forms-pubs/schedules-for-form-1040,IRS,US_FEDERAL_TAX_AUTHORITY,True,False,,MEDIUM,Collision note: cross-domain legal/document terminology overlap.,,,
Schedule 3,schedule 3,DOCUMENT,TAX,IRS Schedules for Form 1040 and Form 1040-SR,https://www.irs.gov/forms-pubs/schedules-for-form-1040,IRS,US_FEDERAL_TAX_AUTHORITY,True,False,,MEDIUM,Collision note: cross-domain legal/document terminology overlap.,,,
Schedule A,schedule a,DOCUMENT,TAX,IRS Schedules for Form 1040 and Form 1040-SR,https://www.irs.gov/forms-pubs/schedules-for-form-1040,IRS,US_FEDERAL_TAX_AUTHORITY,True,False,,MEDIUM,Collision note: cross-domain legal/document terminology overlap.,,,
Schedule B,schedule b,DOCUMENT,TAX,IRS Schedules for Form 1040 and Form 1040-SR,https://www.irs.gov/forms-pubs/schedules-for-form-1040,IRS,US_FEDERAL_TAX_AUTHORITY,True,False,,MEDIUM,Collision note: cross-domain legal/document terminology overlap.,,,
Schedule C,schedule c,DOCUMENT,TAX,IRS Schedules for Form 1040 and Form 1040-SR,https://www.irs.gov/forms-pubs/schedules-for-form-1040,IRS,US_FEDERAL_TAX_AUTHORITY,True,False,,MEDIUM,Collision note: cross-domain legal/document terminology overlap.,,,
Schedule D,schedule d,DOCUMENT,TAX,IRS Schedules for Form 1040 and Form 1040-SR,https://www.irs.gov/forms-pubs/schedules-for-form-1040,IRS,US_FEDERAL_TAX_AUTHORITY,True,False,,MEDIUM,Collision note: cross-domain legal/document terminology overlap.,,,
Schedule E,schedule e,DOCUMENT,TAX,IRS Schedules for Form 1040 and Form 1040-SR,https://www.irs.gov/forms-pubs/schedules-for-form-1040,IRS,US_FEDERAL_TAX_AUTHORITY,True,False,,MEDIUM,Collision note: cross-domain legal/document terminology overlap.,,,
Schedule F,schedule f,DOCUMENT,TAX,IRS Schedules for Form 1040 and Form 1040-SR,https://www.irs.gov/forms-pubs/schedules-for-form-1040,IRS,US_FEDERAL_TAX_AUTHORITY,True,False,,MEDIUM,Collision note: cross-domain legal/document terminology overlap.,,,
Schedule H,schedule h,DOCUMENT,TAX,IRS Schedules for Form 1040 and Form 1040-SR,https://www.irs.gov/forms-pubs/schedules-for-form-1040,IRS,US_FEDERAL_TAX_AUTHORITY,True,False,,MEDIUM,Collision note: cross-domain legal/document terminology overlap.,,,
Schedule J,schedule j,DOCUMENT,TAX,IRS Schedules for Form 1040 and Form 1040-SR,https://www.irs.gov/forms-pubs/schedules-for-form-1040,IRS,US_FEDERAL_TAX_AUTHORITY,True,False,,MEDIUM,Collision note: cross-domain legal/document terminology overlap.,,,
Schedule K-1,schedule k-1,DOCUMENT,TAX,IRS Schedules for Form 1040 and Form 1040-SR,https://www.irs.gov/forms-pubs/schedules-for-form-1040,IRS,US_FEDERAL_TAX_AUTHORITY,True,False,,MEDIUM,Collision note: cross-domain legal/document terminology overlap.,,,
Schedule R,schedule r,DOCUMENT,TAX,IRS Schedules for Form 1040 and Form 1040-SR,https://www.irs.gov/forms-pubs/schedules-for-form-1040,IRS,US_FEDERAL_TAX_AUTHORITY,True,False,,MEDIUM,Collision note: cross-domain legal/document terminology overlap.,,,
Schedule SE,schedule se,DOCUMENT,TAX,IRS Schedules for Form 1040 and Form 1040-SR,https://www.irs.gov/forms-pubs/schedules-for-form-1040,IRS,US_FEDERAL_TAX_AUTHORITY,True,False,,MEDIUM,Collision note: cross-domain legal/document terminology overlap.,,,
secondary offering,secondary offering,PROCESS_EVENT,FINANCE,SEC Investor.gov Glossary,https://www.investor.gov/introduction-investing/investing-basics/glossary,SEC_INVESTOR_GOV,US_FEDERAL_SECURITIES_AUTHORITY,True,False,,LOW,,,,
Securities Act of 1933,securities act of 1933,REGULATORY_TERM,FINANCE,SEC Investor.gov Glossary,https://www.investor.gov/introduction-investing/investing-basics/glossary,SEC_INVESTOR_GOV,US_FEDERAL_SECURITIES_AUTHORITY,True,False,,LOW,,,,
Securities Exchange Act of 1934,securities exchange act of 1934,REGULATORY_TERM,FINANCE,SEC Investor.gov Glossary,https://www.investor.gov/introduction-investing/investing-basics/glossary,SEC_INVESTOR_GOV,US_FEDERAL_SECURITIES_AUTHORITY,True,False,,LOW,,,,
securities lending,securities lending,PROCESS_EVENT,FINANCE,SEC Investor.gov Glossary,https://www.investor.gov/introduction-investing/investing-basics/glossary,SEC_INVESTOR_GOV,US_FEDERAL_SECURITIES_AUTHORITY,True,False,,LOW,,,,
securitization,securitization,FINANCIAL_CONCEPT,FINANCE,Federal Reserve Regulatory Reform Glossary,https://www.federalreserve.gov/regreform/reform-glossary.htm,FEDERAL_RESERVE,US_CENTRAL_BANK_REGULATOR,True,False,,LOW,,,,
security,security,FINANCIAL_INSTRUMENT,FINANCE,SEC Investor.gov Glossary,https://www.investor.gov/introduction-investing/investing-basics/glossary,SEC_INVESTOR_GOV,US_FEDERAL_SECURITIES_AUTHORITY,True,False,,HIGH,Collision note: ordinary-English/name/legal/geographic collision potential; cross-domain legal/document terminology overlap.,,,
security futures product,security futures product,FINANCIAL_INSTRUMENT,FINANCE,CFTC Futures Glossary,https://www.cftc.gov/LearnAndProtect/AdvisoriesAndArticles/CFTCGlossary/index.htm,CFTC,US_FEDERAL_DERIVATIVES_AUTHORITY,True,False,,LOW,Collision note: cross-domain legal/document terminology overlap.,,,
SEF,sef,ORGANIZATION,FINANCE,CFTC Futures Glossary,https://www.cftc.gov/LearnAndProtect/AdvisoriesAndArticles/CFTCGlossary/index.htm,CFTC,US_FEDERAL_DERIVATIVES_AUTHORITY,True,False,,HIGH,,,SEF,swap execution facility
self employment tax,self employment tax,TAX_CONCEPT,TAX,IRS Understanding Taxes – Glossary,https://apps.irs.gov/app/understandingTaxes/student/glossary.jsp,IRS,US_FEDERAL_TAX_AUTHORITY,False,True,self-employment tax,LOW,Conservative deterministic punctuation/hyphenation variant of source-attested parent term.,,,
self-employment tax,self-employment tax,TAX_CONCEPT,TAX,IRS Understanding Taxes – Glossary,https://apps.irs.gov/app/understandingTaxes/student/glossary.jsp,IRS,US_FEDERAL_TAX_AUTHORITY,True,False,,LOW,,,,
self-employment tax,self-employment tax,TAX_CONCEPT,TAX,IRS Understanding Employment Taxes,https://www.irs.gov/businesses/small-businesses-self-employed/understanding-employment-taxes,IRS,US_FEDERAL_TAX_AUTHORITY,True,False,,LOW,,,,
self-employment tax,self-employment tax,TAX_CONCEPT,TAX,IRS Schedules for Form 1040 and Form 1040-SR,https://www.irs.gov/forms-pubs/schedules-for-form-1040,IRS,US_FEDERAL_TAX_AUTHORITY,True,False,,LOW,,,,
self-regulatory organization,self-regulatory organization,ORGANIZATION,FINANCE,CFTC Futures Glossary,https://www.cftc.gov/LearnAndProtect/AdvisoriesAndArticles/CFTCGlossary/index.htm,CFTC,US_FEDERAL_DERIVATIVES_AUTHORITY,True,False,,MEDIUM,,,,
servicer,servicer,ROLE,FINANCE,CFPB Financial Terms Glossary,https://www.consumerfinance.gov/consumer-tools/educator-tools/youth-financial-education/glossary/,CFPB,US_FEDERAL_CONSUMER_FINANCE_AUTHORITY,True,False,,HIGH,,,,
settlement,settlement,PROCESS_EVENT,FINANCE,CFTC Futures Glossary,https://www.cftc.gov/LearnAndProtect/AdvisoriesAndArticles/CFTCGlossary/index.htm,CFTC,US_FEDERAL_DERIVATIVES_AUTHORITY,True,False,,HIGH,Collision note: ordinary-English/name/legal/geographic collision potential; cross-domain legal/document terminology overlap.,,,
settlement,settlement,PROCESS_EVENT,FINANCE,Federal Reserve Payments Glossary,https://www.federalreserve.gov/paymentsystems/pfs_glossary.htm,FEDERAL_RESERVE,US_CENTRAL_BANK_REGULATOR,True,False,,HIGH,Collision note: ordinary-English/name/legal/geographic collision potential; cross-domain legal/document terminology overlap.,,,
settlement,settlement,PROCESS_EVENT,FINANCE,SEC Investor.gov Glossary,https://www.investor.gov/introduction-investing/investing-basics/glossary,SEC_INVESTOR_GOV,US_FEDERAL_SECURITIES_AUTHORITY,True,False,,HIGH,Collision note: ordinary-English/name/legal/geographic collision potential; cross-domain legal/document terminology overlap.,,,
settlement price,settlement price,FINANCIAL_CONCEPT,FINANCE,CFTC Futures Glossary,https://www.cftc.gov/LearnAndProtect/AdvisoriesAndArticles/CFTCGlossary/index.htm,CFTC,US_FEDERAL_DERIVATIVES_AUTHORITY,True,False,,LOW,Collision note: cross-domain legal/document terminology overlap.,,,
shareholder,shareholder,ROLE,FINANCE,SEC Investor.gov Glossary,https://www.investor.gov/introduction-investing/investing-basics/glossary,SEC_INVESTOR_GOV,US_FEDERAL_SECURITIES_AUTHORITY,True,False,,LOW,,,,
shareholders’ equity,shareholders' equity,ACCOUNTING_CONCEPT,ACCOUNTING,SEC Beginners' Guide to Financial Statements,https://www.sec.gov/about/reports-publications/investorpubsbegfinstmtguide,SEC,US_FEDERAL_SECURITIES_AUTHORITY,True,False,,LOW,,,,
short position,short position,FINANCIAL_CONCEPT,FINANCE,CFTC Futures Glossary,https://www.cftc.gov/LearnAndProtect/AdvisoriesAndArticles/CFTCGlossary/index.htm,CFTC,US_FEDERAL_DERIVATIVES_AUTHORITY,True,False,,LOW,,,,
short sale,short sale,PROCESS_EVENT,FINANCE,SEC Investor.gov Glossary,https://www.investor.gov/introduction-investing/investing-basics/glossary,SEC_INVESTOR_GOV,US_FEDERAL_SECURITIES_AUTHORITY,True,False,,LOW,,,,
short selling,short selling,PROCESS_EVENT,FINANCE,SEC Investor.gov Glossary,https://www.investor.gov/introduction-investing/investing-basics/glossary,SEC_INVESTOR_GOV,US_FEDERAL_SECURITIES_AUTHORITY,True,False,,LOW,,,,
simple interest,simple interest,FINANCIAL_CONCEPT,FINANCE,CFPB Financial Terms Glossary,https://www.consumerfinance.gov/consumer-tools/educator-tools/youth-financial-education/glossary/,CFPB,US_FEDERAL_CONSUMER_FINANCE_AUTHORITY,True,False,,LOW,,,,
single account,single account,ACCOUNT_TYPE,FINANCE,FDIC EDIE Glossary,https://edie.fdic.gov/glossary.html,FDIC,US_FEDERAL_BANKING_AUTHORITY,True,False,,MEDIUM,,,,
Social Security tax,social security tax,TAX_CONCEPT,TAX,IRS Understanding Taxes – Glossary,https://apps.irs.gov/app/understandingTaxes/student/glossary.jsp,IRS,US_FEDERAL_TAX_AUTHORITY,True,False,,LOW,Collision note: cross-domain legal/document terminology overlap.,,,
Social Security tax,social security tax,TAX_CONCEPT,TAX,IRS Understanding Employment Taxes,https://www.irs.gov/businesses/small-businesses-self-employed/understanding-employment-taxes,IRS,US_FEDERAL_TAX_AUTHORITY,True,False,,LOW,Collision note: cross-domain legal/document terminology overlap.,,,
software developer,software developer,ROLE,TAX,IRS Understanding Taxes – Glossary,https://apps.irs.gov/app/understandingTaxes/student/glossary.jsp,IRS,US_FEDERAL_TAX_AUTHORITY,True,False,,LOW,,,,
speculative position limit,speculative position limit,FINANCIAL_CONCEPT,FINANCE,CFTC Futures Glossary,https://www.cftc.gov/LearnAndProtect/AdvisoriesAndArticles/CFTCGlossary/index.htm,CFTC,US_FEDERAL_DERIVATIVES_AUTHORITY,True,False,,LOW,,,,
spot price,spot price,FINANCIAL_CONCEPT,FINANCE,CFTC Futures Glossary,https://www.cftc.gov/LearnAndProtect/AdvisoriesAndArticles/CFTCGlossary/index.htm,CFTC,US_FEDERAL_DERIVATIVES_AUTHORITY,True,False,,LOW,,,,
spread,spread,FINANCIAL_CONCEPT,FINANCE,CFTC Futures Glossary,https://www.cftc.gov/LearnAndProtect/AdvisoriesAndArticles/CFTCGlossary/index.htm,CFTC,US_FEDERAL_DERIVATIVES_AUTHORITY,True,False,,HIGH,,,,
SRO,sro,ORGANIZATION,FINANCE,CFTC Futures Glossary,https://www.cftc.gov/LearnAndProtect/AdvisoriesAndArticles/CFTCGlossary/index.htm,CFTC,US_FEDERAL_DERIVATIVES_AUTHORITY,True,False,,HIGH,,,SRO,self-regulatory organization
standard deduction,standard deduction,TAX_CONCEPT,TAX,IRS Understanding Taxes – Glossary,https://apps.irs.gov/app/understandingTaxes/student/glossary.jsp,IRS,US_FEDERAL_TAX_AUTHORITY,True,False,,LOW,,,,
statement of shareholders’ equity,statement of shareholders' equity,DOCUMENT,ACCOUNTING,SEC Beginners' Guide to Financial Statements,https://www.sec.gov/about/reports-publications/investorpubsbegfinstmtguide,SEC,US_FEDERAL_SECURITIES_AUTHORITY,True,False,,MEDIUM,,,,
stock,stock,FINANCIAL_INSTRUMENT,FINANCE,CFPB Financial Terms Glossary,https://www.consumerfinance.gov/consumer-tools/educator-tools/youth-financial-education/glossary/,CFPB,US_FEDERAL_CONSUMER_FINANCE_AUTHORITY,True,False,,HIGH,Collision note: ordinary-English/name/legal/geographic collision potential.,,,
stock,stock,FINANCIAL_INSTRUMENT,FINANCE,SEC Investor.gov Glossary,https://www.investor.gov/introduction-investing/investing-basics/glossary,SEC_INVESTOR_GOV,US_FEDERAL_SECURITIES_AUTHORITY,True,False,,HIGH,Collision note: ordinary-English/name/legal/geographic collision potential.,,,
stock split,stock split,PROCESS_EVENT,FINANCE,SEC Investor.gov Glossary,https://www.investor.gov/introduction-investing/investing-basics/glossary,SEC_INVESTOR_GOV,US_FEDERAL_SECURITIES_AUTHORITY,True,False,,LOW,,,,
strike price,strike price,FINANCIAL_CONCEPT,FINANCE,CFTC Futures Glossary,https://www.cftc.gov/LearnAndProtect/AdvisoriesAndArticles/CFTCGlossary/index.htm,CFTC,US_FEDERAL_DERIVATIVES_AUTHORITY,True,False,,LOW,,,,
structured note,structured note,FINANCIAL_INSTRUMENT,FINANCE,SEC Investor.gov Glossary,https://www.investor.gov/introduction-investing/investing-basics/glossary,SEC_INVESTOR_GOV,US_FEDERAL_SECURITIES_AUTHORITY,True,False,,LOW,,,,
student loan,student loan,FINANCIAL_INSTRUMENT,FINANCE,CFPB Financial Terms Glossary,https://www.consumerfinance.gov/consumer-tools/educator-tools/youth-financial-education/glossary/,CFPB,US_FEDERAL_CONSUMER_FINANCE_AUTHORITY,True,False,,MEDIUM,Collision note: higher-education overlap.,,,
supplemental income and loss,supplemental income and loss,TAX_CONCEPT,TAX,IRS Schedules for Form 1040 and Form 1040-SR,https://www.irs.gov/forms-pubs/schedules-for-form-1040,IRS,US_FEDERAL_TAX_AUTHORITY,True,False,,MEDIUM,,,,
swap,swap,FINANCIAL_INSTRUMENT,FINANCE,CFTC Futures Glossary,https://www.cftc.gov/LearnAndProtect/AdvisoriesAndArticles/CFTCGlossary/index.htm,CFTC,US_FEDERAL_DERIVATIVES_AUTHORITY,True,False,,HIGH,,,,
swap dealer,swap dealer,ROLE,FINANCE,CFTC Futures Glossary,https://www.cftc.gov/LearnAndProtect/AdvisoriesAndArticles/CFTCGlossary/index.htm,CFTC,US_FEDERAL_DERIVATIVES_AUTHORITY,True,False,,LOW,,,,
swap execution facility,swap execution facility,ORGANIZATION,FINANCE,CFTC Futures Glossary,https://www.cftc.gov/LearnAndProtect/AdvisoriesAndArticles/CFTCGlossary/index.htm,CFTC,US_FEDERAL_DERIVATIVES_AUTHORITY,True,False,,LOW,,,,
systematic risk,systematic risk,FINANCIAL_CONCEPT,FINANCE,SEC Investor.gov Glossary,https://www.investor.gov/introduction-investing/investing-basics/glossary,SEC_INVESTOR_GOV,US_FEDERAL_SECURITIES_AUTHORITY,True,False,,LOW,,,,
target date fund,target date fund,FINANCIAL_INSTRUMENT,FINANCE,SEC Investor.gov Glossary,https://www.investor.gov/introduction-investing/investing-basics/glossary,SEC_INVESTOR_GOV,US_FEDERAL_SECURITIES_AUTHORITY,True,False,,MEDIUM,,,,
tax,tax,FINANCIAL_CONCEPT,FINANCE,CFPB Financial Terms Glossary,https://www.consumerfinance.gov/consumer-tools/educator-tools/youth-financial-education/glossary/,CFPB,US_FEDERAL_CONSUMER_FINANCE_AUTHORITY,True,False,,HIGH,Collision note: ordinary-English/name/legal/geographic collision potential.,,,
tax,tax,TAX_CONCEPT,TAX,IRS Understanding Taxes – Glossary,https://apps.irs.gov/app/understandingTaxes/student/glossary.jsp,IRS,US_FEDERAL_TAX_AUTHORITY,True,False,,HIGH,Collision note: ordinary-English/name/legal/geographic collision potential.,,,
tax credit,tax credit,TAX_CONCEPT,TAX,IRS Understanding Taxes – Glossary,https://apps.irs.gov/app/understandingTaxes/student/glossary.jsp,IRS,US_FEDERAL_TAX_AUTHORITY,True,False,,LOW,,,,
tax deduction,tax deduction,TAX_CONCEPT,TAX,IRS Understanding Taxes – Glossary,https://apps.irs.gov/app/understandingTaxes/student/glossary.jsp,IRS,US_FEDERAL_TAX_AUTHORITY,True,False,,LOW,,,,
tax liability,tax liability,TAX_CONCEPT,TAX,IRS Understanding Taxes – Glossary,https://apps.irs.gov/app/understandingTaxes/student/glossary.jsp,IRS,US_FEDERAL_TAX_AUTHORITY,True,False,,LOW,,,,
tax rate,tax rate,TAX_CONCEPT,TAX,IRS Understanding Taxes – Glossary,https://apps.irs.gov/app/understandingTaxes/student/glossary.jsp,IRS,US_FEDERAL_TAX_AUTHORITY,True,False,,LOW,,,,
tax refund,tax refund,TAX_CONCEPT,TAX,IRS Understanding Taxes – Glossary,https://apps.irs.gov/app/understandingTaxes/student/glossary.jsp,IRS,US_FEDERAL_TAX_AUTHORITY,True,False,,LOW,,,,
tax return,tax return,TAX_CONCEPT,TAX,IRS Understanding Taxes – Glossary,https://apps.irs.gov/app/understandingTaxes/student/glossary.jsp,IRS,US_FEDERAL_TAX_AUTHORITY,True,False,,MEDIUM,,,,
tax year,tax year,TAX_CONCEPT,TAX,IRS Understanding Taxes – Glossary,https://apps.irs.gov/app/understandingTaxes/student/glossary.jsp,IRS,US_FEDERAL_TAX_AUTHORITY,True,False,,LOW,,,,
taxable equivalent yield,taxable equivalent yield,FINANCIAL_CONCEPT,FINANCE,SEC Investor.gov Glossary,https://www.investor.gov/introduction-investing/investing-basics/glossary,SEC_INVESTOR_GOV,US_FEDERAL_SECURITIES_AUTHORITY,True,False,,LOW,,,,
taxable income,taxable income,TAX_CONCEPT,TAX,IRS Understanding Taxes – Glossary,https://apps.irs.gov/app/understandingTaxes/student/glossary.jsp,IRS,US_FEDERAL_TAX_AUTHORITY,True,False,,MEDIUM,,,,
taxable wages,taxable wages,TAX_CONCEPT,TAX,IRS Understanding Taxes – Glossary,https://apps.irs.gov/app/understandingTaxes/student/glossary.jsp,IRS,US_FEDERAL_TAX_AUTHORITY,True,False,,LOW,,,,
taxpayer,taxpayer,TAX_CONCEPT,TAX,IRS Understanding Taxes – Glossary,https://apps.irs.gov/app/understandingTaxes/student/glossary.jsp,IRS,US_FEDERAL_TAX_AUTHORITY,True,False,,HIGH,,,,
tender offer,tender offer,PROCESS_EVENT,FINANCE,SEC Investor.gov Glossary,https://www.investor.gov/introduction-investing/investing-basics/glossary,SEC_INVESTOR_GOV,US_FEDERAL_SECURITIES_AUTHORITY,True,False,,LOW,,,,
term funding,term funding,FINANCIAL_CONCEPT,FINANCE,Federal Reserve Regulatory Reform Glossary,https://www.federalreserve.gov/regreform/reform-glossary.htm,FEDERAL_RESERVE,US_CENTRAL_BANK_REGULATOR,True,False,,LOW,,,,
time horizon,time horizon,FINANCIAL_CONCEPT,FINANCE,SEC Investor.gov Glossary,https://www.investor.gov/introduction-investing/investing-basics/glossary,SEC_INVESTOR_GOV,US_FEDERAL_SECURITIES_AUTHORITY,True,False,,LOW,,,,
tips,tips,FINANCIAL_CONCEPT,TAX,IRS Understanding Taxes – Glossary,https://apps.irs.gov/app/understandingTaxes/student/glossary.jsp,IRS,US_FEDERAL_TAX_AUTHORITY,True,False,,HIGH,Collision note: ordinary-English/name/legal/geographic collision potential.,,,
total return,total return,FINANCIAL_CONCEPT,FINANCE,SEC Investor.gov Glossary,https://www.investor.gov/introduction-investing/investing-basics/glossary,SEC_INVESTOR_GOV,US_FEDERAL_SECURITIES_AUTHORITY,True,False,,MEDIUM,,,,
trade confirmation,trade confirmation,DOCUMENT,FINANCE,SEC Investor.gov Glossary,https://www.investor.gov/introduction-investing/investing-basics/glossary,SEC_INVESTOR_GOV,US_FEDERAL_SECURITIES_AUTHORITY,True,False,,LOW,,,,
trade execution,trade execution,PROCESS_EVENT,FINANCE,SEC Investor.gov Glossary,https://www.investor.gov/introduction-investing/investing-basics/glossary,SEC_INVESTOR_GOV,US_FEDERAL_SECURITIES_AUTHORITY,True,False,,LOW,,,,
trade record,trade record,DOCUMENT,FINANCE,CFTC Futures Glossary,https://www.cftc.gov/LearnAndProtect/AdvisoriesAndArticles/CFTCGlossary/index.htm,CFTC,US_FEDERAL_DERIVATIVES_AUTHORITY,True,False,,LOW,,,,
traditional IRA,traditional ira,ACCOUNT_TYPE,FINANCE,SEC Investor.gov Glossary,https://www.investor.gov/introduction-investing/investing-basics/glossary,SEC_INVESTOR_GOV,US_FEDERAL_SECURITIES_AUTHORITY,True,False,,LOW,,,,
transaction fee,transaction fee,FINANCIAL_CONCEPT,FINANCE,CFPB Financial Terms Glossary,https://www.consumerfinance.gov/consumer-tools/educator-tools/youth-financial-education/glossary/,CFPB,US_FEDERAL_CONSUMER_FINANCE_AUTHORITY,True,False,,LOW,,,,
transfer agent,transfer agent,ROLE,FINANCE,SEC Investor.gov Glossary,https://www.investor.gov/introduction-investing/investing-basics/glossary,SEC_INVESTOR_GOV,US_FEDERAL_SECURITIES_AUTHORITY,True,False,,LOW,,,,
transmitter,transmitter,ROLE,TAX,IRS Understanding Taxes – Glossary,https://apps.irs.gov/app/understandingTaxes/student/glossary.jsp,IRS,US_FEDERAL_TAX_AUTHORITY,True,False,,LOW,,,,
Treasury bill,treasury bill,FINANCIAL_INSTRUMENT,FINANCE,SEC Investor.gov Glossary,https://www.investor.gov/introduction-investing/investing-basics/glossary,SEC_INVESTOR_GOV,US_FEDERAL_SECURITIES_AUTHORITY,True,False,,LOW,,,,
Treasury bond,treasury bond,FINANCIAL_INSTRUMENT,FINANCE,SEC Investor.gov Glossary,https://www.investor.gov/introduction-investing/investing-basics/glossary,SEC_INVESTOR_GOV,US_FEDERAL_SECURITIES_AUTHORITY,True,False,,LOW,,,,
Treasury note,treasury note,FINANCIAL_INSTRUMENT,FINANCE,SEC Investor.gov Glossary,https://www.investor.gov/introduction-investing/investing-basics/glossary,SEC_INVESTOR_GOV,US_FEDERAL_SECURITIES_AUTHORITY,True,False,,LOW,,,,
trial balance,trial balance,ACCOUNTING_CONCEPT,ACCOUNTING,U.S. Standard General Ledger (USSGL),https://fiscal.treasury.gov/accounting/us-standard-general-ledger-ussgl,TREASURY_USSGL,US_FEDERAL_ACCOUNTING_STANDARD,True,False,,LOW,,,,
triparty repurchase agreement,triparty repurchase agreement,FINANCIAL_CONCEPT,FINANCE,Federal Reserve Regulatory Reform Glossary,https://www.federalreserve.gov/regreform/reform-glossary.htm,FEDERAL_RESERVE,US_CENTRAL_BANK_REGULATOR,True,False,,LOW,,,,
trustee,trustee,ROLE,FINANCE,FDIC EDIE Glossary,https://edie.fdic.gov/glossary.html,FDIC,US_FEDERAL_BANKING_AUTHORITY,True,False,,HIGH,,,,
Truth in Lending Act,truth in lending act,REGULATORY_TERM,FINANCE,CFPB Financial Terms Glossary,https://www.consumerfinance.gov/consumer-tools/educator-tools/youth-financial-education/glossary/,CFPB,US_FEDERAL_CONSUMER_FINANCE_AUTHORITY,True,False,,LOW,,,,
underwriter,underwriter,ROLE,FINANCE,SEC Investor.gov Glossary,https://www.investor.gov/introduction-investing/investing-basics/glossary,SEC_INVESTOR_GOV,US_FEDERAL_SECURITIES_AUTHORITY,True,False,,LOW,,,,
unearned income,unearned income,TAX_CONCEPT,TAX,IRS Understanding Taxes – Glossary,https://apps.irs.gov/app/understandingTaxes/student/glossary.jsp,IRS,US_FEDERAL_TAX_AUTHORITY,True,False,,MEDIUM,,,,
unemployment tax,unemployment tax,TAX_CONCEPT,TAX,IRS Understanding Taxes – Glossary,https://apps.irs.gov/app/understandingTaxes/student/glossary.jsp,IRS,US_FEDERAL_TAX_AUTHORITY,True,False,,LOW,,,,
unexpended appropriations,unexpended appropriations,ACCOUNTING_CONCEPT,ACCOUNTING,U.S. Standard General Ledger (USSGL),https://fiscal.treasury.gov/accounting/us-standard-general-ledger-ussgl,TREASURY_USSGL,US_FEDERAL_ACCOUNTING_STANDARD,True,False,,LOW,,,,
unincorporated association account,unincorporated association account,ACCOUNT_TYPE,FINANCE,FDIC EDIE Glossary,https://edie.fdic.gov/glossary.html,FDIC,US_FEDERAL_BANKING_AUTHORITY,True,False,,MEDIUM,,,,
unit investment trust,unit investment trust,FINANCIAL_INSTRUMENT,FINANCE,SEC Investor.gov Glossary,https://www.investor.gov/introduction-investing/investing-basics/glossary,SEC_INVESTOR_GOV,US_FEDERAL_SECURITIES_AUTHORITY,True,False,,LOW,Collision note: cross-domain legal/document terminology overlap.,,,
unsystematic risk,unsystematic risk,FINANCIAL_CONCEPT,FINANCE,SEC Investor.gov Glossary,https://www.investor.gov/introduction-investing/investing-basics/glossary,SEC_INVESTOR_GOV,US_FEDERAL_SECURITIES_AUTHORITY,True,False,,LOW,,,,
VA loan,va loan,FINANCIAL_INSTRUMENT,FINANCE,CFPB Mortgages Key Terms,https://www.consumerfinance.gov/consumer-tools/mortgages/answers/key-terms/,CFPB,US_FEDERAL_CONSUMER_FINANCE_AUTHORITY,True,False,,LOW,,,,
variable annuity,variable annuity,FINANCIAL_INSTRUMENT,FINANCE,SEC Investor.gov Glossary,https://www.investor.gov/introduction-investing/investing-basics/glossary,SEC_INVESTOR_GOV,US_FEDERAL_SECURITIES_AUTHORITY,True,False,,LOW,,,,
variable expense,variable expense,FINANCIAL_CONCEPT,FINANCE,CFPB Financial Terms Glossary,https://www.consumerfinance.gov/consumer-tools/educator-tools/youth-financial-education/glossary/,CFPB,US_FEDERAL_CONSUMER_FINANCE_AUTHORITY,True,False,,LOW,,,,
variation margin,variation margin,FINANCIAL_CONCEPT,FINANCE,CFTC Futures Glossary,https://www.cftc.gov/LearnAndProtect/AdvisoriesAndArticles/CFTCGlossary/index.htm,CFTC,US_FEDERAL_DERIVATIVES_AUTHORITY,True,False,,LOW,,,,
vertical equity,vertical equity,TAX_CONCEPT,TAX,IRS Understanding Taxes – Glossary,https://apps.irs.gov/app/understandingTaxes/student/glossary.jsp,IRS,US_FEDERAL_TAX_AUTHORITY,True,False,,LOW,,,,
volatility,volatility,FINANCIAL_CONCEPT,FINANCE,CFTC Futures Glossary,https://www.cftc.gov/LearnAndProtect/AdvisoriesAndArticles/CFTCGlossary/index.htm,CFTC,US_FEDERAL_DERIVATIVES_AUTHORITY,True,False,,LOW,,,,
volatility,volatility,FINANCIAL_CONCEPT,FINANCE,SEC Investor.gov Glossary,https://www.investor.gov/introduction-investing/investing-basics/glossary,SEC_INVESTOR_GOV,US_FEDERAL_SECURITIES_AUTHORITY,True,False,,LOW,,,,
wage base,wage base,TAX_CONCEPT,TAX,IRS Understanding Employment Taxes,https://www.irs.gov/businesses/small-businesses-self-employed/understanding-employment-taxes,IRS,US_FEDERAL_TAX_AUTHORITY,True,False,,LOW,,,,
wages,wages,FINANCIAL_CONCEPT,TAX,IRS Understanding Taxes – Glossary,https://apps.irs.gov/app/understandingTaxes/student/glossary.jsp,IRS,US_FEDERAL_TAX_AUTHORITY,True,False,,HIGH,Collision note: ordinary-English/name/legal/geographic collision potential.,,,
warrant,warrant,FINANCIAL_INSTRUMENT,FINANCE,SEC Investor.gov Glossary,https://www.investor.gov/introduction-investing/investing-basics/glossary,SEC_INVESTOR_GOV,US_FEDERAL_SECURITIES_AUTHORITY,True,False,,HIGH,,,,
wholesale funding,wholesale funding,FINANCIAL_CONCEPT,FINANCE,Federal Reserve Regulatory Reform Glossary,https://www.federalreserve.gov/regreform/reform-glossary.htm,FEDERAL_RESERVE,US_CENTRAL_BANK_REGULATOR,True,False,,LOW,,,,
withholding,withholding,TAX_CONCEPT,TAX,IRS Understanding Taxes – Glossary,https://apps.irs.gov/app/understandingTaxes/student/glossary.jsp,IRS,US_FEDERAL_TAX_AUTHORITY,True,False,,LOW,,,,
withholding allowance,withholding allowance,TAX_CONCEPT,TAX,IRS Understanding Taxes – Glossary,https://apps.irs.gov/app/understandingTaxes/student/glossary.jsp,IRS,US_FEDERAL_TAX_AUTHORITY,True,False,,LOW,,,,
XBRL taxonomy extension calculation linkbase document,xbrl taxonomy extension calculation linkbase document,DOCUMENT,FINANCE,SEC Forms Index / EDGAR Filing Forms,https://www.sec.gov/submit-filings/forms-index,SEC,US_FEDERAL_SECURITIES_AUTHORITY,True,False,,LOW,,,,
XBRL taxonomy extension definition linkbase document,xbrl taxonomy extension definition linkbase document,DOCUMENT,FINANCE,SEC Forms Index / EDGAR Filing Forms,https://www.sec.gov/submit-filings/forms-index,SEC,US_FEDERAL_SECURITIES_AUTHORITY,True,False,,LOW,,,,
XBRL taxonomy extension labels linkbase document,xbrl taxonomy extension labels linkbase document,DOCUMENT,FINANCE,SEC Forms Index / EDGAR Filing Forms,https://www.sec.gov/submit-filings/forms-index,SEC,US_FEDERAL_SECURITIES_AUTHORITY,True,False,,LOW,,,,
XBRL taxonomy extension presentation linkbase document,xbrl taxonomy extension presentation linkbase document,DOCUMENT,FINANCE,SEC Forms Index / EDGAR Filing Forms,https://www.sec.gov/submit-filings/forms-index,SEC,US_FEDERAL_SECURITIES_AUTHORITY,True,False,,LOW,,,,
XBRL taxonomy extension schema,xbrl taxonomy extension schema,DOCUMENT,FINANCE,SEC Forms Index / EDGAR Filing Forms,https://www.sec.gov/submit-filings/forms-index,SEC,US_FEDERAL_SECURITIES_AUTHORITY,True,False,,LOW,,,,
yield,yield,FINANCIAL_CONCEPT,FINANCE,SEC Investor.gov Glossary,https://www.investor.gov/introduction-investing/investing-basics/glossary,SEC_INVESTOR_GOV,US_FEDERAL_SECURITIES_AUTHORITY,True,False,,HIGH,,,,
yield curve,yield curve,FINANCIAL_CONCEPT,FINANCE,SEC Investor.gov Glossary,https://www.investor.gov/introduction-investing/investing-basics/glossary,SEC_INVESTOR_GOV,US_FEDERAL_SECURITIES_AUTHORITY,True,False,,LOW,,,,
zero coupon bond,zero coupon bond,FINANCIAL_INSTRUMENT,FINANCE,SEC Investor.gov Glossary,https://www.investor.gov/introduction-investing/investing-basics/glossary,SEC_INVESTOR_GOV,US_FEDERAL_SECURITIES_AUTHORITY,True,False,,LOW,,,,
zero-coupon bond,zero-coupon bond,FINANCIAL_INSTRUMENT,FINANCE,SEC Investor.gov Glossary,https://www.investor.gov/introduction-investing/investing-basics/glossary,SEC_INVESTOR_GOV,US_FEDERAL_SECURITIES_AUTHORITY,False,True,zero coupon bond,LOW,Conservative deterministic punctuation/hyphenation variant of source-attested parent term.,,,
