term,normalized_term,semantic_hint,category,source_name,source_url,source_family,source_authority_level,source_attested,derived_variant,parent_term,collision_risk,notes,source_id,acronym,acronym_expansion,source_tier,license_status,retrieval_date,census_attested,legal_overlap,higher_ed_overlap,finance_accounting_tax_overlap,known_overlap_families
12-month period,12-month period,LEAVE_CONCEPT,leave,"U.S. Department of Labor, Wage and Hour Division — FMLA",https://www.dol.gov/agencies/whd/fmla,DOL_FMLA,US_FEDERAL_LABOR_AUTHORITY,True,False,,LOW,,,,,A,US federal government source; short terminology/provenance only,2026-08-10,False,False,False,False,
401(k) plan,401(k) plan,BENEFIT_CONCEPT,employee_benefits,Employee Benefits Security Administration — Retirement Responsibilities / ERISA,https://www.dol.gov/agencies/ebsa/employers-and-advisers/small-business-owners/understanding-your-responsibilities,EBSA,US_FEDERAL_EMPLOYEE_BENEFITS_AUTHORITY,True,False,,LOW,,,,,A,US federal government source; short terminology/provenance only,2026-08-10,False,False,False,False,
abuse of authority,abuse of authority,EMPLOYEE_RELATIONS_CONCEPT,employee_relations,U.S. Merit Systems Protection Board — Merit System Principles / Prohibited Personnel Practices,https://www.mspb.gov/ppp/ppp.htm,MSPB,US_FEDERAL_MERIT_SYSTEM_AUTHORITY,True,False,,LOW,,,,,A,US federal government source; short terminology/provenance only,2026-08-10,False,False,False,False,
accession,accession,PROCESS_EVENT,personnel_action,OPM Guide to Processing Personnel Actions — Glossary of Terms Used in Processing Personnel Actions,https://www.opm.gov/policy-data-oversight/data-analysis-documentation/personnel-documentation/processing-personnel-actions/gppa35.pdf,OPM_GPPA,US_FEDERAL_PERSONNEL_AUTHORITY,True,False,,MEDIUM,Single-token term; context remains important.,,,,A,US federal government work; terms only retained; no definitions redistributed,2026-08-10,False,False,False,False,
ADA,ada,EEO_CONCEPT,equal_employment_opportunity,U.S. Equal Employment Opportunity Commission — Employment Guidance,https://www.eeoc.gov/disability-discrimination-and-employment-decisions,EEOC,US_FEDERAL_EEO_AUTHORITY,True,False,,HIGH,Acronym/initialism; may have unrelated expansions in other domains.,,ADA,,A,US federal government source; short terminology/provenance only,2026-08-10,True,False,False,False,census
adverse action,adverse action,EEO_CONCEPT,equal_employment_opportunity,U.S. Equal Employment Opportunity Commission — Employment Guidance,https://www.eeoc.gov/disability-discrimination-and-employment-decisions,EEOC,US_FEDERAL_EEO_AUTHORITY,True,False,,LOW,,,,,A,US federal government source; short terminology/provenance only,2026-08-10,False,False,False,False,
adverse action,adverse action,EMPLOYEE_RELATIONS_CONCEPT,employee_relations,U.S. Merit Systems Protection Board — Merit System Principles / Prohibited Personnel Practices,https://www.mspb.gov/ppp/ppp.htm,MSPB,US_FEDERAL_MERIT_SYSTEM_AUTHORITY,True,False,,LOW,,,,,A,US federal government source; short terminology/provenance only,2026-08-10,False,False,False,False,
agency action,agency action,EMPLOYEE_RELATIONS_CONCEPT,employee_relations,U.S. Merit Systems Protection Board — Merit System Principles / Prohibited Personnel Practices,https://www.mspb.gov/ppp/ppp.htm,MSPB,US_FEDERAL_MERIT_SYSTEM_AUTHORITY,True,False,,LOW,,,,,A,US federal government source; short terminology/provenance only,2026-08-10,False,False,False,False,
Americans with Disabilities Act,americans with disabilities act,EEO_CONCEPT,equal_employment_opportunity,U.S. Equal Employment Opportunity Commission — Employment Guidance,https://www.eeoc.gov/disability-discrimination-and-employment-decisions,EEOC,US_FEDERAL_EEO_AUTHORITY,True,False,,LOW,,,,,A,US federal government source; short terminology/provenance only,2026-08-10,False,False,False,False,
annual leave,annual leave,BENEFIT_OR_COMPENSATION,leave_compensation,OPM Pay & Leave / Leave Administration,https://www.opm.gov/policy-data-oversight/pay-leave/leave-administration/,OPM_PAY_LEAVE,US_FEDERAL_PERSONNEL_AUTHORITY,True,False,,LOW,,,,,A,US federal government source; short terminology/provenance only,2026-08-10,False,False,False,False,
appeal,appeal,EMPLOYEE_RELATIONS_CONCEPT,employee_relations,U.S. Merit Systems Protection Board — Merit System Principles / Prohibited Personnel Practices,https://www.mspb.gov/ppp/ppp.htm,MSPB,US_FEDERAL_MERIT_SYSTEM_AUTHORITY,True,False,,HIGH,Single-token ordinary-English/title/name collision risk; retain as evidence only.,,,,A,US federal government source; short terminology/provenance only,2026-08-10,False,True,False,True,legal|finance_accounting_tax
appellant,appellant,EMPLOYEE_RELATIONS_CONCEPT,employee_relations,U.S. Merit Systems Protection Board — Merit System Principles / Prohibited Personnel Practices,https://www.mspb.gov/ppp/ppp.htm,MSPB,US_FEDERAL_MERIT_SYSTEM_AUTHORITY,True,False,,HIGH,Single-token ordinary-English/title/name collision risk; retain as evidence only.,,,,A,US federal government source; short terminology/provenance only,2026-08-10,False,True,False,False,legal
appointment,appointment,PROCESS_EVENT,personnel_action,OPM Guide to Processing Personnel Actions — Glossary of Terms Used in Processing Personnel Actions,https://www.opm.gov/policy-data-oversight/data-analysis-documentation/personnel-documentation/processing-personnel-actions/gppa35.pdf,OPM_GPPA,US_FEDERAL_PERSONNEL_AUTHORITY,True,False,,HIGH,Single-token ordinary-English/title/name collision risk; retain as evidence only.,,,,A,US federal government work; terms only retained; no definitions redistributed,2026-08-10,False,False,False,False,
arbitration,arbitration,LABOR_RELATIONS_CONCEPT,federal_labor_relations,Federal Labor Relations Authority — Federal Service Labor-Management Relations Statute,https://www.flra.gov/resources-training/resources/statute-and-regulations/statute/statute-subchapter-i-general-2,FLRA,US_FEDERAL_LABOR_RELATIONS_AUTHORITY,True,False,,HIGH,Single-token ordinary-English/title/name collision risk; retain as evidence only.,,,,A,US federal government/statutory source; short terminology/provenance only,2026-08-10,False,True,False,True,legal|finance_accounting_tax
arbitrator,arbitrator,LABOR_RELATIONS_CONCEPT,federal_labor_relations,Federal Labor Relations Authority — Federal Service Labor-Management Relations Statute,https://www.flra.gov/resources-training/resources/statute-and-regulations/statute/statute-subchapter-i-general-2,FLRA,US_FEDERAL_LABOR_RELATIONS_AUTHORITY,True,False,,HIGH,Single-token ordinary-English/title/name collision risk; retain as evidence only.,,,,A,US federal government/statutory source; short terminology/provenance only,2026-08-10,False,True,False,False,legal
assessing,assessing,PERFORMANCE_CONCEPT,performance_management,OPM Performance Management,https://www.opm.gov/policy-data-oversight/performance-management/,OPM_PERFORMANCE,US_FEDERAL_PERSONNEL_AUTHORITY,True,False,,HIGH,Single-token ordinary-English/title/name collision risk; retain as evidence only.,,,,A,US federal government source; short terminology/provenance only,2026-08-10,False,False,False,False,
backpay,backpay,LABOR_RELATIONS_CONCEPT,labor_relations,National Labor Relations Board — Employee / Employer / Union Rights,https://www.nlrb.gov/about-nlrb/rights-we-protect/your-rights/employer-union-rights-and-obligations,NLRB,US_FEDERAL_LABOR_RELATIONS_AUTHORITY,True,False,,MEDIUM,Single-token term; context remains important.,,,,A,US federal government source; short terminology/provenance only,2026-08-10,False,False,False,False,
bargain in good faith,bargain in good faith,LABOR_RELATIONS_CONCEPT,labor_relations,National Labor Relations Board — Employee / Employer / Union Rights,https://www.nlrb.gov/about-nlrb/rights-we-protect/your-rights/employer-union-rights-and-obligations,NLRB,US_FEDERAL_LABOR_RELATIONS_AUTHORITY,True,False,,LOW,,,,,A,US federal government source; short terminology/provenance only,2026-08-10,False,False,False,False,
bargaining impasse,bargaining impasse,LABOR_RELATIONS_CONCEPT,federal_labor_relations,Federal Labor Relations Authority — Federal Service Labor-Management Relations Statute,https://www.flra.gov/resources-training/resources/statute-and-regulations/statute/statute-subchapter-i-general-2,FLRA,US_FEDERAL_LABOR_RELATIONS_AUTHORITY,True,False,,LOW,,,,,A,US federal government/statutory source; short terminology/provenance only,2026-08-10,False,False,False,False,
bargaining impasse,bargaining impasse,LABOR_RELATIONS_CONCEPT,labor_relations,National Labor Relations Board — Employee / Employer / Union Rights,https://www.nlrb.gov/about-nlrb/rights-we-protect/your-rights/employer-union-rights-and-obligations,NLRB,US_FEDERAL_LABOR_RELATIONS_AUTHORITY,True,False,,LOW,,,,,A,US federal government source; short terminology/provenance only,2026-08-10,False,False,False,False,
bargaining representative,bargaining representative,LABOR_RELATIONS_CONCEPT,labor_relations,National Labor Relations Board — Employee / Employer / Union Rights,https://www.nlrb.gov/about-nlrb/rights-we-protect/your-rights/employer-union-rights-and-obligations,NLRB,US_FEDERAL_LABOR_RELATIONS_AUTHORITY,True,False,,LOW,,,,,A,US federal government source; short terminology/provenance only,2026-08-10,False,False,False,False,
bargaining unit,bargaining unit,LABOR_RELATIONS_CONCEPT,federal_labor_relations,Federal Labor Relations Authority — Federal Service Labor-Management Relations Statute,https://www.flra.gov/resources-training/resources/statute-and-regulations/statute/statute-subchapter-i-general-2,FLRA,US_FEDERAL_LABOR_RELATIONS_AUTHORITY,True,False,,LOW,,,,,A,US federal government/statutory source; short terminology/provenance only,2026-08-10,False,False,False,False,
bargaining unit,bargaining unit,LABOR_RELATIONS_CONCEPT,labor_relations,National Labor Relations Board — Employee / Employer / Union Rights,https://www.nlrb.gov/about-nlrb/rights-we-protect/your-rights/employer-union-rights-and-obligations,NLRB,US_FEDERAL_LABOR_RELATIONS_AUTHORITY,True,False,,LOW,,,,,A,US federal government source; short terminology/provenance only,2026-08-10,False,False,False,False,
basic pay,basic pay,BENEFIT_OR_COMPENSATION,leave_compensation,OPM Pay & Leave / Leave Administration,https://www.opm.gov/policy-data-oversight/pay-leave/leave-administration/,OPM_PAY_LEAVE,US_FEDERAL_PERSONNEL_AUTHORITY,True,False,,LOW,,,,,A,US federal government source; short terminology/provenance only,2026-08-10,False,False,False,False,
beneficiary,beneficiary,BENEFIT_CONCEPT,employee_benefits,Employee Benefits Security Administration — Retirement Responsibilities / ERISA,https://www.dol.gov/agencies/ebsa/employers-and-advisers/small-business-owners/understanding-your-responsibilities,EBSA,US_FEDERAL_EMPLOYEE_BENEFITS_AUTHORITY,True,False,,HIGH,Single-token ordinary-English/title/name collision risk; retain as evidence only.,,,,A,US federal government source; short terminology/provenance only,2026-08-10,False,True,False,True,legal|finance_accounting_tax
blue collar position,blue collar position,HR_ADMIN_CONCEPT,classification,OPM Classification & Qualifications / Classifying General Schedule Positions,https://www.opm.gov/policy-data-oversight/classification-qualifications/classifying-general-schedule-positions/,OPM_CLASSIFICATION,US_FEDERAL_PERSONNEL_AUTHORITY,True,False,,LOW,,,,,A,US federal government source; short terminology/provenance only,2026-08-10,False,False,False,False,
break in service,break in service,PROCESS_EVENT,personnel_action,OPM Guide to Processing Personnel Actions — Glossary of Terms Used in Processing Personnel Actions,https://www.opm.gov/policy-data-oversight/data-analysis-documentation/personnel-documentation/processing-personnel-actions/gppa35.pdf,OPM_GPPA,US_FEDERAL_PERSONNEL_AUTHORITY,True,False,,LOW,,,,,A,US federal government work; terms only retained; no definitions redistributed,2026-08-10,False,False,False,False,
career appointment,career appointment,PROCESS_EVENT,personnel_action,OPM Guide to Processing Personnel Actions — Glossary of Terms Used in Processing Personnel Actions,https://www.opm.gov/policy-data-oversight/data-analysis-documentation/personnel-documentation/processing-personnel-actions/gppa35.pdf,OPM_GPPA,US_FEDERAL_PERSONNEL_AUTHORITY,True,False,,LOW,,,,,A,US federal government work; terms only retained; no definitions redistributed,2026-08-10,False,False,False,False,
career-conditional appointment,career-conditional appointment,PROCESS_EVENT,personnel_action,OPM Guide to Processing Personnel Actions — Glossary of Terms Used in Processing Personnel Actions,https://www.opm.gov/policy-data-oversight/data-analysis-documentation/personnel-documentation/processing-personnel-actions/gppa35.pdf,OPM_GPPA,US_FEDERAL_PERSONNEL_AUTHORITY,True,False,,LOW,,,,,A,US federal government work; terms only retained; no definitions redistributed,2026-08-10,False,False,False,False,
change in duty station,change in duty station,PROCESS_EVENT,personnel_action,OPM Guide to Processing Personnel Actions — Glossary of Terms Used in Processing Personnel Actions,https://www.opm.gov/policy-data-oversight/data-analysis-documentation/personnel-documentation/processing-personnel-actions/gppa35.pdf,OPM_GPPA,US_FEDERAL_PERSONNEL_AUTHORITY,True,False,,LOW,,,,,A,US federal government work; terms only retained; no definitions redistributed,2026-08-10,False,False,False,False,
change in hours,change in hours,PROCESS_EVENT,personnel_action,OPM Guide to Processing Personnel Actions — Glossary of Terms Used in Processing Personnel Actions,https://www.opm.gov/policy-data-oversight/data-analysis-documentation/personnel-documentation/processing-personnel-actions/gppa35.pdf,OPM_GPPA,US_FEDERAL_PERSONNEL_AUTHORITY,True,False,,LOW,,,,,A,US federal government work; terms only retained; no definitions redistributed,2026-08-10,False,False,False,False,
change in work schedule,change in work schedule,PROCESS_EVENT,personnel_action,OPM Guide to Processing Personnel Actions — Glossary of Terms Used in Processing Personnel Actions,https://www.opm.gov/policy-data-oversight/data-analysis-documentation/personnel-documentation/processing-personnel-actions/gppa35.pdf,OPM_GPPA,US_FEDERAL_PERSONNEL_AUTHORITY,True,False,,LOW,,,,,A,US federal government work; terms only retained; no definitions redistributed,2026-08-10,False,False,False,False,
change to lower grade,change to lower grade,PROCESS_EVENT,personnel_action,OPM Guide to Processing Personnel Actions — Glossary of Terms Used in Processing Personnel Actions,https://www.opm.gov/policy-data-oversight/data-analysis-documentation/personnel-documentation/processing-personnel-actions/gppa35.pdf,OPM_GPPA,US_FEDERAL_PERSONNEL_AUTHORITY,True,False,,LOW,,,,,A,US federal government work; terms only retained; no definitions redistributed,2026-08-10,False,False,False,False,
classification appeal,classification appeal,HR_ADMIN_CONCEPT,classification,OPM Classification & Qualifications / Classifying General Schedule Positions,https://www.opm.gov/policy-data-oversight/classification-qualifications/classifying-general-schedule-positions/,OPM_CLASSIFICATION,US_FEDERAL_PERSONNEL_AUTHORITY,True,False,,LOW,,,,,A,US federal government source; short terminology/provenance only,2026-08-10,False,False,False,False,
classification standard,classification standard,HR_ADMIN_CONCEPT,classification,OPM Classification & Qualifications / Classifying General Schedule Positions,https://www.opm.gov/policy-data-oversight/classification-qualifications/classifying-general-schedule-positions/,OPM_CLASSIFICATION,US_FEDERAL_PERSONNEL_AUTHORITY,True,False,,LOW,,,,,A,US federal government source; short terminology/provenance only,2026-08-10,False,False,False,False,
classifier,classifier,HR_ADMIN_CONCEPT,classification,OPM Classification & Qualifications / Classifying General Schedule Positions,https://www.opm.gov/policy-data-oversight/classification-qualifications/classifying-general-schedule-positions/,OPM_CLASSIFICATION,US_FEDERAL_PERSONNEL_AUTHORITY,True,False,,HIGH,Single-token ordinary-English/title/name collision risk; retain as evidence only.,,,,A,US federal government source; short terminology/provenance only,2026-08-10,False,False,False,False,
COBRA continuation coverage,cobra continuation coverage,BENEFIT_CONCEPT,employee_benefits,Employee Benefits Security Administration — Retirement Responsibilities / ERISA,https://www.dol.gov/agencies/ebsa/employers-and-advisers/small-business-owners/understanding-your-responsibilities,EBSA,US_FEDERAL_EMPLOYEE_BENEFITS_AUTHORITY,True,False,,LOW,,,,,A,US federal government source; short terminology/provenance only,2026-08-10,False,False,False,False,
collective bargaining,collective bargaining,LABOR_RELATIONS_CONCEPT,federal_labor_relations,Federal Labor Relations Authority — Federal Service Labor-Management Relations Statute,https://www.flra.gov/resources-training/resources/statute-and-regulations/statute/statute-subchapter-i-general-2,FLRA,US_FEDERAL_LABOR_RELATIONS_AUTHORITY,True,False,,LOW,,,,,A,US federal government/statutory source; short terminology/provenance only,2026-08-10,False,False,False,False,
collective bargaining,collective bargaining,LABOR_RELATIONS_CONCEPT,labor_relations,National Labor Relations Board — Employee / Employer / Union Rights,https://www.nlrb.gov/about-nlrb/rights-we-protect/your-rights/employer-union-rights-and-obligations,NLRB,US_FEDERAL_LABOR_RELATIONS_AUTHORITY,True,False,,LOW,,,,,A,US federal government source; short terminology/provenance only,2026-08-10,False,False,False,False,
collective bargaining agreement,collective bargaining agreement,LABOR_RELATIONS_CONCEPT,federal_labor_relations,Federal Labor Relations Authority — Federal Service Labor-Management Relations Statute,https://www.flra.gov/resources-training/resources/statute-and-regulations/statute/statute-subchapter-i-general-2,FLRA,US_FEDERAL_LABOR_RELATIONS_AUTHORITY,True,False,,LOW,,,,,A,US federal government/statutory source; short terminology/provenance only,2026-08-10,False,False,False,False,
collective bargaining agreement,collective bargaining agreement,LABOR_RELATIONS_CONCEPT,labor_relations,National Labor Relations Board — Employee / Employer / Union Rights,https://www.nlrb.gov/about-nlrb/rights-we-protect/your-rights/employer-union-rights-and-obligations,NLRB,US_FEDERAL_LABOR_RELATIONS_AUTHORITY,True,False,,LOW,,,,,A,US federal government source; short terminology/provenance only,2026-08-10,False,False,False,False,
compensatory time off,compensatory time off,BENEFIT_OR_COMPENSATION,leave_compensation,OPM Pay & Leave / Leave Administration,https://www.opm.gov/policy-data-oversight/pay-leave/leave-administration/,OPM_PAY_LEAVE,US_FEDERAL_PERSONNEL_AUTHORITY,True,False,,LOW,,,,,A,US federal government source; short terminology/provenance only,2026-08-10,False,False,False,False,
competitive appointment,competitive appointment,PROCESS_EVENT,personnel_action,OPM Guide to Processing Personnel Actions — Glossary of Terms Used in Processing Personnel Actions,https://www.opm.gov/policy-data-oversight/data-analysis-documentation/personnel-documentation/processing-personnel-actions/gppa35.pdf,OPM_GPPA,US_FEDERAL_PERSONNEL_AUTHORITY,True,False,,LOW,,,,,A,US federal government work; terms only retained; no definitions redistributed,2026-08-10,False,False,False,False,
concerted activity,concerted activity,LABOR_RELATIONS_CONCEPT,labor_relations,National Labor Relations Board — Employee / Employer / Union Rights,https://www.nlrb.gov/about-nlrb/rights-we-protect/your-rights/employer-union-rights-and-obligations,NLRB,US_FEDERAL_LABOR_RELATIONS_AUTHORITY,True,False,,LOW,,,,,A,US federal government source; short terminology/provenance only,2026-08-10,False,False,False,False,
conditions of employment,conditions of employment,LABOR_RELATIONS_CONCEPT,federal_labor_relations,Federal Labor Relations Authority — Federal Service Labor-Management Relations Statute,https://www.flra.gov/resources-training/resources/statute-and-regulations/statute/statute-subchapter-i-general-2,FLRA,US_FEDERAL_LABOR_RELATIONS_AUTHORITY,True,False,,LOW,,,,,A,US federal government/statutory source; short terminology/provenance only,2026-08-10,False,False,False,False,
continuation of group health benefits,continuation of group health benefits,LEAVE_CONCEPT,leave,"U.S. Department of Labor, Wage and Hour Division — FMLA",https://www.dol.gov/agencies/whd/fmla,DOL_FMLA,US_FEDERAL_LABOR_AUTHORITY,True,False,,LOW,,,,,A,US federal government source; short terminology/provenance only,2026-08-10,False,False,False,False,
conversion,conversion,PROCESS_EVENT,personnel_action,OPM Guide to Processing Personnel Actions — Glossary of Terms Used in Processing Personnel Actions,https://www.opm.gov/policy-data-oversight/data-analysis-documentation/personnel-documentation/processing-personnel-actions/gppa35.pdf,OPM_GPPA,US_FEDERAL_PERSONNEL_AUTHORITY,True,False,,MEDIUM,Single-token term; context remains important.,,,,A,US federal government work; terms only retained; no definitions redistributed,2026-08-10,False,False,False,False,
corrective action,corrective action,EMPLOYEE_RELATIONS_CONCEPT,employee_relations,U.S. Merit Systems Protection Board — Merit System Principles / Prohibited Personnel Practices,https://www.mspb.gov/ppp/ppp.htm,MSPB,US_FEDERAL_MERIT_SYSTEM_AUTHORITY,True,False,,LOW,,,,,A,US federal government source; short terminology/provenance only,2026-08-10,False,False,False,False,
covered employer,covered employer,LEAVE_CONCEPT,leave,"U.S. Department of Labor, Wage and Hour Division — FMLA",https://www.dol.gov/agencies/whd/fmla,DOL_FMLA,US_FEDERAL_LABOR_AUTHORITY,True,False,,LOW,,,,,A,US federal government source; short terminology/provenance only,2026-08-10,False,False,False,False,
credit hours,credit hours,BENEFIT_OR_COMPENSATION,leave_compensation,OPM Pay & Leave / Leave Administration,https://www.opm.gov/policy-data-oversight/pay-leave/leave-administration/,OPM_PAY_LEAVE,US_FEDERAL_PERSONNEL_AUTHORITY,True,False,,LOW,,,,,A,US federal government source; short terminology/provenance only,2026-08-10,False,False,True,False,higher_ed
critical element,critical element,PERFORMANCE_CONCEPT,performance_management,OPM Performance Management,https://www.opm.gov/policy-data-oversight/performance-management/,OPM_PERFORMANCE,US_FEDERAL_PERSONNEL_AUTHORITY,True,False,,LOW,,,,,A,US federal government source; short terminology/provenance only,2026-08-10,False,False,False,False,
current employee,current employee,EEO_CONCEPT,equal_employment_opportunity,U.S. Equal Employment Opportunity Commission — Employment Guidance,https://www.eeoc.gov/disability-discrimination-and-employment-decisions,EEOC,US_FEDERAL_EEO_AUTHORITY,True,False,,LOW,,,,,A,US federal government source; short terminology/provenance only,2026-08-10,False,False,False,False,
days away case,days away case,SAFETY_CONCEPT,workplace_safety,Occupational Safety and Health Administration — Injury and Illness Recordkeeping,https://www.osha.gov/laws-regs/regulations/standardnumber/1904/1904.7,OSHA,US_FEDERAL_WORKPLACE_SAFETY_AUTHORITY,True,False,,LOW,,,,,A,US federal government/regulatory source; short terminology/provenance only,2026-08-10,False,False,False,False,
days away from work,days away from work,SAFETY_CONCEPT,workplace_safety,Occupational Safety and Health Administration — Injury and Illness Recordkeeping,https://www.osha.gov/laws-regs/regulations/standardnumber/1904/1904.7,OSHA,US_FEDERAL_WORKPLACE_SAFETY_AUTHORITY,True,False,,LOW,,,,,A,US federal government/regulatory source; short terminology/provenance only,2026-08-10,False,False,False,False,
defined contribution plan,defined contribution plan,BENEFIT_CONCEPT,employee_benefits,Employee Benefits Security Administration — Retirement Responsibilities / ERISA,https://www.dol.gov/agencies/ebsa/employers-and-advisers/small-business-owners/understanding-your-responsibilities,EBSA,US_FEDERAL_EMPLOYEE_BENEFITS_AUTHORITY,True,False,,LOW,,,,,A,US federal government source; short terminology/provenance only,2026-08-10,False,False,False,False,
demotion,demotion,EMPLOYEE_RELATIONS_CONCEPT,employee_relations,U.S. Merit Systems Protection Board — Merit System Principles / Prohibited Personnel Practices,https://www.mspb.gov/ppp/ppp.htm,MSPB,US_FEDERAL_MERIT_SYSTEM_AUTHORITY,True,False,,MEDIUM,Single-token term; context remains important.,,,,A,US federal government source; short terminology/provenance only,2026-08-10,False,False,False,False,
demotion,demotion,PROCESS_EVENT,personnel_action,OPM Guide to Processing Personnel Actions — Glossary of Terms Used in Processing Personnel Actions,https://www.opm.gov/policy-data-oversight/data-analysis-documentation/personnel-documentation/processing-personnel-actions/gppa35.pdf,OPM_GPPA,US_FEDERAL_PERSONNEL_AUTHORITY,True,False,,MEDIUM,Single-token term; context remains important.,,,,A,US federal government work; terms only retained; no definitions redistributed,2026-08-10,False,False,False,False,
designation notice,designation notice,LEAVE_CONCEPT,leave,"U.S. Department of Labor, Wage and Hour Division — FMLA",https://www.dol.gov/agencies/whd/fmla,DOL_FMLA,US_FEDERAL_LABOR_AUTHORITY,True,False,,LOW,,,,,A,US federal government source; short terminology/provenance only,2026-08-10,False,False,False,False,
detail,detail,PROCESS_EVENT,personnel_action,OPM Guide to Processing Personnel Actions — Glossary of Terms Used in Processing Personnel Actions,https://www.opm.gov/policy-data-oversight/data-analysis-documentation/personnel-documentation/processing-personnel-actions/gppa35.pdf,OPM_GPPA,US_FEDERAL_PERSONNEL_AUTHORITY,True,False,,HIGH,Single-token ordinary-English/title/name collision risk; retain as evidence only.,,,,A,US federal government work; terms only retained; no definitions redistributed,2026-08-10,False,False,False,False,
developing,developing,PERFORMANCE_CONCEPT,performance_management,OPM Performance Management,https://www.opm.gov/policy-data-oversight/performance-management/,OPM_PERFORMANCE,US_FEDERAL_PERSONNEL_AUTHORITY,True,False,,HIGH,Single-token ordinary-English/title/name collision risk; retain as evidence only.,,,,A,US federal government source; short terminology/provenance only,2026-08-10,False,False,False,False,
disability discrimination,disability discrimination,EEO_CONCEPT,equal_employment_opportunity,U.S. Equal Employment Opportunity Commission — Employment Guidance,https://www.eeoc.gov/disability-discrimination-and-employment-decisions,EEOC,US_FEDERAL_EEO_AUTHORITY,True,False,,LOW,,,,,A,US federal government source; short terminology/provenance only,2026-08-10,False,False,False,False,
disciplinary action,disciplinary action,EMPLOYEE_RELATIONS_CONCEPT,employee_relations,U.S. Merit Systems Protection Board — Merit System Principles / Prohibited Personnel Practices,https://www.mspb.gov/ppp/ppp.htm,MSPB,US_FEDERAL_MERIT_SYSTEM_AUTHORITY,True,False,,LOW,,,,,A,US federal government source; short terminology/provenance only,2026-08-10,False,False,False,False,
economic striker,economic striker,LABOR_RELATIONS_CONCEPT,labor_relations,National Labor Relations Board — Employee / Employer / Union Rights,https://www.nlrb.gov/about-nlrb/rights-we-protect/your-rights/employer-union-rights-and-obligations,NLRB,US_FEDERAL_LABOR_RELATIONS_AUTHORITY,True,False,,LOW,,,,,A,US federal government source; short terminology/provenance only,2026-08-10,False,False,False,False,
EEO,eeo,EEO_CONCEPT,equal_employment_opportunity,U.S. Equal Employment Opportunity Commission — Employment Guidance,https://www.eeoc.gov/disability-discrimination-and-employment-decisions,EEOC,US_FEDERAL_EEO_AUTHORITY,True,False,,HIGH,Acronym/initialism; may have unrelated expansions in other domains.,,EEO,,A,US federal government source; short terminology/provenance only,2026-08-10,False,False,False,False,
election petition,election petition,LABOR_RELATIONS_CONCEPT,labor_relations,National Labor Relations Board — Employee / Employer / Union Rights,https://www.nlrb.gov/about-nlrb/rights-we-protect/your-rights/employer-union-rights-and-obligations,NLRB,US_FEDERAL_LABOR_RELATIONS_AUTHORITY,True,False,,LOW,,,,,A,US federal government source; short terminology/provenance only,2026-08-10,False,False,False,False,
eligibility notice,eligibility notice,LEAVE_CONCEPT,leave,"U.S. Department of Labor, Wage and Hour Division — FMLA",https://www.dol.gov/agencies/whd/fmla,DOL_FMLA,US_FEDERAL_LABOR_AUTHORITY,True,False,,LOW,,,,,A,US federal government source; short terminology/provenance only,2026-08-10,False,False,False,False,
eligible employee,eligible employee,LEAVE_CONCEPT,leave,"U.S. Department of Labor, Wage and Hour Division — FMLA",https://www.dol.gov/agencies/whd/fmla,DOL_FMLA,US_FEDERAL_LABOR_AUTHORITY,True,False,,LOW,,,,,A,US federal government source; short terminology/provenance only,2026-08-10,False,False,False,False,
employee benefit plan,employee benefit plan,BENEFIT_CONCEPT,employee_benefits,Employee Benefits Security Administration — Retirement Responsibilities / ERISA,https://www.dol.gov/agencies/ebsa/employers-and-advisers/small-business-owners/understanding-your-responsibilities,EBSA,US_FEDERAL_EMPLOYEE_BENEFITS_AUTHORITY,True,False,,LOW,,,,,A,US federal government source; short terminology/provenance only,2026-08-10,False,False,False,False,
Employee Retirement Income Security Act,employee retirement income security act,BENEFIT_CONCEPT,employee_benefits,Employee Benefits Security Administration — Retirement Responsibilities / ERISA,https://www.dol.gov/agencies/ebsa/employers-and-advisers/small-business-owners/understanding-your-responsibilities,EBSA,US_FEDERAL_EMPLOYEE_BENEFITS_AUTHORITY,True,False,,LOW,,,,,A,US federal government source; short terminology/provenance only,2026-08-10,False,False,False,True,finance_accounting_tax
employment discrimination,employment discrimination,EEO_CONCEPT,equal_employment_opportunity,U.S. Equal Employment Opportunity Commission — Employment Guidance,https://www.eeoc.gov/disability-discrimination-and-employment-decisions,EEOC,US_FEDERAL_EEO_AUTHORITY,True,False,,LOW,,,,,A,US federal government source; short terminology/provenance only,2026-08-10,False,False,False,False,
equal employment opportunity,equal employment opportunity,EEO_CONCEPT,equal_employment_opportunity,U.S. Equal Employment Opportunity Commission — Employment Guidance,https://www.eeoc.gov/disability-discrimination-and-employment-decisions,EEOC,US_FEDERAL_EEO_AUTHORITY,True,False,,LOW,,,,,A,US federal government source; short terminology/provenance only,2026-08-10,False,False,False,False,
equivalent position,equivalent position,LEAVE_CONCEPT,leave,"U.S. Department of Labor, Wage and Hour Division — FMLA",https://www.dol.gov/agencies/whd/fmla,DOL_FMLA,US_FEDERAL_LABOR_AUTHORITY,True,False,,LOW,,,,,A,US federal government source; short terminology/provenance only,2026-08-10,False,False,False,False,
ERISA,erisa,BENEFIT_CONCEPT,employee_benefits,Employee Benefits Security Administration — Retirement Responsibilities / ERISA,https://www.dol.gov/agencies/ebsa/employers-and-advisers/small-business-owners/understanding-your-responsibilities,EBSA,US_FEDERAL_EMPLOYEE_BENEFITS_AUTHORITY,True,False,,HIGH,Acronym/initialism; may have unrelated expansions in other domains.,,ERISA,,A,US federal government source; short terminology/provenance only,2026-08-10,True,False,False,True,census|finance_accounting_tax
excepted appointment,excepted appointment,PROCESS_EVENT,personnel_action,OPM Guide to Processing Personnel Actions — Glossary of Terms Used in Processing Personnel Actions,https://www.opm.gov/policy-data-oversight/data-analysis-documentation/personnel-documentation/processing-personnel-actions/gppa35.pdf,OPM_GPPA,US_FEDERAL_PERSONNEL_AUTHORITY,True,False,,LOW,,,,,A,US federal government work; terms only retained; no definitions redistributed,2026-08-10,False,False,False,False,
exclusive representative,exclusive representative,LABOR_RELATIONS_CONCEPT,federal_labor_relations,Federal Labor Relations Authority — Federal Service Labor-Management Relations Statute,https://www.flra.gov/resources-training/resources/statute-and-regulations/statute/statute-subchapter-i-general-2,FLRA,US_FEDERAL_LABOR_RELATIONS_AUTHORITY,True,False,,LOW,,,,,A,US federal government/statutory source; short terminology/provenance only,2026-08-10,False,False,False,False,
extension,extension,PROCESS_EVENT,personnel_action,OPM Guide to Processing Personnel Actions — Glossary of Terms Used in Processing Personnel Actions,https://www.opm.gov/policy-data-oversight/data-analysis-documentation/personnel-documentation/processing-personnel-actions/gppa35.pdf,OPM_GPPA,US_FEDERAL_PERSONNEL_AUTHORITY,True,False,,MEDIUM,Single-token term; context remains important.,,,,A,US federal government work; terms only retained; no definitions redistributed,2026-08-10,False,False,False,False,
Family and Medical Leave Act,family and medical leave act,LEAVE_CONCEPT,leave,"U.S. Department of Labor, Wage and Hour Division — FMLA",https://www.dol.gov/agencies/whd/fmla,DOL_FMLA,US_FEDERAL_LABOR_AUTHORITY,True,False,,LOW,,,,,A,US federal government source; short terminology/provenance only,2026-08-10,False,False,False,False,
Family and Medical Leave Act,family and medical leave act,BENEFIT_OR_COMPENSATION,leave_compensation,OPM Pay & Leave / Leave Administration,https://www.opm.gov/policy-data-oversight/pay-leave/leave-administration/,OPM_PAY_LEAVE,US_FEDERAL_PERSONNEL_AUTHORITY,True,False,,LOW,,,,,A,US federal government source; short terminology/provenance only,2026-08-10,False,False,False,False,
Federal Service Impasses Panel,federal service impasses panel,LABOR_RELATIONS_CONCEPT,federal_labor_relations,Federal Labor Relations Authority — Federal Service Labor-Management Relations Statute,https://www.flra.gov/resources-training/resources/statute-and-regulations/statute/statute-subchapter-i-general-2,FLRA,US_FEDERAL_LABOR_RELATIONS_AUTHORITY,True,False,,LOW,,,,,A,US federal government/statutory source; short terminology/provenance only,2026-08-10,False,False,False,False,
Federal Wage System,federal wage system,HR_ADMIN_CONCEPT,classification,OPM Classification & Qualifications / Classifying General Schedule Positions,https://www.opm.gov/policy-data-oversight/classification-qualifications/classifying-general-schedule-positions/,OPM_CLASSIFICATION,US_FEDERAL_PERSONNEL_AUTHORITY,True,False,,LOW,,,,,A,US federal government source; short terminology/provenance only,2026-08-10,False,False,False,False,
fiduciary,fiduciary,BENEFIT_CONCEPT,employee_benefits,Employee Benefits Security Administration — Retirement Responsibilities / ERISA,https://www.dol.gov/agencies/ebsa/employers-and-advisers/small-business-owners/understanding-your-responsibilities,EBSA,US_FEDERAL_EMPLOYEE_BENEFITS_AUTHORITY,True,False,,HIGH,Single-token ordinary-English/title/name collision risk; retain as evidence only.,,,,A,US federal government source; short terminology/provenance only,2026-08-10,False,False,False,False,
first aid,first aid,SAFETY_CONCEPT,workplace_safety,Occupational Safety and Health Administration — Injury and Illness Recordkeeping,https://www.osha.gov/laws-regs/regulations/standardnumber/1904/1904.7,OSHA,US_FEDERAL_WORKPLACE_SAFETY_AUTHORITY,True,False,,LOW,,,,,A,US federal government/regulatory source; short terminology/provenance only,2026-08-10,False,False,False,False,
fitness-for-duty certification,fitness-for-duty certification,LEAVE_CONCEPT,leave,"U.S. Department of Labor, Wage and Hour Division — FMLA",https://www.dol.gov/agencies/whd/fmla,DOL_FMLA,US_FEDERAL_LABOR_AUTHORITY,True,False,,LOW,,,,,A,US federal government source; short terminology/provenance only,2026-08-10,False,False,False,False,
FMLA,fmla,LEAVE_CONCEPT,leave,"U.S. Department of Labor, Wage and Hour Division — FMLA",https://www.dol.gov/agencies/whd/fmla,DOL_FMLA,US_FEDERAL_LABOR_AUTHORITY,True,False,,HIGH,Acronym/initialism; may have unrelated expansions in other domains.,,FMLA,,A,US federal government source; short terminology/provenance only,2026-08-10,False,False,False,False,
FMLA,fmla,BENEFIT_OR_COMPENSATION,leave_compensation,OPM Pay & Leave / Leave Administration,https://www.opm.gov/policy-data-oversight/pay-leave/leave-administration/,OPM_PAY_LEAVE,US_FEDERAL_PERSONNEL_AUTHORITY,True,False,,HIGH,Acronym/initialism; may have unrelated expansions in other domains.,,FMLA,,A,US federal government source; short terminology/provenance only,2026-08-10,False,False,False,False,
FMLA leave,fmla leave,LEAVE_CONCEPT,leave,"U.S. Department of Labor, Wage and Hour Division — FMLA",https://www.dol.gov/agencies/whd/fmla,DOL_FMLA,US_FEDERAL_LABOR_AUTHORITY,True,False,,LOW,,,,,A,US federal government source; short terminology/provenance only,2026-08-10,False,False,False,False,
Form 5500,form 5500,BENEFIT_CONCEPT,employee_benefits,Employee Benefits Security Administration — Retirement Responsibilities / ERISA,https://www.dol.gov/agencies/ebsa/employers-and-advisers/small-business-owners/understanding-your-responsibilities,EBSA,US_FEDERAL_EMPLOYEE_BENEFITS_AUTHORITY,True,False,,LOW,,,,,A,US federal government source; short terminology/provenance only,2026-08-10,False,False,False,False,
former employee,former employee,EEO_CONCEPT,equal_employment_opportunity,U.S. Equal Employment Opportunity Commission — Employment Guidance,https://www.eeoc.gov/disability-discrimination-and-employment-decisions,EEOC,US_FEDERAL_EEO_AUTHORITY,True,False,,LOW,,,,,A,US federal government source; short terminology/provenance only,2026-08-10,False,False,False,False,
general recording criteria,general recording criteria,SAFETY_CONCEPT,workplace_safety,Occupational Safety and Health Administration — Injury and Illness Recordkeeping,https://www.osha.gov/laws-regs/regulations/standardnumber/1904/1904.7,OSHA,US_FEDERAL_WORKPLACE_SAFETY_AUTHORITY,True,False,,LOW,,,,,A,US federal government/regulatory source; short terminology/provenance only,2026-08-10,False,False,False,False,
General Schedule,general schedule,HR_ADMIN_CONCEPT,classification,OPM Classification & Qualifications / Classifying General Schedule Positions,https://www.opm.gov/policy-data-oversight/classification-qualifications/classifying-general-schedule-positions/,OPM_CLASSIFICATION,US_FEDERAL_PERSONNEL_AUTHORITY,True,False,,LOW,,,,,A,US federal government source; short terminology/provenance only,2026-08-10,False,False,False,False,
General Schedule pay system,general schedule pay system,HR_ADMIN_CONCEPT,classification,OPM Classification & Qualifications / Classifying General Schedule Positions,https://www.opm.gov/policy-data-oversight/classification-qualifications/classifying-general-schedule-positions/,OPM_CLASSIFICATION,US_FEDERAL_PERSONNEL_AUTHORITY,True,False,,LOW,,,,,A,US federal government source; short terminology/provenance only,2026-08-10,False,False,False,False,
goal setting,goal setting,PERFORMANCE_CONCEPT,performance_management,OPM Performance Management,https://www.opm.gov/policy-data-oversight/performance-management/,OPM_PERFORMANCE,US_FEDERAL_PERSONNEL_AUTHORITY,True,False,,LOW,,,,,A,US federal government source; short terminology/provenance only,2026-08-10,False,False,False,False,
good faith bargaining,good faith bargaining,LABOR_RELATIONS_CONCEPT,labor_relations,National Labor Relations Board — Employee / Employer / Union Rights,https://www.nlrb.gov/about-nlrb/rights-we-protect/your-rights/employer-union-rights-and-obligations,NLRB,US_FEDERAL_LABOR_RELATIONS_AUTHORITY,True,False,,LOW,,,,,A,US federal government source; short terminology/provenance only,2026-08-10,False,False,False,False,
grade,grade,HR_ADMIN_CONCEPT,classification,OPM Classification & Qualifications / Classifying General Schedule Positions,https://www.opm.gov/policy-data-oversight/classification-qualifications/classifying-general-schedule-positions/,OPM_CLASSIFICATION,US_FEDERAL_PERSONNEL_AUTHORITY,True,False,,HIGH,Single-token ordinary-English/title/name collision risk; retain as evidence only.,,,,A,US federal government source; short terminology/provenance only,2026-08-10,True,False,False,False,census
grade level,grade level,HR_ADMIN_CONCEPT,classification,OPM Classification & Qualifications / Classifying General Schedule Positions,https://www.opm.gov/policy-data-oversight/classification-qualifications/classifying-general-schedule-positions/,OPM_CLASSIFICATION,US_FEDERAL_PERSONNEL_AUTHORITY,True,False,,LOW,,,,,A,US federal government source; short terminology/provenance only,2026-08-10,False,False,False,False,
grade retention,grade retention,BENEFIT_OR_COMPENSATION,leave_compensation,OPM Pay & Leave / Leave Administration,https://www.opm.gov/policy-data-oversight/pay-leave/leave-administration/,OPM_PAY_LEAVE,US_FEDERAL_PERSONNEL_AUTHORITY,True,False,,LOW,,,,,A,US federal government source; short terminology/provenance only,2026-08-10,False,False,False,False,
grievance,grievance,LABOR_RELATIONS_CONCEPT,federal_labor_relations,Federal Labor Relations Authority — Federal Service Labor-Management Relations Statute,https://www.flra.gov/resources-training/resources/statute-and-regulations/statute/statute-subchapter-i-general-2,FLRA,US_FEDERAL_LABOR_RELATIONS_AUTHORITY,True,False,,HIGH,Single-token ordinary-English/title/name collision risk; retain as evidence only.,,,,A,US federal government/statutory source; short terminology/provenance only,2026-08-10,False,False,False,False,
grievance,grievance,LABOR_RELATIONS_CONCEPT,labor_relations,National Labor Relations Board — Employee / Employer / Union Rights,https://www.nlrb.gov/about-nlrb/rights-we-protect/your-rights/employer-union-rights-and-obligations,NLRB,US_FEDERAL_LABOR_RELATIONS_AUTHORITY,True,False,,HIGH,Single-token ordinary-English/title/name collision risk; retain as evidence only.,,,,A,US federal government source; short terminology/provenance only,2026-08-10,False,False,False,False,
group health plan,group health plan,BENEFIT_CONCEPT,employee_benefits,Employee Benefits Security Administration — Retirement Responsibilities / ERISA,https://www.dol.gov/agencies/ebsa/employers-and-advisers/small-business-owners/understanding-your-responsibilities,EBSA,US_FEDERAL_EMPLOYEE_BENEFITS_AUTHORITY,True,False,,LOW,,,,,A,US federal government source; short terminology/provenance only,2026-08-10,False,False,False,False,
harassment,harassment,EEO_CONCEPT,equal_employment_opportunity,U.S. Equal Employment Opportunity Commission — Employment Guidance,https://www.eeoc.gov/disability-discrimination-and-employment-decisions,EEOC,US_FEDERAL_EEO_AUTHORITY,True,False,,HIGH,Single-token ordinary-English/title/name collision risk; retain as evidence only.,,,,A,US federal government source; short terminology/provenance only,2026-08-10,False,True,False,False,legal
holiday premium pay,holiday premium pay,BENEFIT_OR_COMPENSATION,leave_compensation,OPM Pay & Leave / Leave Administration,https://www.opm.gov/policy-data-oversight/pay-leave/leave-administration/,OPM_PAY_LEAVE,US_FEDERAL_PERSONNEL_AUTHORITY,True,False,,LOW,,,,,A,US federal government source; short terminology/provenance only,2026-08-10,False,False,False,False,
individual benefit statement,individual benefit statement,BENEFIT_CONCEPT,employee_benefits,Employee Benefits Security Administration — Retirement Responsibilities / ERISA,https://www.dol.gov/agencies/ebsa/employers-and-advisers/small-business-owners/understanding-your-responsibilities,EBSA,US_FEDERAL_EMPLOYEE_BENEFITS_AUTHORITY,True,False,,LOW,,,,,A,US federal government source; short terminology/provenance only,2026-08-10,False,False,False,False,
interactive process,interactive process,EEO_CONCEPT,equal_employment_opportunity,U.S. Equal Employment Opportunity Commission — Employment Guidance,https://www.eeoc.gov/disability-discrimination-and-employment-decisions,EEOC,US_FEDERAL_EEO_AUTHORITY,True,False,,LOW,,,,,A,US federal government source; short terminology/provenance only,2026-08-10,False,False,False,False,
intermittent leave,intermittent leave,LEAVE_CONCEPT,leave,"U.S. Department of Labor, Wage and Hour Division — FMLA",https://www.dol.gov/agencies/whd/fmla,DOL_FMLA,US_FEDERAL_LABOR_AUTHORITY,True,False,,LOW,,,,,A,US federal government source; short terminology/provenance only,2026-08-10,False,False,False,False,
job applicant,job applicant,EEO_CONCEPT,equal_employment_opportunity,U.S. Equal Employment Opportunity Commission — Employment Guidance,https://www.eeoc.gov/disability-discrimination-and-employment-decisions,EEOC,US_FEDERAL_EEO_AUTHORITY,True,False,,LOW,,,,,A,US federal government source; short terminology/provenance only,2026-08-10,False,False,False,False,
job grading,job grading,HR_ADMIN_CONCEPT,classification,OPM Classification & Qualifications / Classifying General Schedule Positions,https://www.opm.gov/policy-data-oversight/classification-qualifications/classifying-general-schedule-positions/,OPM_CLASSIFICATION,US_FEDERAL_PERSONNEL_AUTHORITY,True,False,,LOW,,,,,A,US federal government source; short terminology/provenance only,2026-08-10,False,False,False,False,
job transfer,job transfer,SAFETY_CONCEPT,workplace_safety,Occupational Safety and Health Administration — Injury and Illness Recordkeeping,https://www.osha.gov/laws-regs/regulations/standardnumber/1904/1904.7,OSHA,US_FEDERAL_WORKPLACE_SAFETY_AUTHORITY,True,False,,LOW,,,,,A,US federal government/regulatory source; short terminology/provenance only,2026-08-10,False,False,False,False,
job-protected leave,job-protected leave,LEAVE_CONCEPT,leave,"U.S. Department of Labor, Wage and Hour Division — FMLA",https://www.dol.gov/agencies/whd/fmla,DOL_FMLA,US_FEDERAL_LABOR_AUTHORITY,True,False,,LOW,,,,,A,US federal government source; short terminology/provenance only,2026-08-10,False,False,False,False,
labor organization,labor organization,LABOR_RELATIONS_CONCEPT,federal_labor_relations,Federal Labor Relations Authority — Federal Service Labor-Management Relations Statute,https://www.flra.gov/resources-training/resources/statute-and-regulations/statute/statute-subchapter-i-general-2,FLRA,US_FEDERAL_LABOR_RELATIONS_AUTHORITY,True,False,,LOW,,,,,A,US federal government/statutory source; short terminology/provenance only,2026-08-10,False,False,False,False,
leave bank,leave bank,BENEFIT_OR_COMPENSATION,leave_compensation,OPM Pay & Leave / Leave Administration,https://www.opm.gov/policy-data-oversight/pay-leave/leave-administration/,OPM_PAY_LEAVE,US_FEDERAL_PERSONNEL_AUTHORITY,True,False,,LOW,,,,,A,US federal government source; short terminology/provenance only,2026-08-10,False,False,False,False,
leave sharing,leave sharing,BENEFIT_OR_COMPENSATION,leave_compensation,OPM Pay & Leave / Leave Administration,https://www.opm.gov/policy-data-oversight/pay-leave/leave-administration/,OPM_PAY_LEAVE,US_FEDERAL_PERSONNEL_AUTHORITY,True,False,,LOW,,,,,A,US federal government source; short terminology/provenance only,2026-08-10,False,False,False,False,
leave transfer,leave transfer,BENEFIT_OR_COMPENSATION,leave_compensation,OPM Pay & Leave / Leave Administration,https://www.opm.gov/policy-data-oversight/pay-leave/leave-administration/,OPM_PAY_LEAVE,US_FEDERAL_PERSONNEL_AUTHORITY,True,False,,LOW,,,,,A,US federal government source; short terminology/provenance only,2026-08-10,False,False,False,False,
leave without pay,leave without pay,BENEFIT_OR_COMPENSATION,leave_compensation,OPM Pay & Leave / Leave Administration,https://www.opm.gov/policy-data-oversight/pay-leave/leave-administration/,OPM_PAY_LEAVE,US_FEDERAL_PERSONNEL_AUTHORITY,True,False,,LOW,,,,,A,US federal government source; short terminology/provenance only,2026-08-10,False,False,False,False,
locality pay,locality pay,BENEFIT_OR_COMPENSATION,leave_compensation,OPM Pay & Leave / Leave Administration,https://www.opm.gov/policy-data-oversight/pay-leave/leave-administration/,OPM_PAY_LEAVE,US_FEDERAL_PERSONNEL_AUTHORITY,True,False,,LOW,,,,,A,US federal government source; short terminology/provenance only,2026-08-10,False,False,False,False,
loss of consciousness,loss of consciousness,SAFETY_CONCEPT,workplace_safety,Occupational Safety and Health Administration — Injury and Illness Recordkeeping,https://www.osha.gov/laws-regs/regulations/standardnumber/1904/1904.7,OSHA,US_FEDERAL_WORKPLACE_SAFETY_AUTHORITY,True,False,,LOW,,,,,A,US federal government/regulatory source; short terminology/provenance only,2026-08-10,False,False,False,False,
LWOP,lwop,BENEFIT_OR_COMPENSATION,leave_compensation,OPM Pay & Leave / Leave Administration,https://www.opm.gov/policy-data-oversight/pay-leave/leave-administration/,OPM_PAY_LEAVE,US_FEDERAL_PERSONNEL_AUTHORITY,True,False,,HIGH,Acronym/initialism; may have unrelated expansions in other domains.,,LWOP,,A,US federal government source; short terminology/provenance only,2026-08-10,False,False,False,False,
mandatory subjects of bargaining,mandatory subjects of bargaining,LABOR_RELATIONS_CONCEPT,labor_relations,National Labor Relations Board — Employee / Employer / Union Rights,https://www.nlrb.gov/about-nlrb/rights-we-protect/your-rights/employer-union-rights-and-obligations,NLRB,US_FEDERAL_LABOR_RELATIONS_AUTHORITY,True,False,,LOW,,,,,A,US federal government source; short terminology/provenance only,2026-08-10,False,False,False,False,
medical certification,medical certification,LEAVE_CONCEPT,leave,"U.S. Department of Labor, Wage and Hour Division — FMLA",https://www.dol.gov/agencies/whd/fmla,DOL_FMLA,US_FEDERAL_LABOR_AUTHORITY,True,False,,LOW,,,,,A,US federal government source; short terminology/provenance only,2026-08-10,False,False,False,False,
medical treatment beyond first aid,medical treatment beyond first aid,SAFETY_CONCEPT,workplace_safety,Occupational Safety and Health Administration — Injury and Illness Recordkeeping,https://www.osha.gov/laws-regs/regulations/standardnumber/1904/1904.7,OSHA,US_FEDERAL_WORKPLACE_SAFETY_AUTHORITY,True,False,,LOW,,,,,A,US federal government/regulatory source; short terminology/provenance only,2026-08-10,False,False,False,False,
Merit System Principles,merit system principles,EMPLOYEE_RELATIONS_CONCEPT,employee_relations,U.S. Merit Systems Protection Board — Merit System Principles / Prohibited Personnel Practices,https://www.mspb.gov/ppp/ppp.htm,MSPB,US_FEDERAL_MERIT_SYSTEM_AUTHORITY,True,False,,LOW,,,,,A,US federal government source; short terminology/provenance only,2026-08-10,False,False,False,False,
merit-based selection,merit-based selection,EMPLOYEE_RELATIONS_CONCEPT,employee_relations,U.S. Merit Systems Protection Board — Merit System Principles / Prohibited Personnel Practices,https://www.mspb.gov/ppp/ppp.htm,MSPB,US_FEDERAL_MERIT_SYSTEM_AUTHORITY,True,False,,LOW,,,,,A,US federal government source; short terminology/provenance only,2026-08-10,False,False,False,False,
military caregiver leave,military caregiver leave,LEAVE_CONCEPT,leave,"U.S. Department of Labor, Wage and Hour Division — FMLA",https://www.dol.gov/agencies/whd/fmla,DOL_FMLA,US_FEDERAL_LABOR_AUTHORITY,True,False,,LOW,,,,,A,US federal government source; short terminology/provenance only,2026-08-10,False,False,False,False,
military leave,military leave,BENEFIT_OR_COMPENSATION,leave_compensation,OPM Pay & Leave / Leave Administration,https://www.opm.gov/policy-data-oversight/pay-leave/leave-administration/,OPM_PAY_LEAVE,US_FEDERAL_PERSONNEL_AUTHORITY,True,False,,LOW,,,,,A,US federal government source; short terminology/provenance only,2026-08-10,False,False,False,False,
monitoring,monitoring,PERFORMANCE_CONCEPT,performance_management,OPM Performance Management,https://www.opm.gov/policy-data-oversight/performance-management/,OPM_PERFORMANCE,US_FEDERAL_PERSONNEL_AUTHORITY,True,False,,HIGH,Single-token ordinary-English/title/name collision risk; retain as evidence only.,,,,A,US federal government source; short terminology/provenance only,2026-08-10,False,False,False,False,
MSP,msp,EMPLOYEE_RELATIONS_CONCEPT,employee_relations,U.S. Merit Systems Protection Board — Merit System Principles / Prohibited Personnel Practices,https://www.mspb.gov/ppp/ppp.htm,MSPB,US_FEDERAL_MERIT_SYSTEM_AUTHORITY,True,False,,HIGH,Acronym/initialism; may have unrelated expansions in other domains.,,MSP,,A,US federal government source; short terminology/provenance only,2026-08-10,False,False,False,False,
nature of action,nature of action,PROCESS_EVENT,personnel_action,OPM Guide to Processing Personnel Actions — Glossary of Terms Used in Processing Personnel Actions,https://www.opm.gov/policy-data-oversight/data-analysis-documentation/personnel-documentation/processing-personnel-actions/gppa35.pdf,OPM_GPPA,US_FEDERAL_PERSONNEL_AUTHORITY,True,False,,LOW,,,,,A,US federal government work; terms only retained; no definitions redistributed,2026-08-10,False,False,False,False,
nature of action code,nature of action code,PROCESS_EVENT,personnel_action,OPM Guide to Processing Personnel Actions — Glossary of Terms Used in Processing Personnel Actions,https://www.opm.gov/policy-data-oversight/data-analysis-documentation/personnel-documentation/processing-personnel-actions/gppa35.pdf,OPM_GPPA,US_FEDERAL_PERSONNEL_AUTHORITY,True,False,,LOW,,,,,A,US federal government work; terms only retained; no definitions redistributed,2026-08-10,False,False,False,False,
negotiability,negotiability,LABOR_RELATIONS_CONCEPT,federal_labor_relations,Federal Labor Relations Authority — Federal Service Labor-Management Relations Statute,https://www.flra.gov/resources-training/resources/statute-and-regulations/statute/statute-subchapter-i-general-2,FLRA,US_FEDERAL_LABOR_RELATIONS_AUTHORITY,True,False,,MEDIUM,Single-token term; context remains important.,,,,A,US federal government/statutory source; short terminology/provenance only,2026-08-10,False,False,False,False,
negotiated grievance procedure,negotiated grievance procedure,LABOR_RELATIONS_CONCEPT,federal_labor_relations,Federal Labor Relations Authority — Federal Service Labor-Management Relations Statute,https://www.flra.gov/resources-training/resources/statute-and-regulations/statute/statute-subchapter-i-general-2,FLRA,US_FEDERAL_LABOR_RELATIONS_AUTHORITY,True,False,,LOW,,,,,A,US federal government/statutory source; short terminology/provenance only,2026-08-10,False,False,False,False,
new case,new case,SAFETY_CONCEPT,workplace_safety,Occupational Safety and Health Administration — Injury and Illness Recordkeeping,https://www.osha.gov/laws-regs/regulations/standardnumber/1904/1904.7,OSHA,US_FEDERAL_WORKPLACE_SAFETY_AUTHORITY,True,False,,LOW,,,,,A,US federal government/regulatory source; short terminology/provenance only,2026-08-10,False,False,False,False,
night pay,night pay,BENEFIT_OR_COMPENSATION,leave_compensation,OPM Pay & Leave / Leave Administration,https://www.opm.gov/policy-data-oversight/pay-leave/leave-administration/,OPM_PAY_LEAVE,US_FEDERAL_PERSONNEL_AUTHORITY,True,False,,LOW,,,,,A,US federal government source; short terminology/provenance only,2026-08-10,False,False,False,False,
noncompetitive action,noncompetitive action,PROCESS_EVENT,personnel_action,OPM Guide to Processing Personnel Actions — Glossary of Terms Used in Processing Personnel Actions,https://www.opm.gov/policy-data-oversight/data-analysis-documentation/personnel-documentation/processing-personnel-actions/gppa35.pdf,OPM_GPPA,US_FEDERAL_PERSONNEL_AUTHORITY,True,False,,LOW,,,,,A,US federal government work; terms only retained; no definitions redistributed,2026-08-10,False,False,False,False,
Notification of Personnel Action,notification of personnel action,PROCESS_EVENT,personnel_action,OPM Guide to Processing Personnel Actions — Glossary of Terms Used in Processing Personnel Actions,https://www.opm.gov/policy-data-oversight/data-analysis-documentation/personnel-documentation/processing-personnel-actions/gppa35.pdf,OPM_GPPA,US_FEDERAL_PERSONNEL_AUTHORITY,True,False,,LOW,,,,,A,US federal government work; terms only retained; no definitions redistributed,2026-08-10,False,False,False,False,
occupational family,occupational family,HR_ADMIN_CONCEPT,classification,OPM Classification & Qualifications / Classifying General Schedule Positions,https://www.opm.gov/policy-data-oversight/classification-qualifications/classifying-general-schedule-positions/,OPM_CLASSIFICATION,US_FEDERAL_PERSONNEL_AUTHORITY,True,False,,LOW,,,,,A,US federal government source; short terminology/provenance only,2026-08-10,False,False,False,False,
occupational group,occupational group,HR_ADMIN_CONCEPT,classification,OPM Classification & Qualifications / Classifying General Schedule Positions,https://www.opm.gov/policy-data-oversight/classification-qualifications/classifying-general-schedule-positions/,OPM_CLASSIFICATION,US_FEDERAL_PERSONNEL_AUTHORITY,True,False,,LOW,,,,,A,US federal government source; short terminology/provenance only,2026-08-10,False,False,False,False,
occupational series,occupational series,HR_ADMIN_CONCEPT,classification,OPM Classification & Qualifications / Classifying General Schedule Positions,https://www.opm.gov/policy-data-oversight/classification-qualifications/classifying-general-schedule-positions/,OPM_CLASSIFICATION,US_FEDERAL_PERSONNEL_AUTHORITY,True,False,,LOW,,,,,A,US federal government source; short terminology/provenance only,2026-08-10,False,False,False,False,
official position title,official position title,HR_ADMIN_CONCEPT,classification,OPM Classification & Qualifications / Classifying General Schedule Positions,https://www.opm.gov/policy-data-oversight/classification-qualifications/classifying-general-schedule-positions/,OPM_CLASSIFICATION,US_FEDERAL_PERSONNEL_AUTHORITY,True,False,,LOW,,,,,A,US federal government source; short terminology/provenance only,2026-08-10,False,False,False,False,
official time,official time,LABOR_RELATIONS_CONCEPT,federal_labor_relations,Federal Labor Relations Authority — Federal Service Labor-Management Relations Statute,https://www.flra.gov/resources-training/resources/statute-and-regulations/statute/statute-subchapter-i-general-2,FLRA,US_FEDERAL_LABOR_RELATIONS_AUTHORITY,True,False,,LOW,,,,,A,US federal government/statutory source; short terminology/provenance only,2026-08-10,False,False,False,False,
OSHA 300 Log,osha 300 log,SAFETY_CONCEPT,workplace_safety,Occupational Safety and Health Administration — Injury and Illness Recordkeeping,https://www.osha.gov/laws-regs/regulations/standardnumber/1904/1904.7,OSHA,US_FEDERAL_WORKPLACE_SAFETY_AUTHORITY,True,False,,LOW,,,,,A,US federal government/regulatory source; short terminology/provenance only,2026-08-10,False,False,False,False,
overtime pay,overtime pay,BENEFIT_OR_COMPENSATION,leave_compensation,OPM Pay & Leave / Leave Administration,https://www.opm.gov/policy-data-oversight/pay-leave/leave-administration/,OPM_PAY_LEAVE,US_FEDERAL_PERSONNEL_AUTHORITY,True,False,,LOW,,,,,A,US federal government source; short terminology/provenance only,2026-08-10,False,False,False,False,
paid leave,paid leave,LEAVE_CONCEPT,leave,"U.S. Department of Labor, Wage and Hour Division — FMLA",https://www.dol.gov/agencies/whd/fmla,DOL_FMLA,US_FEDERAL_LABOR_AUTHORITY,True,False,,LOW,,,,,A,US federal government source; short terminology/provenance only,2026-08-10,False,False,False,False,
paid parental leave,paid parental leave,BENEFIT_OR_COMPENSATION,leave_compensation,OPM Pay & Leave / Leave Administration,https://www.opm.gov/policy-data-oversight/pay-leave/leave-administration/,OPM_PAY_LEAVE,US_FEDERAL_PERSONNEL_AUTHORITY,True,False,,LOW,,,,,A,US federal government source; short terminology/provenance only,2026-08-10,False,False,False,False,
participant,participant,BENEFIT_CONCEPT,employee_benefits,Employee Benefits Security Administration — Retirement Responsibilities / ERISA,https://www.dol.gov/agencies/ebsa/employers-and-advisers/small-business-owners/understanding-your-responsibilities,EBSA,US_FEDERAL_EMPLOYEE_BENEFITS_AUTHORITY,True,False,,HIGH,Single-token ordinary-English/title/name collision risk; retain as evidence only.,,,,A,US federal government source; short terminology/provenance only,2026-08-10,False,False,False,False,
pay plan,pay plan,HR_ADMIN_CONCEPT,classification,OPM Classification & Qualifications / Classifying General Schedule Positions,https://www.opm.gov/policy-data-oversight/classification-qualifications/classifying-general-schedule-positions/,OPM_CLASSIFICATION,US_FEDERAL_PERSONNEL_AUTHORITY,True,False,,LOW,,,,,A,US federal government source; short terminology/provenance only,2026-08-10,False,False,False,False,
pay plan code,pay plan code,HR_ADMIN_CONCEPT,classification,OPM Classification & Qualifications / Classifying General Schedule Positions,https://www.opm.gov/policy-data-oversight/classification-qualifications/classifying-general-schedule-positions/,OPM_CLASSIFICATION,US_FEDERAL_PERSONNEL_AUTHORITY,True,False,,LOW,,,,,A,US federal government source; short terminology/provenance only,2026-08-10,False,False,False,False,
pay rate,pay rate,BENEFIT_OR_COMPENSATION,leave_compensation,OPM Pay & Leave / Leave Administration,https://www.opm.gov/policy-data-oversight/pay-leave/leave-administration/,OPM_PAY_LEAVE,US_FEDERAL_PERSONNEL_AUTHORITY,True,False,,LOW,,,,,A,US federal government source; short terminology/provenance only,2026-08-10,False,False,False,False,
pay retention,pay retention,BENEFIT_OR_COMPENSATION,leave_compensation,OPM Pay & Leave / Leave Administration,https://www.opm.gov/policy-data-oversight/pay-leave/leave-administration/,OPM_PAY_LEAVE,US_FEDERAL_PERSONNEL_AUTHORITY,True,False,,LOW,,,,,A,US federal government source; short terminology/provenance only,2026-08-10,False,False,False,False,
pay scale,pay scale,BENEFIT_OR_COMPENSATION,leave_compensation,OPM Pay & Leave / Leave Administration,https://www.opm.gov/policy-data-oversight/pay-leave/leave-administration/,OPM_PAY_LEAVE,US_FEDERAL_PERSONNEL_AUTHORITY,True,False,,LOW,,,,,A,US federal government source; short terminology/provenance only,2026-08-10,False,False,False,False,
pay schedule,pay schedule,BENEFIT_OR_COMPENSATION,leave_compensation,OPM Pay & Leave / Leave Administration,https://www.opm.gov/policy-data-oversight/pay-leave/leave-administration/,OPM_PAY_LEAVE,US_FEDERAL_PERSONNEL_AUTHORITY,True,False,,LOW,,,,,A,US federal government source; short terminology/provenance only,2026-08-10,False,False,False,False,
pay system,pay system,HR_ADMIN_CONCEPT,classification,OPM Classification & Qualifications / Classifying General Schedule Positions,https://www.opm.gov/policy-data-oversight/classification-qualifications/classifying-general-schedule-positions/,OPM_CLASSIFICATION,US_FEDERAL_PERSONNEL_AUTHORITY,True,False,,LOW,,,,,A,US federal government source; short terminology/provenance only,2026-08-10,False,False,False,False,
pension plan,pension plan,BENEFIT_CONCEPT,employee_benefits,Employee Benefits Security Administration — Retirement Responsibilities / ERISA,https://www.dol.gov/agencies/ebsa/employers-and-advisers/small-business-owners/understanding-your-responsibilities,EBSA,US_FEDERAL_EMPLOYEE_BENEFITS_AUTHORITY,True,False,,LOW,,,,,A,US federal government source; short terminology/provenance only,2026-08-10,False,False,False,False,
PEP,pep,BENEFIT_CONCEPT,employee_benefits,Employee Benefits Security Administration — Retirement Responsibilities / ERISA,https://www.dol.gov/agencies/ebsa/employers-and-advisers/small-business-owners/understanding-your-responsibilities,EBSA,US_FEDERAL_EMPLOYEE_BENEFITS_AUTHORITY,True,False,,HIGH,Acronym/initialism; may have unrelated expansions in other domains.,,PEP,,A,US federal government source; short terminology/provenance only,2026-08-10,False,False,False,False,
performance appraisal,performance appraisal,PERFORMANCE_CONCEPT,performance_management,OPM Performance Management,https://www.opm.gov/policy-data-oversight/performance-management/,OPM_PERFORMANCE,US_FEDERAL_PERSONNEL_AUTHORITY,True,False,,LOW,,,,,A,US federal government source; short terminology/provenance only,2026-08-10,False,False,False,False,
performance award,performance award,PERFORMANCE_CONCEPT,performance_management,OPM Performance Management,https://www.opm.gov/policy-data-oversight/performance-management/,OPM_PERFORMANCE,US_FEDERAL_PERSONNEL_AUTHORITY,True,False,,LOW,,,,,A,US federal government source; short terminology/provenance only,2026-08-10,False,False,False,False,
performance element,performance element,PERFORMANCE_CONCEPT,performance_management,OPM Performance Management,https://www.opm.gov/policy-data-oversight/performance-management/,OPM_PERFORMANCE,US_FEDERAL_PERSONNEL_AUTHORITY,True,False,,LOW,,,,,A,US federal government source; short terminology/provenance only,2026-08-10,False,False,False,False,
performance improvement plan,performance improvement plan,PERFORMANCE_CONCEPT,performance_management,OPM Performance Management,https://www.opm.gov/policy-data-oversight/performance-management/,OPM_PERFORMANCE,US_FEDERAL_PERSONNEL_AUTHORITY,True,False,,LOW,,,,,A,US federal government source; short terminology/provenance only,2026-08-10,False,False,False,False,
performance management,performance management,PERFORMANCE_CONCEPT,performance_management,OPM Performance Management,https://www.opm.gov/policy-data-oversight/performance-management/,OPM_PERFORMANCE,US_FEDERAL_PERSONNEL_AUTHORITY,True,False,,LOW,,,,,A,US federal government source; short terminology/provenance only,2026-08-10,False,False,False,False,
performance management cycle,performance management cycle,PERFORMANCE_CONCEPT,performance_management,OPM Performance Management,https://www.opm.gov/policy-data-oversight/performance-management/,OPM_PERFORMANCE,US_FEDERAL_PERSONNEL_AUTHORITY,True,False,,LOW,,,,,A,US federal government source; short terminology/provenance only,2026-08-10,False,False,False,False,
performance plan,performance plan,PERFORMANCE_CONCEPT,performance_management,OPM Performance Management,https://www.opm.gov/policy-data-oversight/performance-management/,OPM_PERFORMANCE,US_FEDERAL_PERSONNEL_AUTHORITY,True,False,,LOW,,,,,A,US federal government source; short terminology/provenance only,2026-08-10,False,False,False,False,
performance rating,performance rating,PERFORMANCE_CONCEPT,performance_management,OPM Performance Management,https://www.opm.gov/policy-data-oversight/performance-management/,OPM_PERFORMANCE,US_FEDERAL_PERSONNEL_AUTHORITY,True,False,,LOW,,,,,A,US federal government source; short terminology/provenance only,2026-08-10,False,False,False,False,
performance standard,performance standard,PERFORMANCE_CONCEPT,performance_management,OPM Performance Management,https://www.opm.gov/policy-data-oversight/performance-management/,OPM_PERFORMANCE,US_FEDERAL_PERSONNEL_AUTHORITY,True,False,,LOW,,,,,A,US federal government source; short terminology/provenance only,2026-08-10,False,False,False,False,
performance-based action,performance-based action,EMPLOYEE_RELATIONS_CONCEPT,employee_relations,U.S. Merit Systems Protection Board — Merit System Principles / Prohibited Personnel Practices,https://www.mspb.gov/ppp/ppp.htm,MSPB,US_FEDERAL_MERIT_SYSTEM_AUTHORITY,True,False,,LOW,,,,,A,US federal government source; short terminology/provenance only,2026-08-10,False,False,False,False,
personal favoritism,personal favoritism,EMPLOYEE_RELATIONS_CONCEPT,employee_relations,U.S. Merit Systems Protection Board — Merit System Principles / Prohibited Personnel Practices,https://www.mspb.gov/ppp/ppp.htm,MSPB,US_FEDERAL_MERIT_SYSTEM_AUTHORITY,True,False,,LOW,,,,,A,US federal government source; short terminology/provenance only,2026-08-10,False,False,False,False,
personnel action,personnel action,EMPLOYEE_RELATIONS_CONCEPT,employee_relations,U.S. Merit Systems Protection Board — Merit System Principles / Prohibited Personnel Practices,https://www.mspb.gov/ppp/ppp.htm,MSPB,US_FEDERAL_MERIT_SYSTEM_AUTHORITY,True,False,,LOW,,,,,A,US federal government source; short terminology/provenance only,2026-08-10,False,False,False,False,
picket line,picket line,LABOR_RELATIONS_CONCEPT,labor_relations,National Labor Relations Board — Employee / Employer / Union Rights,https://www.nlrb.gov/about-nlrb/rights-we-protect/your-rights/employer-union-rights-and-obligations,NLRB,US_FEDERAL_LABOR_RELATIONS_AUTHORITY,True,False,,LOW,,,,,A,US federal government source; short terminology/provenance only,2026-08-10,False,False,False,False,
PIP,pip,PERFORMANCE_CONCEPT,performance_management,OPM Performance Management,https://www.opm.gov/policy-data-oversight/performance-management/,OPM_PERFORMANCE,US_FEDERAL_PERSONNEL_AUTHORITY,True,False,,HIGH,Acronym/initialism; may have unrelated expansions in other domains.,,PIP,,A,US federal government source; short terminology/provenance only,2026-08-10,False,False,False,False,
plan administrator,plan administrator,BENEFIT_CONCEPT,employee_benefits,Employee Benefits Security Administration — Retirement Responsibilities / ERISA,https://www.dol.gov/agencies/ebsa/employers-and-advisers/small-business-owners/understanding-your-responsibilities,EBSA,US_FEDERAL_EMPLOYEE_BENEFITS_AUTHORITY,True,False,,LOW,,,,,A,US federal government source; short terminology/provenance only,2026-08-10,False,False,False,False,
plan sponsor,plan sponsor,BENEFIT_CONCEPT,employee_benefits,Employee Benefits Security Administration — Retirement Responsibilities / ERISA,https://www.dol.gov/agencies/ebsa/employers-and-advisers/small-business-owners/understanding-your-responsibilities,EBSA,US_FEDERAL_EMPLOYEE_BENEFITS_AUTHORITY,True,False,,LOW,,,,,A,US federal government source; short terminology/provenance only,2026-08-10,False,False,False,False,
plan year,plan year,BENEFIT_CONCEPT,employee_benefits,Employee Benefits Security Administration — Retirement Responsibilities / ERISA,https://www.dol.gov/agencies/ebsa/employers-and-advisers/small-business-owners/understanding-your-responsibilities,EBSA,US_FEDERAL_EMPLOYEE_BENEFITS_AUTHORITY,True,False,,LOW,,,,,A,US federal government source; short terminology/provenance only,2026-08-10,False,False,False,False,
pooled employer plan,pooled employer plan,BENEFIT_CONCEPT,employee_benefits,Employee Benefits Security Administration — Retirement Responsibilities / ERISA,https://www.dol.gov/agencies/ebsa/employers-and-advisers/small-business-owners/understanding-your-responsibilities,EBSA,US_FEDERAL_EMPLOYEE_BENEFITS_AUTHORITY,True,False,,LOW,,,,,A,US federal government source; short terminology/provenance only,2026-08-10,False,False,False,False,
pooled plan provider,pooled plan provider,BENEFIT_CONCEPT,employee_benefits,Employee Benefits Security Administration — Retirement Responsibilities / ERISA,https://www.dol.gov/agencies/ebsa/employers-and-advisers/small-business-owners/understanding-your-responsibilities,EBSA,US_FEDERAL_EMPLOYEE_BENEFITS_AUTHORITY,True,False,,LOW,,,,,A,US federal government source; short terminology/provenance only,2026-08-10,False,False,False,False,
position change,position change,PROCESS_EVENT,personnel_action,OPM Guide to Processing Personnel Actions — Glossary of Terms Used in Processing Personnel Actions,https://www.opm.gov/policy-data-oversight/data-analysis-documentation/personnel-documentation/processing-personnel-actions/gppa35.pdf,OPM_GPPA,US_FEDERAL_PERSONNEL_AUTHORITY,True,False,,LOW,,,,,A,US federal government work; terms only retained; no definitions redistributed,2026-08-10,False,False,False,False,
position change action,position change action,PROCESS_EVENT,personnel_action,OPM Guide to Processing Personnel Actions — Glossary of Terms Used in Processing Personnel Actions,https://www.opm.gov/policy-data-oversight/data-analysis-documentation/personnel-documentation/processing-personnel-actions/gppa35.pdf,OPM_GPPA,US_FEDERAL_PERSONNEL_AUTHORITY,True,False,,LOW,,,,,A,US federal government work; terms only retained; no definitions redistributed,2026-08-10,False,False,False,False,
position classification,position classification,HR_ADMIN_CONCEPT,classification,OPM Classification & Qualifications / Classifying General Schedule Positions,https://www.opm.gov/policy-data-oversight/classification-qualifications/classifying-general-schedule-positions/,OPM_CLASSIFICATION,US_FEDERAL_PERSONNEL_AUTHORITY,True,False,,LOW,,,,,A,US federal government source; short terminology/provenance only,2026-08-10,False,False,False,False,
position classification standard,position classification standard,HR_ADMIN_CONCEPT,classification,OPM Classification & Qualifications / Classifying General Schedule Positions,https://www.opm.gov/policy-data-oversight/classification-qualifications/classifying-general-schedule-positions/,OPM_CLASSIFICATION,US_FEDERAL_PERSONNEL_AUTHORITY,True,False,,LOW,,,,,A,US federal government source; short terminology/provenance only,2026-08-10,False,False,False,False,
position description,position description,HR_ADMIN_CONCEPT,classification,OPM Classification & Qualifications / Classifying General Schedule Positions,https://www.opm.gov/policy-data-oversight/classification-qualifications/classifying-general-schedule-positions/,OPM_CLASSIFICATION,US_FEDERAL_PERSONNEL_AUTHORITY,True,False,,LOW,,,,,A,US federal government source; short terminology/provenance only,2026-08-10,False,False,False,False,
position title,position title,HR_ADMIN_CONCEPT,classification,OPM Classification & Qualifications / Classifying General Schedule Positions,https://www.opm.gov/policy-data-oversight/classification-qualifications/classifying-general-schedule-positions/,OPM_CLASSIFICATION,US_FEDERAL_PERSONNEL_AUTHORITY,True,False,,LOW,,,,,A,US federal government source; short terminology/provenance only,2026-08-10,False,False,True,False,higher_ed
PPP,ppp,EMPLOYEE_RELATIONS_CONCEPT,employee_relations,U.S. Merit Systems Protection Board — Merit System Principles / Prohibited Personnel Practices,https://www.mspb.gov/ppp/ppp.htm,MSPB,US_FEDERAL_MERIT_SYSTEM_AUTHORITY,True,False,,HIGH,Acronym/initialism; may have unrelated expansions in other domains.,,PPP,,A,US federal government source; short terminology/provenance only,2026-08-10,False,False,False,False,
preexisting condition,preexisting condition,SAFETY_CONCEPT,workplace_safety,Occupational Safety and Health Administration — Injury and Illness Recordkeeping,https://www.osha.gov/laws-regs/regulations/standardnumber/1904/1904.7,OSHA,US_FEDERAL_WORKPLACE_SAFETY_AUTHORITY,True,False,,LOW,,,,,A,US federal government/regulatory source; short terminology/provenance only,2026-08-10,False,False,False,False,
pregnancy discrimination,pregnancy discrimination,EEO_CONCEPT,equal_employment_opportunity,U.S. Equal Employment Opportunity Commission — Employment Guidance,https://www.eeoc.gov/disability-discrimination-and-employment-decisions,EEOC,US_FEDERAL_EEO_AUTHORITY,True,False,,LOW,,,,,A,US federal government source; short terminology/provenance only,2026-08-10,False,False,False,False,
Pregnant Workers Fairness Act,pregnant workers fairness act,EEO_CONCEPT,equal_employment_opportunity,U.S. Equal Employment Opportunity Commission — Employment Guidance,https://www.eeoc.gov/disability-discrimination-and-employment-decisions,EEOC,US_FEDERAL_EEO_AUTHORITY,True,False,,LOW,,,,,A,US federal government source; short terminology/provenance only,2026-08-10,False,False,False,False,
premium pay,premium pay,BENEFIT_OR_COMPENSATION,leave_compensation,OPM Pay & Leave / Leave Administration,https://www.opm.gov/policy-data-oversight/pay-leave/leave-administration/,OPM_PAY_LEAVE,US_FEDERAL_PERSONNEL_AUTHORITY,True,False,,LOW,,,,,A,US federal government source; short terminology/provenance only,2026-08-10,False,False,False,False,
profit sharing plan,profit sharing plan,BENEFIT_CONCEPT,employee_benefits,Employee Benefits Security Administration — Retirement Responsibilities / ERISA,https://www.dol.gov/agencies/ebsa/employers-and-advisers/small-business-owners/understanding-your-responsibilities,EBSA,US_FEDERAL_EMPLOYEE_BENEFITS_AUTHORITY,True,False,,LOW,,,,,A,US federal government source; short terminology/provenance only,2026-08-10,False,False,False,False,
Prohibited Personnel Practices,prohibited personnel practices,EMPLOYEE_RELATIONS_CONCEPT,employee_relations,U.S. Merit Systems Protection Board — Merit System Principles / Prohibited Personnel Practices,https://www.mspb.gov/ppp/ppp.htm,MSPB,US_FEDERAL_MERIT_SYSTEM_AUTHORITY,True,False,,LOW,,,,,A,US federal government source; short terminology/provenance only,2026-08-10,False,False,False,False,
promotion,promotion,PROCESS_EVENT,personnel_action,OPM Guide to Processing Personnel Actions — Glossary of Terms Used in Processing Personnel Actions,https://www.opm.gov/policy-data-oversight/data-analysis-documentation/personnel-documentation/processing-personnel-actions/gppa35.pdf,OPM_GPPA,US_FEDERAL_PERSONNEL_AUTHORITY,True,False,,HIGH,Single-token ordinary-English/title/name collision risk; retain as evidence only.,,,,A,US federal government work; terms only retained; no definitions redistributed,2026-08-10,False,False,False,False,
protected activity,protected activity,EEO_CONCEPT,equal_employment_opportunity,U.S. Equal Employment Opportunity Commission — Employment Guidance,https://www.eeoc.gov/disability-discrimination-and-employment-decisions,EEOC,US_FEDERAL_EEO_AUTHORITY,True,False,,LOW,,,,,A,US federal government source; short terminology/provenance only,2026-08-10,False,False,False,False,
protected concerted activity,protected concerted activity,LABOR_RELATIONS_CONCEPT,labor_relations,National Labor Relations Board — Employee / Employer / Union Rights,https://www.nlrb.gov/about-nlrb/rights-we-protect/your-rights/employer-union-rights-and-obligations,NLRB,US_FEDERAL_LABOR_RELATIONS_AUTHORITY,True,False,,LOW,,,,,A,US federal government source; short terminology/provenance only,2026-08-10,False,False,False,False,
PWFA,pwfa,EEO_CONCEPT,equal_employment_opportunity,U.S. Equal Employment Opportunity Commission — Employment Guidance,https://www.eeoc.gov/disability-discrimination-and-employment-decisions,EEOC,US_FEDERAL_EEO_AUTHORITY,True,False,,HIGH,Acronym/initialism; may have unrelated expansions in other domains.,,PWFA,,A,US federal government source; short terminology/provenance only,2026-08-10,False,False,False,False,
QDRO,qdro,BENEFIT_CONCEPT,employee_benefits,Employee Benefits Security Administration — Retirement Responsibilities / ERISA,https://www.dol.gov/agencies/ebsa/employers-and-advisers/small-business-owners/understanding-your-responsibilities,EBSA,US_FEDERAL_EMPLOYEE_BENEFITS_AUTHORITY,True,False,,HIGH,Acronym/initialism; may have unrelated expansions in other domains.,,QDRO,,A,US federal government source; short terminology/provenance only,2026-08-10,False,False,False,False,
qualification requirements,qualification requirements,HR_ADMIN_CONCEPT,classification,OPM Classification & Qualifications / Classifying General Schedule Positions,https://www.opm.gov/policy-data-oversight/classification-qualifications/classifying-general-schedule-positions/,OPM_CLASSIFICATION,US_FEDERAL_PERSONNEL_AUTHORITY,True,False,,LOW,,,,,A,US federal government source; short terminology/provenance only,2026-08-10,False,False,False,False,
qualification standard,qualification standard,HR_ADMIN_CONCEPT,classification,OPM Classification & Qualifications / Classifying General Schedule Positions,https://www.opm.gov/policy-data-oversight/classification-qualifications/classifying-general-schedule-positions/,OPM_CLASSIFICATION,US_FEDERAL_PERSONNEL_AUTHORITY,True,False,,LOW,,,,,A,US federal government source; short terminology/provenance only,2026-08-10,False,False,False,False,
qualified domestic relations order,qualified domestic relations order,BENEFIT_CONCEPT,employee_benefits,Employee Benefits Security Administration — Retirement Responsibilities / ERISA,https://www.dol.gov/agencies/ebsa/employers-and-advisers/small-business-owners/understanding-your-responsibilities,EBSA,US_FEDERAL_EMPLOYEE_BENEFITS_AUTHORITY,True,False,,LOW,,,,,A,US federal government source; short terminology/provenance only,2026-08-10,False,False,False,False,
qualifying exigency,qualifying exigency,LEAVE_CONCEPT,leave,"U.S. Department of Labor, Wage and Hour Division — FMLA",https://www.dol.gov/agencies/whd/fmla,DOL_FMLA,US_FEDERAL_LABOR_AUTHORITY,True,False,,LOW,,,,,A,US federal government source; short terminology/provenance only,2026-08-10,False,False,False,False,
rating of record,rating of record,PERFORMANCE_CONCEPT,performance_management,OPM Performance Management,https://www.opm.gov/policy-data-oversight/performance-management/,OPM_PERFORMANCE,US_FEDERAL_PERSONNEL_AUTHORITY,True,False,,LOW,,,,,A,US federal government source; short terminology/provenance only,2026-08-10,False,False,False,False,
reasonable accommodation,reasonable accommodation,EEO_CONCEPT,equal_employment_opportunity,U.S. Equal Employment Opportunity Commission — Employment Guidance,https://www.eeoc.gov/disability-discrimination-and-employment-decisions,EEOC,US_FEDERAL_EEO_AUTHORITY,True,False,,LOW,,,,,A,US federal government source; short terminology/provenance only,2026-08-10,False,True,False,False,legal
reassignment,reassignment,PROCESS_EVENT,personnel_action,OPM Guide to Processing Personnel Actions — Glossary of Terms Used in Processing Personnel Actions,https://www.opm.gov/policy-data-oversight/data-analysis-documentation/personnel-documentation/processing-personnel-actions/gppa35.pdf,OPM_GPPA,US_FEDERAL_PERSONNEL_AUTHORITY,True,False,,HIGH,Single-token ordinary-English/title/name collision risk; retain as evidence only.,,,,A,US federal government work; terms only retained; no definitions redistributed,2026-08-10,False,False,False,False,
recertification,recertification,LEAVE_CONCEPT,leave,"U.S. Department of Labor, Wage and Hour Division — FMLA",https://www.dol.gov/agencies/whd/fmla,DOL_FMLA,US_FEDERAL_LABOR_AUTHORITY,True,False,,MEDIUM,Single-token term; context remains important.,,,,A,US federal government source; short terminology/provenance only,2026-08-10,False,False,False,False,
recordable case,recordable case,SAFETY_CONCEPT,workplace_safety,Occupational Safety and Health Administration — Injury and Illness Recordkeeping,https://www.osha.gov/laws-regs/regulations/standardnumber/1904/1904.7,OSHA,US_FEDERAL_WORKPLACE_SAFETY_AUTHORITY,True,False,,LOW,,,,,A,US federal government/regulatory source; short terminology/provenance only,2026-08-10,False,False,False,False,
recordkeeping,recordkeeping,SAFETY_CONCEPT,workplace_safety,Occupational Safety and Health Administration — Injury and Illness Recordkeeping,https://www.osha.gov/laws-regs/regulations/standardnumber/1904/1904.7,OSHA,US_FEDERAL_WORKPLACE_SAFETY_AUTHORITY,True,False,,HIGH,Single-token ordinary-English/title/name collision risk; retain as evidence only.,,,,A,US federal government/regulatory source; short terminology/provenance only,2026-08-10,False,False,False,False,
reduced schedule leave,reduced schedule leave,LEAVE_CONCEPT,leave,"U.S. Department of Labor, Wage and Hour Division — FMLA",https://www.dol.gov/agencies/whd/fmla,DOL_FMLA,US_FEDERAL_LABOR_AUTHORITY,True,False,,LOW,,,,,A,US federal government source; short terminology/provenance only,2026-08-10,False,False,False,False,
reinstatement,reinstatement,LABOR_RELATIONS_CONCEPT,labor_relations,National Labor Relations Board — Employee / Employer / Union Rights,https://www.nlrb.gov/about-nlrb/rights-we-protect/your-rights/employer-union-rights-and-obligations,NLRB,US_FEDERAL_LABOR_RELATIONS_AUTHORITY,True,False,,HIGH,Single-token ordinary-English/title/name collision risk; retain as evidence only.,,,,A,US federal government source; short terminology/provenance only,2026-08-10,False,False,False,False,
reinstatement,reinstatement,PROCESS_EVENT,personnel_action,OPM Guide to Processing Personnel Actions — Glossary of Terms Used in Processing Personnel Actions,https://www.opm.gov/policy-data-oversight/data-analysis-documentation/personnel-documentation/processing-personnel-actions/gppa35.pdf,OPM_GPPA,US_FEDERAL_PERSONNEL_AUTHORITY,True,False,,HIGH,Single-token ordinary-English/title/name collision risk; retain as evidence only.,,,,A,US federal government work; terms only retained; no definitions redistributed,2026-08-10,False,False,False,False,
religious accommodation,religious accommodation,EEO_CONCEPT,equal_employment_opportunity,U.S. Equal Employment Opportunity Commission — Employment Guidance,https://www.eeoc.gov/disability-discrimination-and-employment-decisions,EEOC,US_FEDERAL_EEO_AUTHORITY,True,False,,LOW,,,,,A,US federal government source; short terminology/provenance only,2026-08-10,False,False,False,False,
religious discrimination,religious discrimination,EEO_CONCEPT,equal_employment_opportunity,U.S. Equal Employment Opportunity Commission — Employment Guidance,https://www.eeoc.gov/disability-discrimination-and-employment-decisions,EEOC,US_FEDERAL_EEO_AUTHORITY,True,False,,LOW,,,,,A,US federal government source; short terminology/provenance only,2026-08-10,False,False,False,False,
removal,removal,EMPLOYEE_RELATIONS_CONCEPT,employee_relations,U.S. Merit Systems Protection Board — Merit System Principles / Prohibited Personnel Practices,https://www.mspb.gov/ppp/ppp.htm,MSPB,US_FEDERAL_MERIT_SYSTEM_AUTHORITY,True,False,,HIGH,Single-token ordinary-English/title/name collision risk; retain as evidence only.,,,,A,US federal government source; short terminology/provenance only,2026-08-10,False,False,False,False,
removal,removal,PROCESS_EVENT,personnel_action,OPM Guide to Processing Personnel Actions — Glossary of Terms Used in Processing Personnel Actions,https://www.opm.gov/policy-data-oversight/data-analysis-documentation/personnel-documentation/processing-personnel-actions/gppa35.pdf,OPM_GPPA,US_FEDERAL_PERSONNEL_AUTHORITY,True,False,,HIGH,Single-token ordinary-English/title/name collision risk; retain as evidence only.,,,,A,US federal government work; terms only retained; no definitions redistributed,2026-08-10,False,False,False,False,
representation petition,representation petition,LABOR_RELATIONS_CONCEPT,federal_labor_relations,Federal Labor Relations Authority — Federal Service Labor-Management Relations Statute,https://www.flra.gov/resources-training/resources/statute-and-regulations/statute/statute-subchapter-i-general-2,FLRA,US_FEDERAL_LABOR_RELATIONS_AUTHORITY,True,False,,LOW,,,,,A,US federal government/statutory source; short terminology/provenance only,2026-08-10,False,False,False,False,
representation petition,representation petition,LABOR_RELATIONS_CONCEPT,labor_relations,National Labor Relations Board — Employee / Employer / Union Rights,https://www.nlrb.gov/about-nlrb/rights-we-protect/your-rights/employer-union-rights-and-obligations,NLRB,US_FEDERAL_LABOR_RELATIONS_AUTHORITY,True,False,,LOW,,,,,A,US federal government source; short terminology/provenance only,2026-08-10,False,False,False,False,
reprisal,reprisal,EMPLOYEE_RELATIONS_CONCEPT,employee_relations,U.S. Merit Systems Protection Board — Merit System Principles / Prohibited Personnel Practices,https://www.mspb.gov/ppp/ppp.htm,MSPB,US_FEDERAL_MERIT_SYSTEM_AUTHORITY,True,False,,MEDIUM,Single-token term; context remains important.,,,,A,US federal government source; short terminology/provenance only,2026-08-10,False,False,False,False,
resignation,resignation,PROCESS_EVENT,personnel_action,OPM Guide to Processing Personnel Actions — Glossary of Terms Used in Processing Personnel Actions,https://www.opm.gov/policy-data-oversight/data-analysis-documentation/personnel-documentation/processing-personnel-actions/gppa35.pdf,OPM_GPPA,US_FEDERAL_PERSONNEL_AUTHORITY,True,False,,HIGH,Single-token ordinary-English/title/name collision risk; retain as evidence only.,,,,A,US federal government work; terms only retained; no definitions redistributed,2026-08-10,False,False,False,False,
restoration,restoration,LEAVE_CONCEPT,leave,"U.S. Department of Labor, Wage and Hour Division — FMLA",https://www.dol.gov/agencies/whd/fmla,DOL_FMLA,US_FEDERAL_LABOR_AUTHORITY,True,False,,HIGH,Single-token ordinary-English/title/name collision risk; retain as evidence only.,,,,A,US federal government source; short terminology/provenance only,2026-08-10,False,False,False,False,
restricted work,restricted work,SAFETY_CONCEPT,workplace_safety,Occupational Safety and Health Administration — Injury and Illness Recordkeeping,https://www.osha.gov/laws-regs/regulations/standardnumber/1904/1904.7,OSHA,US_FEDERAL_WORKPLACE_SAFETY_AUTHORITY,True,False,,LOW,,,,,A,US federal government/regulatory source; short terminology/provenance only,2026-08-10,False,False,False,False,
restricted work activity,restricted work activity,SAFETY_CONCEPT,workplace_safety,Occupational Safety and Health Administration — Injury and Illness Recordkeeping,https://www.osha.gov/laws-regs/regulations/standardnumber/1904/1904.7,OSHA,US_FEDERAL_WORKPLACE_SAFETY_AUTHORITY,True,False,,LOW,,,,,A,US federal government/regulatory source; short terminology/provenance only,2026-08-10,False,False,False,False,
restricted work case,restricted work case,SAFETY_CONCEPT,workplace_safety,Occupational Safety and Health Administration — Injury and Illness Recordkeeping,https://www.osha.gov/laws-regs/regulations/standardnumber/1904/1904.7,OSHA,US_FEDERAL_WORKPLACE_SAFETY_AUTHORITY,True,False,,LOW,,,,,A,US federal government/regulatory source; short terminology/provenance only,2026-08-10,False,False,False,False,
retaliation,retaliation,EEO_CONCEPT,equal_employment_opportunity,U.S. Equal Employment Opportunity Commission — Employment Guidance,https://www.eeoc.gov/disability-discrimination-and-employment-decisions,EEOC,US_FEDERAL_EEO_AUTHORITY,True,False,,HIGH,Single-token ordinary-English/title/name collision risk; retain as evidence only.,,,,A,US federal government source; short terminology/provenance only,2026-08-10,False,True,False,False,legal
retirement,retirement,PROCESS_EVENT,personnel_action,OPM Guide to Processing Personnel Actions — Glossary of Terms Used in Processing Personnel Actions,https://www.opm.gov/policy-data-oversight/data-analysis-documentation/personnel-documentation/processing-personnel-actions/gppa35.pdf,OPM_GPPA,US_FEDERAL_PERSONNEL_AUTHORITY,True,False,,HIGH,Single-token ordinary-English/title/name collision risk; retain as evidence only.,,,,A,US federal government work; terms only retained; no definitions redistributed,2026-08-10,False,False,False,False,
retirement plan,retirement plan,BENEFIT_CONCEPT,employee_benefits,Employee Benefits Security Administration — Retirement Responsibilities / ERISA,https://www.dol.gov/agencies/ebsa/employers-and-advisers/small-business-owners/understanding-your-responsibilities,EBSA,US_FEDERAL_EMPLOYEE_BENEFITS_AUTHORITY,True,False,,LOW,,,,,A,US federal government source; short terminology/provenance only,2026-08-10,False,False,False,False,
rewarding,rewarding,PERFORMANCE_CONCEPT,performance_management,OPM Performance Management,https://www.opm.gov/policy-data-oversight/performance-management/,OPM_PERFORMANCE,US_FEDERAL_PERSONNEL_AUTHORITY,True,False,,HIGH,Single-token ordinary-English/title/name collision risk; retain as evidence only.,,,,A,US federal government source; short terminology/provenance only,2026-08-10,False,False,False,False,
rights and responsibilities notice,rights and responsibilities notice,LEAVE_CONCEPT,leave,"U.S. Department of Labor, Wage and Hour Division — FMLA",https://www.dol.gov/agencies/whd/fmla,DOL_FMLA,US_FEDERAL_LABOR_AUTHORITY,True,False,,LOW,,,,,A,US federal government source; short terminology/provenance only,2026-08-10,False,False,False,False,
routine job functions,routine job functions,SAFETY_CONCEPT,workplace_safety,Occupational Safety and Health Administration — Injury and Illness Recordkeeping,https://www.osha.gov/laws-regs/regulations/standardnumber/1904/1904.7,OSHA,US_FEDERAL_WORKPLACE_SAFETY_AUTHORITY,True,False,,LOW,,,,,A,US federal government/regulatory source; short terminology/provenance only,2026-08-10,False,False,False,False,
secret ballot election,secret ballot election,LABOR_RELATIONS_CONCEPT,labor_relations,National Labor Relations Board — Employee / Employer / Union Rights,https://www.nlrb.gov/about-nlrb/rights-we-protect/your-rights/employer-union-rights-and-obligations,NLRB,US_FEDERAL_LABOR_RELATIONS_AUTHORITY,True,False,,LOW,,,,,A,US federal government source; short terminology/provenance only,2026-08-10,False,False,False,False,
Senior Executive Service,senior executive service,HR_ADMIN_CONCEPT,classification,OPM Classification & Qualifications / Classifying General Schedule Positions,https://www.opm.gov/policy-data-oversight/classification-qualifications/classifying-general-schedule-positions/,OPM_CLASSIFICATION,US_FEDERAL_PERSONNEL_AUTHORITY,True,False,,LOW,,,,,A,US federal government source; short terminology/provenance only,2026-08-10,False,False,False,False,
separation,separation,PROCESS_EVENT,personnel_action,OPM Guide to Processing Personnel Actions — Glossary of Terms Used in Processing Personnel Actions,https://www.opm.gov/policy-data-oversight/data-analysis-documentation/personnel-documentation/processing-personnel-actions/gppa35.pdf,OPM_GPPA,US_FEDERAL_PERSONNEL_AUTHORITY,True,False,,MEDIUM,Single-token term; context remains important.,,,,A,US federal government work; terms only retained; no definitions redistributed,2026-08-10,False,False,False,False,
series,series,HR_ADMIN_CONCEPT,classification,OPM Classification & Qualifications / Classifying General Schedule Positions,https://www.opm.gov/policy-data-oversight/classification-qualifications/classifying-general-schedule-positions/,OPM_CLASSIFICATION,US_FEDERAL_PERSONNEL_AUTHORITY,True,False,,HIGH,Single-token ordinary-English/title/name collision risk; retain as evidence only.,,,,A,US federal government source; short terminology/provenance only,2026-08-10,False,False,False,False,
serious health condition,serious health condition,LEAVE_CONCEPT,leave,"U.S. Department of Labor, Wage and Hour Division — FMLA",https://www.dol.gov/agencies/whd/fmla,DOL_FMLA,US_FEDERAL_LABOR_AUTHORITY,True,False,,LOW,,,,,A,US federal government source; short terminology/provenance only,2026-08-10,False,False,False,False,
service computation date,service computation date,PROCESS_EVENT,personnel_action,OPM Guide to Processing Personnel Actions — Glossary of Terms Used in Processing Personnel Actions,https://www.opm.gov/policy-data-oversight/data-analysis-documentation/personnel-documentation/processing-personnel-actions/gppa35.pdf,OPM_GPPA,US_FEDERAL_PERSONNEL_AUTHORITY,True,False,,LOW,,,,,A,US federal government work; terms only retained; no definitions redistributed,2026-08-10,False,False,False,False,
sexual harassment,sexual harassment,EEO_CONCEPT,equal_employment_opportunity,U.S. Equal Employment Opportunity Commission — Employment Guidance,https://www.eeoc.gov/disability-discrimination-and-employment-decisions,EEOC,US_FEDERAL_EEO_AUTHORITY,True,False,,LOW,,,,,A,US federal government source; short terminology/provenance only,2026-08-10,False,False,False,False,
SF-50,sf-50,PROCESS_EVENT,personnel_action,OPM Guide to Processing Personnel Actions — Glossary of Terms Used in Processing Personnel Actions,https://www.opm.gov/policy-data-oversight/data-analysis-documentation/personnel-documentation/processing-personnel-actions/gppa35.pdf,OPM_GPPA,US_FEDERAL_PERSONNEL_AUTHORITY,True,False,,HIGH,Acronym/initialism; may have unrelated expansions in other domains.,,SF-50,,A,US federal government work; terms only retained; no definitions redistributed,2026-08-10,False,False,False,False,
showing of interest,showing of interest,LABOR_RELATIONS_CONCEPT,labor_relations,National Labor Relations Board — Employee / Employer / Union Rights,https://www.nlrb.gov/about-nlrb/rights-we-protect/your-rights/employer-union-rights-and-obligations,NLRB,US_FEDERAL_LABOR_RELATIONS_AUTHORITY,True,False,,LOW,,,,,A,US federal government source; short terminology/provenance only,2026-08-10,False,False,False,False,
sick leave,sick leave,BENEFIT_OR_COMPENSATION,leave_compensation,OPM Pay & Leave / Leave Administration,https://www.opm.gov/policy-data-oversight/pay-leave/leave-administration/,OPM_PAY_LEAVE,US_FEDERAL_PERSONNEL_AUTHORITY,True,False,,LOW,,,,,A,US federal government source; short terminology/provenance only,2026-08-10,False,False,False,False,
SMM,smm,BENEFIT_CONCEPT,employee_benefits,Employee Benefits Security Administration — Retirement Responsibilities / ERISA,https://www.dol.gov/agencies/ebsa/employers-and-advisers/small-business-owners/understanding-your-responsibilities,EBSA,US_FEDERAL_EMPLOYEE_BENEFITS_AUTHORITY,True,False,,HIGH,Acronym/initialism; may have unrelated expansions in other domains.,,SMM,,A,US federal government source; short terminology/provenance only,2026-08-10,False,False,False,False,
SPD,spd,BENEFIT_CONCEPT,employee_benefits,Employee Benefits Security Administration — Retirement Responsibilities / ERISA,https://www.dol.gov/agencies/ebsa/employers-and-advisers/small-business-owners/understanding-your-responsibilities,EBSA,US_FEDERAL_EMPLOYEE_BENEFITS_AUTHORITY,True,False,,HIGH,Acronym/initialism; may have unrelated expansions in other domains.,,SPD,,A,US federal government source; short terminology/provenance only,2026-08-10,False,False,False,False,
special rate,special rate,BENEFIT_OR_COMPENSATION,leave_compensation,OPM Pay & Leave / Leave Administration,https://www.opm.gov/policy-data-oversight/pay-leave/leave-administration/,OPM_PAY_LEAVE,US_FEDERAL_PERSONNEL_AUTHORITY,True,False,,LOW,,,,,A,US federal government source; short terminology/provenance only,2026-08-10,False,False,False,False,
Standard Form 50,standard form 50,PROCESS_EVENT,personnel_action,OPM Guide to Processing Personnel Actions — Glossary of Terms Used in Processing Personnel Actions,https://www.opm.gov/policy-data-oversight/data-analysis-documentation/personnel-documentation/processing-personnel-actions/gppa35.pdf,OPM_GPPA,US_FEDERAL_PERSONNEL_AUTHORITY,True,False,,LOW,,,,,A,US federal government work; terms only retained; no definitions redistributed,2026-08-10,False,False,False,False,
summary annual report,summary annual report,BENEFIT_CONCEPT,employee_benefits,Employee Benefits Security Administration — Retirement Responsibilities / ERISA,https://www.dol.gov/agencies/ebsa/employers-and-advisers/small-business-owners/understanding-your-responsibilities,EBSA,US_FEDERAL_EMPLOYEE_BENEFITS_AUTHORITY,True,False,,LOW,,,,,A,US federal government source; short terminology/provenance only,2026-08-10,False,False,False,False,
summary of material modification,summary of material modification,BENEFIT_CONCEPT,employee_benefits,Employee Benefits Security Administration — Retirement Responsibilities / ERISA,https://www.dol.gov/agencies/ebsa/employers-and-advisers/small-business-owners/understanding-your-responsibilities,EBSA,US_FEDERAL_EMPLOYEE_BENEFITS_AUTHORITY,True,False,,LOW,,,,,A,US federal government source; short terminology/provenance only,2026-08-10,False,False,False,False,
summary plan description,summary plan description,BENEFIT_CONCEPT,employee_benefits,Employee Benefits Security Administration — Retirement Responsibilities / ERISA,https://www.dol.gov/agencies/ebsa/employers-and-advisers/small-business-owners/understanding-your-responsibilities,EBSA,US_FEDERAL_EMPLOYEE_BENEFITS_AUTHORITY,True,False,,LOW,,,,,A,US federal government source; short terminology/provenance only,2026-08-10,False,False,False,False,
suspension,suspension,EMPLOYEE_RELATIONS_CONCEPT,employee_relations,U.S. Merit Systems Protection Board — Merit System Principles / Prohibited Personnel Practices,https://www.mspb.gov/ppp/ppp.htm,MSPB,US_FEDERAL_MERIT_SYSTEM_AUTHORITY,True,False,,HIGH,Single-token ordinary-English/title/name collision risk; retain as evidence only.,,,,A,US federal government source; short terminology/provenance only,2026-08-10,False,False,False,False,
suspension,suspension,PROCESS_EVENT,personnel_action,OPM Guide to Processing Personnel Actions — Glossary of Terms Used in Processing Personnel Actions,https://www.opm.gov/policy-data-oversight/data-analysis-documentation/personnel-documentation/processing-personnel-actions/gppa35.pdf,OPM_GPPA,US_FEDERAL_PERSONNEL_AUTHORITY,True,False,,HIGH,Single-token ordinary-English/title/name collision risk; retain as evidence only.,,,,A,US federal government work; terms only retained; no definitions redistributed,2026-08-10,False,False,False,False,
temporary appointment,temporary appointment,PROCESS_EVENT,personnel_action,OPM Guide to Processing Personnel Actions — Glossary of Terms Used in Processing Personnel Actions,https://www.opm.gov/policy-data-oversight/data-analysis-documentation/personnel-documentation/processing-personnel-actions/gppa35.pdf,OPM_GPPA,US_FEDERAL_PERSONNEL_AUTHORITY,True,False,,LOW,,,,,A,US federal government work; terms only retained; no definitions redistributed,2026-08-10,False,False,False,False,
term appointment,term appointment,PROCESS_EVENT,personnel_action,OPM Guide to Processing Personnel Actions — Glossary of Terms Used in Processing Personnel Actions,https://www.opm.gov/policy-data-oversight/data-analysis-documentation/personnel-documentation/processing-personnel-actions/gppa35.pdf,OPM_GPPA,US_FEDERAL_PERSONNEL_AUTHORITY,True,False,,LOW,,,,,A,US federal government work; terms only retained; no definitions redistributed,2026-08-10,False,False,False,False,
termination,termination,PROCESS_EVENT,personnel_action,OPM Guide to Processing Personnel Actions — Glossary of Terms Used in Processing Personnel Actions,https://www.opm.gov/policy-data-oversight/data-analysis-documentation/personnel-documentation/processing-personnel-actions/gppa35.pdf,OPM_GPPA,US_FEDERAL_PERSONNEL_AUTHORITY,True,False,,HIGH,Single-token ordinary-English/title/name collision risk; retain as evidence only.,,,,A,US federal government work; terms only retained; no definitions redistributed,2026-08-10,False,False,False,False,
terms and conditions of employment,terms and conditions of employment,EEO_CONCEPT,equal_employment_opportunity,U.S. Equal Employment Opportunity Commission — Employment Guidance,https://www.eeoc.gov/disability-discrimination-and-employment-decisions,EEOC,US_FEDERAL_EEO_AUTHORITY,True,False,,LOW,,,,,A,US federal government source; short terminology/provenance only,2026-08-10,False,False,False,False,
terms and conditions of employment,terms and conditions of employment,LABOR_RELATIONS_CONCEPT,labor_relations,National Labor Relations Board — Employee / Employer / Union Rights,https://www.nlrb.gov/about-nlrb/rights-we-protect/your-rights/employer-union-rights-and-obligations,NLRB,US_FEDERAL_LABOR_RELATIONS_AUTHORITY,True,False,,LOW,,,,,A,US federal government source; short terminology/provenance only,2026-08-10,False,False,False,False,
transfer,transfer,PROCESS_EVENT,personnel_action,OPM Guide to Processing Personnel Actions — Glossary of Terms Used in Processing Personnel Actions,https://www.opm.gov/policy-data-oversight/data-analysis-documentation/personnel-documentation/processing-personnel-actions/gppa35.pdf,OPM_GPPA,US_FEDERAL_PERSONNEL_AUTHORITY,True,False,,HIGH,Single-token ordinary-English/title/name collision risk; retain as evidence only.,,,,A,US federal government work; terms only retained; no definitions redistributed,2026-08-10,False,True,False,False,legal
undue hardship,undue hardship,EEO_CONCEPT,equal_employment_opportunity,U.S. Equal Employment Opportunity Commission — Employment Guidance,https://www.eeoc.gov/disability-discrimination-and-employment-decisions,EEOC,US_FEDERAL_EEO_AUTHORITY,True,False,,LOW,,,,,A,US federal government source; short terminology/provenance only,2026-08-10,False,True,False,False,legal
unfair labor practice,unfair labor practice,LABOR_RELATIONS_CONCEPT,federal_labor_relations,Federal Labor Relations Authority — Federal Service Labor-Management Relations Statute,https://www.flra.gov/resources-training/resources/statute-and-regulations/statute/statute-subchapter-i-general-2,FLRA,US_FEDERAL_LABOR_RELATIONS_AUTHORITY,True,False,,LOW,,,,,A,US federal government/statutory source; short terminology/provenance only,2026-08-10,False,False,False,False,
unfair labor practice,unfair labor practice,LABOR_RELATIONS_CONCEPT,labor_relations,National Labor Relations Board — Employee / Employer / Union Rights,https://www.nlrb.gov/about-nlrb/rights-we-protect/your-rights/employer-union-rights-and-obligations,NLRB,US_FEDERAL_LABOR_RELATIONS_AUTHORITY,True,False,,LOW,,,,,A,US federal government source; short terminology/provenance only,2026-08-10,False,False,False,False,
unfair labor practice charge,unfair labor practice charge,LABOR_RELATIONS_CONCEPT,labor_relations,National Labor Relations Board — Employee / Employer / Union Rights,https://www.nlrb.gov/about-nlrb/rights-we-protect/your-rights/employer-union-rights-and-obligations,NLRB,US_FEDERAL_LABOR_RELATIONS_AUTHORITY,True,False,,LOW,,,,,A,US federal government source; short terminology/provenance only,2026-08-10,False,False,False,False,
unfair labor practice striker,unfair labor practice striker,LABOR_RELATIONS_CONCEPT,labor_relations,National Labor Relations Board — Employee / Employer / Union Rights,https://www.nlrb.gov/about-nlrb/rights-we-protect/your-rights/employer-union-rights-and-obligations,NLRB,US_FEDERAL_LABOR_RELATIONS_AUTHORITY,True,False,,LOW,,,,,A,US federal government source; short terminology/provenance only,2026-08-10,False,False,False,False,
unilateral change,unilateral change,LABOR_RELATIONS_CONCEPT,labor_relations,National Labor Relations Board — Employee / Employer / Union Rights,https://www.nlrb.gov/about-nlrb/rights-we-protect/your-rights/employer-union-rights-and-obligations,NLRB,US_FEDERAL_LABOR_RELATIONS_AUTHORITY,True,False,,LOW,,,,,A,US federal government source; short terminology/provenance only,2026-08-10,False,False,False,False,
union dues,union dues,LABOR_RELATIONS_CONCEPT,labor_relations,National Labor Relations Board — Employee / Employer / Union Rights,https://www.nlrb.gov/about-nlrb/rights-we-protect/your-rights/employer-union-rights-and-obligations,NLRB,US_FEDERAL_LABOR_RELATIONS_AUTHORITY,True,False,,LOW,,,,,A,US federal government source; short terminology/provenance only,2026-08-10,False,False,False,False,
union organizing campaign,union organizing campaign,LABOR_RELATIONS_CONCEPT,labor_relations,National Labor Relations Board — Employee / Employer / Union Rights,https://www.nlrb.gov/about-nlrb/rights-we-protect/your-rights/employer-union-rights-and-obligations,NLRB,US_FEDERAL_LABOR_RELATIONS_AUTHORITY,True,False,,LOW,,,,,A,US federal government source; short terminology/provenance only,2026-08-10,False,False,False,False,
union-security agreement,union-security agreement,LABOR_RELATIONS_CONCEPT,labor_relations,National Labor Relations Board — Employee / Employer / Union Rights,https://www.nlrb.gov/about-nlrb/rights-we-protect/your-rights/employer-union-rights-and-obligations,NLRB,US_FEDERAL_LABOR_RELATIONS_AUTHORITY,True,False,,LOW,,,,,A,US federal government source; short terminology/provenance only,2026-08-10,False,False,False,False,
unpaid leave,unpaid leave,LEAVE_CONCEPT,leave,"U.S. Department of Labor, Wage and Hour Division — FMLA",https://www.dol.gov/agencies/whd/fmla,DOL_FMLA,US_FEDERAL_LABOR_AUTHORITY,True,False,,LOW,,,,,A,US federal government source; short terminology/provenance only,2026-08-10,False,False,False,False,
vested benefits,vested benefits,BENEFIT_CONCEPT,employee_benefits,Employee Benefits Security Administration — Retirement Responsibilities / ERISA,https://www.dol.gov/agencies/ebsa/employers-and-advisers/small-business-owners/understanding-your-responsibilities,EBSA,US_FEDERAL_EMPLOYEE_BENEFITS_AUTHORITY,True,False,,LOW,,,,,A,US federal government source; short terminology/provenance only,2026-08-10,False,False,False,False,
vesting,vesting,BENEFIT_CONCEPT,employee_benefits,Employee Benefits Security Administration — Retirement Responsibilities / ERISA,https://www.dol.gov/agencies/ebsa/employers-and-advisers/small-business-owners/understanding-your-responsibilities,EBSA,US_FEDERAL_EMPLOYEE_BENEFITS_AUTHORITY,True,False,,MEDIUM,Single-token term; context remains important.,,,,A,US federal government source; short terminology/provenance only,2026-08-10,False,False,False,False,
veterans' preference,veterans' preference,EMPLOYEE_RELATIONS_CONCEPT,employee_relations,U.S. Merit Systems Protection Board — Merit System Principles / Prohibited Personnel Practices,https://www.mspb.gov/ppp/ppp.htm,MSPB,US_FEDERAL_MERIT_SYSTEM_AUTHORITY,True,False,,LOW,,,,,A,US federal government source; short terminology/provenance only,2026-08-10,False,False,False,False,
whistleblower,whistleblower,EMPLOYEE_RELATIONS_CONCEPT,employee_relations,U.S. Merit Systems Protection Board — Merit System Principles / Prohibited Personnel Practices,https://www.mspb.gov/ppp/ppp.htm,MSPB,US_FEDERAL_MERIT_SYSTEM_AUTHORITY,True,False,,MEDIUM,Single-token term; context remains important.,,,,A,US federal government source; short terminology/provenance only,2026-08-10,False,False,False,False,
white collar position,white collar position,HR_ADMIN_CONCEPT,classification,OPM Classification & Qualifications / Classifying General Schedule Positions,https://www.opm.gov/policy-data-oversight/classification-qualifications/classifying-general-schedule-positions/,OPM_CLASSIFICATION,US_FEDERAL_PERSONNEL_AUTHORITY,True,False,,LOW,,,,,A,US federal government source; short terminology/provenance only,2026-08-10,False,False,False,False,
within-grade increase,within-grade increase,BENEFIT_OR_COMPENSATION,leave_compensation,OPM Pay & Leave / Leave Administration,https://www.opm.gov/policy-data-oversight/pay-leave/leave-administration/,OPM_PAY_LEAVE,US_FEDERAL_PERSONNEL_AUTHORITY,True,False,,LOW,,,,,A,US federal government source; short terminology/provenance only,2026-08-10,False,False,False,False,
work environment,work environment,SAFETY_CONCEPT,workplace_safety,Occupational Safety and Health Administration — Injury and Illness Recordkeeping,https://www.osha.gov/laws-regs/regulations/standardnumber/1904/1904.7,OSHA,US_FEDERAL_WORKPLACE_SAFETY_AUTHORITY,True,False,,LOW,,,,,A,US federal government/regulatory source; short terminology/provenance only,2026-08-10,False,False,False,False,
work restriction,work restriction,SAFETY_CONCEPT,workplace_safety,Occupational Safety and Health Administration — Injury and Illness Recordkeeping,https://www.osha.gov/laws-regs/regulations/standardnumber/1904/1904.7,OSHA,US_FEDERAL_WORKPLACE_SAFETY_AUTHORITY,True,False,,LOW,,,,,A,US federal government/regulatory source; short terminology/provenance only,2026-08-10,False,False,False,False,
work-related illness,work-related illness,SAFETY_CONCEPT,workplace_safety,Occupational Safety and Health Administration — Injury and Illness Recordkeeping,https://www.osha.gov/laws-regs/regulations/standardnumber/1904/1904.7,OSHA,US_FEDERAL_WORKPLACE_SAFETY_AUTHORITY,True,False,,LOW,,,,,A,US federal government/regulatory source; short terminology/provenance only,2026-08-10,False,False,False,False,
work-related injury,work-related injury,SAFETY_CONCEPT,workplace_safety,Occupational Safety and Health Administration — Injury and Illness Recordkeeping,https://www.osha.gov/laws-regs/regulations/standardnumber/1904/1904.7,OSHA,US_FEDERAL_WORKPLACE_SAFETY_AUTHORITY,True,False,,LOW,,,,,A,US federal government/regulatory source; short terminology/provenance only,2026-08-10,False,False,False,False,
work-related injury or illness,work-related injury or illness,SAFETY_CONCEPT,workplace_safety,Occupational Safety and Health Administration — Injury and Illness Recordkeeping,https://www.osha.gov/laws-regs/regulations/standardnumber/1904/1904.7,OSHA,US_FEDERAL_WORKPLACE_SAFETY_AUTHORITY,True,False,,LOW,,,,,A,US federal government/regulatory source; short terminology/provenance only,2026-08-10,False,False,False,False,
workweek,workweek,LEAVE_CONCEPT,leave,"U.S. Department of Labor, Wage and Hour Division — FMLA",https://www.dol.gov/agencies/whd/fmla,DOL_FMLA,US_FEDERAL_LABOR_AUTHORITY,True,False,,HIGH,Single-token ordinary-English/title/name collision risk; retain as evidence only.,,,,A,US federal government source; short terminology/provenance only,2026-08-10,False,False,False,False,
