term,normalized_term,semantic_hint,category,jurisdiction,source_name,source_url,source_family,source_authority,source_authority_level,source_attested,derived_variant,parent_term,acronym,acronym_expansion,collision_risk,license_status,retrieval_date,notes,collision_census_name,cross_evidence_overlaps
AAC,aac,IDENTIFIER_TYPE,PROCUREMENT,US_FEDERAL,Acquisition.gov — Federal Acquisition Regulation Part 2,https://www.acquisition.gov/far/part-2,FAR_PART_2,Federal Acquisition Regulation,HIGH,True,False,Activity Address Code,AAC,Activity Address Code,MEDIUM,US_GOVERNMENT_WORK; definitions not redistributed,2026-08-10,Explicit acronym/abbreviation attested by source; parent expansion preserved.,false,
Access,access,RECORDS_INFORMATION,RECORDS_MANAGEMENT,US_FEDERAL,NARA — Records Management Key Terms and Acronyms,https://www.archives.gov/files/records-mgmt/rm-glossary-of-terms.pdf,NARA_RM,National Archives and Records Administration,HIGH,True,False,,,,HIGH,NARA_US_GOVERNMENT_WORK_CC0; definitions not redistributed,2026-08-10,,false,
Accession,accession,PROCESS_EVENT,RECORDS_MANAGEMENT,US_FEDERAL,NARA — Records Management Key Terms and Acronyms,https://www.archives.gov/files/records-mgmt/rm-glossary-of-terms.pdf,NARA_RM,National Archives and Records Administration,HIGH,True,False,,,,HIGH,NARA_US_GOVERNMENT_WORK_CC0; definitions not redistributed,2026-08-10,,false,
ACF,acf,ORGANIZATION,OFFICIAL_ORGANIZATION,US_FEDERAL,USAGov — A-Z Index of U.S. Government Departments and Agencies,https://www.usa.gov/agency-index,USAGOV_AGENCIES,USAGov / U.S. General Services Administration,HIGH,True,False,Administration for Children and Families,ACF,Administration for Children and Families,MEDIUM,US_GOVERNMENT_WORK; official organization names only,2026-08-10,Explicit acronym/abbreviation attested by source; parent expansion preserved.,false,
ACHP,achp,ORGANIZATION,OFFICIAL_ORGANIZATION,US_FEDERAL,USAGov — A-Z Index of U.S. Government Departments and Agencies,https://www.usa.gov/agency-index,USAGOV_AGENCIES,USAGov / U.S. General Services Administration,HIGH,True,False,Advisory Council on Historic Preservation,ACHP,Advisory Council on Historic Preservation,MEDIUM,US_GOVERNMENT_WORK; official organization names only,2026-08-10,Explicit acronym/abbreviation attested by source; parent expansion preserved.,false,
Acquisition,acquisition,PROCUREMENT,PROCUREMENT,US_FEDERAL,Acquisition.gov — Federal Acquisition Regulation Part 2,https://www.acquisition.gov/far/part-2,FAR_PART_2,Federal Acquisition Regulation,HIGH,True,False,,,,HIGH,US_GOVERNMENT_WORK; definitions not redistributed,2026-08-10,FAR 2.101,false,
Acquisition Planning,acquisition planning,PROCESS_EVENT,PROCUREMENT,US_FEDERAL,Acquisition.gov — Federal Acquisition Regulation Part 2,https://www.acquisition.gov/far/part-2,FAR_PART_2,Federal Acquisition Regulation,HIGH,True,False,,,,MEDIUM,US_GOVERNMENT_WORK; definitions not redistributed,2026-08-10,,false,
Active Records,active records,RECORDS_INFORMATION,RECORDS_MANAGEMENT,US_FEDERAL,NARA — Records Management Key Terms and Acronyms,https://www.archives.gov/files/records-mgmt/rm-glossary-of-terms.pdf,NARA_RM,National Archives and Records Administration,HIGH,True,False,,,,MEDIUM,NARA_US_GOVERNMENT_WORK_CC0; definitions not redistributed,2026-08-10,,false,
Activity Address Code,activity address code,IDENTIFIER_TYPE,PROCUREMENT,US_FEDERAL,Acquisition.gov — Federal Acquisition Regulation Part 2,https://www.acquisition.gov/far/part-2,FAR_PART_2,Federal Acquisition Regulation,HIGH,True,False,,AAC,Activity Address Code,MEDIUM,US_GOVERNMENT_WORK; definitions not redistributed,2026-08-10,explicit source acronym,false,
ACUS,acus,ORGANIZATION,OFFICIAL_ORGANIZATION,US_FEDERAL,USAGov — A-Z Index of U.S. Government Departments and Agencies,https://www.usa.gov/agency-index,USAGOV_AGENCIES,USAGov / U.S. General Services Administration,HIGH,True,False,Administrative Conference of the United States,ACUS,Administrative Conference of the United States,MEDIUM,US_GOVERNMENT_WORK; official organization names only,2026-08-10,Explicit acronym/abbreviation attested by source; parent expansion preserved.,false,
Adequate Evidence,adequate evidence,LEGAL_ADMIN,PROCUREMENT,US_FEDERAL,Acquisition.gov — Federal Acquisition Regulation Part 2,https://www.acquisition.gov/far/part-2,FAR_PART_2,Federal Acquisition Regulation,HIGH,True,False,,,,MEDIUM,US_GOVERNMENT_WORK; definitions not redistributed,2026-08-10,,false,
Administration for Children and Families,administration for children and families,ORGANIZATION,OFFICIAL_ORGANIZATION,US_FEDERAL,USAGov — A-Z Index of U.S. Government Departments and Agencies,https://www.usa.gov/agency-index,USAGOV_AGENCIES,USAGov / U.S. General Services Administration,HIGH,True,False,,ACF,Administration for Children and Families,MEDIUM,US_GOVERNMENT_WORK; official organization names only,2026-08-10,official organization name,false,
Administrative Conference of the United States,administrative conference of the united states,ORGANIZATION,OFFICIAL_ORGANIZATION,US_FEDERAL,USAGov — A-Z Index of U.S. Government Departments and Agencies,https://www.usa.gov/agency-index,USAGOV_AGENCIES,USAGov / U.S. General Services Administration,HIGH,True,False,,ACUS,Administrative Conference of the United States,MEDIUM,US_GOVERNMENT_WORK; official organization names only,2026-08-10,official organization name,false,
Administrative FOIA Appeal,administrative foia appeal,ADMINISTRATIVE_PROCEEDING,PUBLIC_RECORDS,US_FEDERAL,FOIA.gov — Glossary,https://www.foia.gov/data.html,FOIA_GOV,"U.S. Department of Justice, Office of Information Policy",HIGH,True,False,,,,LOW,DOJ_PUBLIC_DOMAIN_UNLESS_INDICATED; definitions not redistributed,2026-08-10,,false,
Administrative Office of the U.S. Courts,administrative office of the u.s. courts,ORGANIZATION,OFFICIAL_ORGANIZATION,US_FEDERAL,USAGov — A-Z Index of U.S. Government Departments and Agencies,https://www.usa.gov/agency-index,USAGOV_AGENCIES,USAGov / U.S. General Services Administration,HIGH,True,False,,,,LOW,US_GOVERNMENT_WORK; official organization names only,2026-08-10,official organization name,false,
Administrative Practice and Procedure,administrative practice and procedure,RULEMAKING,RULEMAKING,US_FEDERAL,Office of the Federal Register — Reader Aids / Rulemaking,https://www.federalregister.gov/reader-aids,FEDERAL_REGISTER,Office of the Federal Register,HIGH,True,False,,,,LOW,US_GOVERNMENT_WORK; terminology only,2026-08-10,CFR indexing term,false,
Administrative Records,administrative records,RECORDS_INFORMATION,RECORDS_MANAGEMENT,US_FEDERAL,NARA — Records Management Key Terms and Acronyms,https://www.archives.gov/files/records-mgmt/rm-glossary-of-terms.pdf,NARA_RM,National Archives and Records Administration,HIGH,True,False,,,,MEDIUM,NARA_US_GOVERNMENT_WORK_CC0; definitions not redistributed,2026-08-10,,false,
Advance Notice of Proposed Rulemaking,advance notice of proposed rulemaking,RULEMAKING,RULEMAKING,US_FEDERAL,Office of the Federal Register — Reader Aids / Rulemaking,https://www.federalregister.gov/reader-aids,FEDERAL_REGISTER,Office of the Federal Register,HIGH,True,False,,ANPRM,Advance Notice of Proposed Rulemaking,MEDIUM,US_GOVERNMENT_WORK; terminology only,2026-08-10,explicit rulemaking acronym,false,
Advisory and Assistance Services,advisory and assistance services,PROCUREMENT,PROCUREMENT,US_FEDERAL,Acquisition.gov — Federal Acquisition Regulation Part 2,https://www.acquisition.gov/far/part-2,FAR_PART_2,Federal Acquisition Regulation,HIGH,True,False,,,,LOW,US_GOVERNMENT_WORK; definitions not redistributed,2026-08-10,,false,
Advisory Committees,advisory committees,GOVERNMENT_STRUCTURE,PUBLIC_MEETINGS,US_FEDERAL,Office of the Federal Register — Reader Aids / Rulemaking,https://www.federalregister.gov/reader-aids,FEDERAL_REGISTER,Office of the Federal Register,HIGH,True,False,,,,MEDIUM,US_GOVERNMENT_WORK; terminology only,2026-08-10,CFR indexing term,false,
Advisory Council on Historic Preservation,advisory council on historic preservation,ORGANIZATION,OFFICIAL_ORGANIZATION,US_FEDERAL,USAGov — A-Z Index of U.S. Government Departments and Agencies,https://www.usa.gov/agency-index,USAGOV_AGENCIES,USAGov / U.S. General Services Administration,HIGH,True,False,,ACHP,Advisory Council on Historic Preservation,MEDIUM,US_GOVERNMENT_WORK; official organization names only,2026-08-10,official organization name,false,
Affiliates,affiliates,ORGANIZATION,PROCUREMENT,US_FEDERAL,Acquisition.gov — Federal Acquisition Regulation Part 2,https://www.acquisition.gov/far/part-2,FAR_PART_2,Federal Acquisition Regulation,HIGH,True,False,,,,HIGH,US_GOVERNMENT_WORK; definitions not redistributed,2026-08-10,,false,
Agency,agency,GOVERNMENT_STRUCTURE,PUBLIC_RECORDS,US_FEDERAL,FOIA.gov — Glossary,https://www.foia.gov/data.html,FOIA_GOV,"U.S. Department of Justice, Office of Information Policy",HIGH,True,False,,,,HIGH,DOJ_PUBLIC_DOMAIN_UNLESS_INDICATED; definitions not redistributed,2026-08-10,FOIA glossary sense,false,
Agency Component,agency component,GOVERNMENT_STRUCTURE,PUBLIC_RECORDS,US_FEDERAL,FOIA.gov — Glossary,https://www.foia.gov/data.html,FOIA_GOV,"U.S. Department of Justice, Office of Information Policy",HIGH,True,False,,,,MEDIUM,DOJ_PUBLIC_DOMAIN_UNLESS_INDICATED; definitions not redistributed,2026-08-10,,false,
Agency Docket,agency docket,DOCUMENT_SYSTEM,RULEMAKING,US_FEDERAL,Office of the Federal Register — Reader Aids / Rulemaking,https://www.federalregister.gov/reader-aids,FEDERAL_REGISTER,Office of the Federal Register,HIGH,True,False,,,,MEDIUM,US_GOVERNMENT_WORK; terminology only,2026-08-10,,false,
Agency for Healthcare Research and Quality,agency for healthcare research and quality,ORGANIZATION,OFFICIAL_ORGANIZATION,US_FEDERAL,USAGov — A-Z Index of U.S. Government Departments and Agencies,https://www.usa.gov/agency-index,USAGOV_AGENCIES,USAGov / U.S. General Services Administration,HIGH,True,False,,AHRQ,Agency for Healthcare Research and Quality,MEDIUM,US_GOVERNMENT_WORK; official organization names only,2026-08-10,official organization name,false,
Agency Head,agency head,ROLE,GOVERNMENT_STRUCTURE,US_FEDERAL,Acquisition.gov — Federal Acquisition Regulation Part 2,https://www.acquisition.gov/far/part-2,FAR_PART_2,Federal Acquisition Regulation,HIGH,True,False,,,,MEDIUM,US_GOVERNMENT_WORK; definitions not redistributed,2026-08-10,,false,
Agency Mission,agency mission,PROGRAM_ADMIN,RECORDS_MANAGEMENT,US_FEDERAL,NARA — Records Management Key Terms and Acronyms,https://www.archives.gov/files/records-mgmt/rm-glossary-of-terms.pdf,NARA_RM,National Archives and Records Administration,HIGH,True,False,,,,MEDIUM,NARA_US_GOVERNMENT_WORK_CC0; definitions not redistributed,2026-08-10,,false,
Agency Record,agency record,RECORDS_INFORMATION,PUBLIC_RECORDS,US_FEDERAL,FOIA.gov — Glossary,https://www.foia.gov/data.html,FOIA_GOV,"U.S. Department of Justice, Office of Information Policy",HIGH,True,False,,,,MEDIUM,DOJ_PUBLIC_DOMAIN_UNLESS_INDICATED; definitions not redistributed,2026-08-10,,false,
Agency Records Officer,agency records officer,ROLE,RECORDS_MANAGEMENT,US_FEDERAL,NARA — Records Management Key Terms and Acronyms,https://www.archives.gov/files/records-mgmt/rm-glossary-of-terms.pdf,NARA_RM,National Archives and Records Administration,HIGH,True,False,,ARO,Agency Records Officer,MEDIUM,NARA_US_GOVERNMENT_WORK_CC0; definitions not redistributed,2026-08-10,explicit source acronym,false,
Agency Records Schedule,agency records schedule,DOCUMENT,RECORDS_MANAGEMENT,US_FEDERAL,NARA — Records Management Key Terms and Acronyms,https://www.archives.gov/files/records-mgmt/rm-glossary-of-terms.pdf,NARA_RM,National Archives and Records Administration,HIGH,True,False,,,,LOW,NARA_US_GOVERNMENT_WORK_CC0; definitions not redistributed,2026-08-10,,false,
Agency Specific Data Sets,agency specific data sets,DATA_SYSTEM,GRANTS,US_FEDERAL,Grants.gov — Grant Terminology,https://grants.gov/learn-grants/grant-terminology,GRANTS_GOV,U.S. federal government grants portal,HIGH,True,False,,,,LOW,US_GOVERNMENT_WORK; definitions not redistributed,2026-08-10,source-attested glossary heading,false,
Agricultural Marketing Service,agricultural marketing service,ORGANIZATION,OFFICIAL_ORGANIZATION,US_FEDERAL,USAGov — A-Z Index of U.S. Government Departments and Agencies,https://www.usa.gov/agency-index,USAGOV_AGENCIES,USAGov / U.S. General Services Administration,HIGH,True,False,,AMS,Agricultural Marketing Service,MEDIUM,US_GOVERNMENT_WORK; official organization names only,2026-08-10,official organization name,false,
Agricultural Research Service,agricultural research service,ORGANIZATION,OFFICIAL_ORGANIZATION,US_FEDERAL,USAGov — A-Z Index of U.S. Government Departments and Agencies,https://www.usa.gov/agency-index,USAGOV_AGENCIES,USAGov / U.S. General Services Administration,HIGH,True,False,,ARS,Agricultural Research Service,MEDIUM,US_GOVERNMENT_WORK; official organization names only,2026-08-10,official organization name,false,
AHRQ,ahrq,ORGANIZATION,OFFICIAL_ORGANIZATION,US_FEDERAL,USAGov — A-Z Index of U.S. Government Departments and Agencies,https://www.usa.gov/agency-index,USAGOV_AGENCIES,USAGov / U.S. General Services Administration,HIGH,True,False,Agency for Healthcare Research and Quality,AHRQ,Agency for Healthcare Research and Quality,MEDIUM,US_GOVERNMENT_WORK; official organization names only,2026-08-10,Explicit acronym/abbreviation attested by source; parent expansion preserved.,false,
Alcohol and Tobacco Tax and Trade Bureau,alcohol and tobacco tax and trade bureau,ORGANIZATION,OFFICIAL_ORGANIZATION,US_FEDERAL,USAGov — A-Z Index of U.S. Government Departments and Agencies,https://www.usa.gov/agency-index,USAGOV_AGENCIES,USAGov / U.S. General Services Administration,HIGH,True,False,,TTB,Alcohol and Tobacco Tax and Trade Bureau,MEDIUM,US_GOVERNMENT_WORK; official organization names only,2026-08-10,official organization name,false,
Alienated Records,alienated records,RECORDS_INFORMATION,RECORDS_MANAGEMENT,US_FEDERAL,NARA — Records Management Key Terms and Acronyms,https://www.archives.gov/files/records-mgmt/rm-glossary-of-terms.pdf,NARA_RM,National Archives and Records Administration,HIGH,True,False,,,,MEDIUM,NARA_US_GOVERNMENT_WORK_CC0; definitions not redistributed,2026-08-10,,false,
ALN,aln,IDENTIFIER_TYPE,GRANTS,US_FEDERAL,Grants.gov — Grant Terminology,https://grants.gov/learn-grants/grant-terminology,GRANTS_GOV,U.S. federal government grants portal,HIGH,True,False,Assistance Listing Number,ALN,Assistance Listing Number,MEDIUM,US_GOVERNMENT_WORK; definitions not redistributed,2026-08-10,Explicit acronym/abbreviation attested by source; parent expansion preserved.,false,
Alternate,alternate,DOCUMENT,PROCUREMENT,US_FEDERAL,Acquisition.gov — Federal Acquisition Regulation Part 2,https://www.acquisition.gov/far/part-2,FAR_PART_2,Federal Acquisition Regulation,HIGH,True,False,,,,HIGH,US_GOVERNMENT_WORK; definitions not redistributed,2026-08-10,FAR provision/clause sense,false,
AMS,ams,ORGANIZATION,OFFICIAL_ORGANIZATION,US_FEDERAL,USAGov — A-Z Index of U.S. Government Departments and Agencies,https://www.usa.gov/agency-index,USAGOV_AGENCIES,USAGov / U.S. General Services Administration,HIGH,True,False,Agricultural Marketing Service,AMS,Agricultural Marketing Service,MEDIUM,US_GOVERNMENT_WORK; official organization names only,2026-08-10,Explicit acronym/abbreviation attested by source; parent expansion preserved.,true,
Annual FOIA Report,annual foia report,DOCUMENT,PUBLIC_RECORDS,US_FEDERAL,FOIA.gov — Glossary,https://www.foia.gov/data.html,FOIA_GOV,"U.S. Department of Justice, Office of Information Policy",HIGH,True,False,,,,LOW,DOJ_PUBLIC_DOMAIN_UNLESS_INDICATED; definitions not redistributed,2026-08-10,,false,
Annual FOIA Report Handbook,annual foia report handbook,DOCUMENT,PUBLIC_RECORDS,US_FEDERAL,FOIA.gov — Glossary,https://www.foia.gov/data.html,FOIA_GOV,"U.S. Department of Justice, Office of Information Policy",HIGH,True,False,,,,LOW,DOJ_PUBLIC_DOMAIN_UNLESS_INDICATED; definitions not redistributed,2026-08-10,,false,
Annual Publication of Assistance Listings,annual publication of assistance listings,DOCUMENT_SYSTEM,GRANTS,US_FEDERAL,Grants.gov — Grant Terminology,https://grants.gov/learn-grants/grant-terminology,GRANTS_GOV,U.S. federal government grants portal,HIGH,True,False,,APAL,Annual Publication of Assistance Listings,MEDIUM,US_GOVERNMENT_WORK; definitions not redistributed,2026-08-10,explicit source acronym,false,
ANPRM,anprm,RULEMAKING,RULEMAKING,US_FEDERAL,Office of the Federal Register — Reader Aids / Rulemaking,https://www.federalregister.gov/reader-aids,FEDERAL_REGISTER,Office of the Federal Register,HIGH,True,False,Advance Notice of Proposed Rulemaking,ANPRM,Advance Notice of Proposed Rulemaking,MEDIUM,US_GOVERNMENT_WORK; terminology only,2026-08-10,Explicit acronym/abbreviation attested by source; parent expansion preserved.,false,
AOR,aor,ROLE,GRANTS,US_FEDERAL,Grants.gov — Grant Terminology,https://grants.gov/learn-grants/grant-terminology,GRANTS_GOV,U.S. federal government grants portal,HIGH,True,False,Authorized Organization Representative,AOR,Authorized Organization Representative,MEDIUM,US_GOVERNMENT_WORK; definitions not redistributed,2026-08-10,Explicit acronym/abbreviation attested by source; parent expansion preserved.,false,
APAL,apal,DOCUMENT_SYSTEM,GRANTS,US_FEDERAL,Grants.gov — Grant Terminology,https://grants.gov/learn-grants/grant-terminology,GRANTS_GOV,U.S. federal government grants portal,HIGH,True,False,Annual Publication of Assistance Listings,APAL,Annual Publication of Assistance Listings,MEDIUM,US_GOVERNMENT_WORK; definitions not redistributed,2026-08-10,Explicit acronym/abbreviation attested by source; parent expansion preserved.,false,
Appalachian Regional Commission,appalachian regional commission,ORGANIZATION,OFFICIAL_ORGANIZATION,US_FEDERAL,USAGov — A-Z Index of U.S. Government Departments and Agencies,https://www.usa.gov/agency-index,USAGOV_AGENCIES,USAGov / U.S. General Services Administration,HIGH,True,False,,ARC,Appalachian Regional Commission,MEDIUM,US_GOVERNMENT_WORK; official organization names only,2026-08-10,official organization name,false,
Applicant,applicant,ROLE,GRANTS,US_FEDERAL,Grants.gov — Grant Terminology,https://grants.gov/learn-grants/grant-terminology,GRANTS_GOV,U.S. federal government grants portal,HIGH,True,False,,,,HIGH,US_GOVERNMENT_WORK; definitions not redistributed,2026-08-10,,false,higher_ed
Application,application,DOCUMENT,GRANTS,US_FEDERAL,Grants.gov — Grant Terminology,https://grants.gov/learn-grants/grant-terminology,GRANTS_GOV,U.S. federal government grants portal,HIGH,True,False,,,,HIGH,US_GOVERNMENT_WORK; definitions not redistributed,2026-08-10,,false,
Application Package Template,application package template,DOCUMENT_SYSTEM,GRANTS,US_FEDERAL,Grants.gov — Grant Terminology,https://grants.gov/learn-grants/grant-terminology,GRANTS_GOV,U.S. federal government grants portal,HIGH,True,False,,,,LOW,US_GOVERNMENT_WORK; definitions not redistributed,2026-08-10,,false,
ARC,arc,ORGANIZATION,OFFICIAL_ORGANIZATION,US_FEDERAL,USAGov — A-Z Index of U.S. Government Departments and Agencies,https://www.usa.gov/agency-index,USAGOV_AGENCIES,USAGov / U.S. General Services Administration,HIGH,True,False,Appalachian Regional Commission,ARC,Appalachian Regional Commission,MEDIUM,US_GOVERNMENT_WORK; official organization names only,2026-08-10,Explicit acronym/abbreviation attested by source; parent expansion preserved.,false,
Architect-Engineer Services,architect-engineer services,PROCUREMENT,PROCUREMENT,US_FEDERAL,Acquisition.gov — Federal Acquisition Regulation Part 2,https://www.acquisition.gov/far/part-2,FAR_PART_2,Federal Acquisition Regulation,HIGH,True,False,,,,LOW,US_GOVERNMENT_WORK; definitions not redistributed,2026-08-10,,false,
Archives Records Center Information System,archives records center information system,DATA_SYSTEM,RECORDS_MANAGEMENT,US_FEDERAL,NARA — Records Management Key Terms and Acronyms,https://www.archives.gov/files/records-mgmt/rm-glossary-of-terms.pdf,NARA_RM,National Archives and Records Administration,HIGH,True,False,,ARCIS,Archives Records Center Information System,MEDIUM,NARA_US_GOVERNMENT_WORK_CC0; definitions not redistributed,2026-08-10,explicit source acronym,false,
ARCIS,arcis,DATA_SYSTEM,RECORDS_MANAGEMENT,US_FEDERAL,NARA — Records Management Key Terms and Acronyms,https://www.archives.gov/files/records-mgmt/rm-glossary-of-terms.pdf,NARA_RM,National Archives and Records Administration,HIGH,True,False,Archives Records Center Information System,ARCIS,Archives Records Center Information System,MEDIUM,NARA_US_GOVERNMENT_WORK_CC0; definitions not redistributed,2026-08-10,Explicit acronym/abbreviation attested by source; parent expansion preserved.,false,
ARO,aro,ROLE,RECORDS_MANAGEMENT,US_FEDERAL,NARA — Records Management Key Terms and Acronyms,https://www.archives.gov/files/records-mgmt/rm-glossary-of-terms.pdf,NARA_RM,National Archives and Records Administration,HIGH,True,False,Agency Records Officer,ARO,Agency Records Officer,MEDIUM,NARA_US_GOVERNMENT_WORK_CC0; definitions not redistributed,2026-08-10,Explicit acronym/abbreviation attested by source; parent expansion preserved.,true,
ARS,ars,ORGANIZATION,OFFICIAL_ORGANIZATION,US_FEDERAL,USAGov — A-Z Index of U.S. Government Departments and Agencies,https://www.usa.gov/agency-index,USAGOV_AGENCIES,USAGov / U.S. General Services Administration,HIGH,True,False,Agricultural Research Service,ARS,Agricultural Research Service,MEDIUM,US_GOVERNMENT_WORK; official organization names only,2026-08-10,Explicit acronym/abbreviation attested by source; parent expansion preserved.,false,
Asset,asset,PROPERTY_ADMIN,RECORDS_MANAGEMENT,US_FEDERAL,NARA — Records Management Key Terms and Acronyms,https://www.archives.gov/files/records-mgmt/rm-glossary-of-terms.pdf,NARA_RM,National Archives and Records Administration,HIGH,True,False,,,,HIGH,NARA_US_GOVERNMENT_WORK_CC0; definitions not redistributed,2026-08-10,,false,finance_accounting_tax
Asset Management,asset management,PROPERTY_ADMIN,RECORDS_MANAGEMENT,US_FEDERAL,NARA — Records Management Key Terms and Acronyms,https://www.archives.gov/files/records-mgmt/rm-glossary-of-terms.pdf,NARA_RM,National Archives and Records Administration,HIGH,True,False,,,,MEDIUM,NARA_US_GOVERNMENT_WORK_CC0; definitions not redistributed,2026-08-10,,false,
Assignment of Claims,assignment of claims,FISCAL_ADMIN,PROCUREMENT,US_FEDERAL,Acquisition.gov — Federal Acquisition Regulation Part 2,https://www.acquisition.gov/far/part-2,FAR_PART_2,Federal Acquisition Regulation,HIGH,True,False,,,,LOW,US_GOVERNMENT_WORK; definitions not redistributed,2026-08-10,,false,
Assistance Listing Number,assistance listing number,IDENTIFIER_TYPE,GRANTS,US_FEDERAL,Grants.gov — Grant Terminology,https://grants.gov/learn-grants/grant-terminology,GRANTS_GOV,U.S. federal government grants portal,HIGH,True,False,,ALN,Assistance Listing Number,MEDIUM,US_GOVERNMENT_WORK; definitions not redistributed,2026-08-10,explicit source acronym,false,
Assistance Listings,assistance listings,PROGRAM_ADMIN,GRANTS,US_FEDERAL,Grants.gov — Grant Terminology,https://grants.gov/learn-grants/grant-terminology,GRANTS_GOV,U.S. federal government grants portal,HIGH,True,False,,,,MEDIUM,US_GOVERNMENT_WORK; definitions not redistributed,2026-08-10,,false,
Assisted Acquisition,assisted acquisition,PROCUREMENT,PROCUREMENT,US_FEDERAL,Acquisition.gov — Federal Acquisition Regulation Part 2,https://www.acquisition.gov/far/part-2,FAR_PART_2,Federal Acquisition Regulation,HIGH,True,False,,,,MEDIUM,US_GOVERNMENT_WORK; definitions not redistributed,2026-08-10,,false,
ATF,atf,ORGANIZATION,OFFICIAL_ORGANIZATION,US_FEDERAL,USAGov — A-Z Index of U.S. Government Departments and Agencies,https://www.usa.gov/agency-index,USAGOV_AGENCIES,USAGov / U.S. General Services Administration,HIGH,True,False,"Bureau of Alcohol, Tobacco, Firearms and Explosives",ATF,"Bureau of Alcohol, Tobacco, Firearms and Explosives",MEDIUM,US_GOVERNMENT_WORK; official organization names only,2026-08-10,Explicit acronym/abbreviation attested by source; parent expansion preserved.,false,
Authorized Organization Representative,authorized organization representative,ROLE,GRANTS,US_FEDERAL,Grants.gov — Grant Terminology,https://grants.gov/learn-grants/grant-terminology,GRANTS_GOV,U.S. federal government grants portal,HIGH,True,False,,AOR,Authorized Organization Representative,MEDIUM,US_GOVERNMENT_WORK; definitions not redistributed,2026-08-10,explicit source acronym,false,
Award,award,PROGRAM_ADMIN,GRANTS,US_FEDERAL,Grants.gov — Grant Terminology,https://grants.gov/learn-grants/grant-terminology,GRANTS_GOV,U.S. federal government grants portal,HIGH,True,False,,,,HIGH,US_GOVERNMENT_WORK; definitions not redistributed,2026-08-10,,false,
Backlog,backlog,PROCESS_EVENT,PUBLIC_RECORDS,US_FEDERAL,FOIA.gov — Glossary,https://www.foia.gov/data.html,FOIA_GOV,"U.S. Department of Justice, Office of Information Policy",HIGH,True,False,,,,HIGH,DOJ_PUBLIC_DOMAIN_UNLESS_INDICATED; definitions not redistributed,2026-08-10,,false,
Band,band,EMPLOYMENT_ADMIN,GOVERNMENT_EMPLOYMENT,US_FEDERAL,OPM — Classification & Qualifications,https://www.opm.gov/policy-data-oversight/classification-qualifications/,OPM_CLASSIFICATION,U.S. Office of Personnel Management,HIGH,True,False,,,,HIGH,US_GOVERNMENT_WORK; terminology only,2026-08-10,,true,
Basic Research,basic research,PROGRAM_ADMIN,PROCUREMENT,US_FEDERAL,Acquisition.gov — Federal Acquisition Regulation Part 2,https://www.acquisition.gov/far/part-2,FAR_PART_2,Federal Acquisition Regulation,HIGH,True,False,,,,MEDIUM,US_GOVERNMENT_WORK; definitions not redistributed,2026-08-10,,false,
Best Value,best value,PROCUREMENT,PROCUREMENT,US_FEDERAL,Acquisition.gov — Federal Acquisition Regulation Part 2,https://www.acquisition.gov/far/part-2,FAR_PART_2,Federal Acquisition Regulation,HIGH,True,False,,,,MEDIUM,US_GOVERNMENT_WORK; definitions not redistributed,2026-08-10,,false,
BIA,bia,ENFORCEMENT_COMPLIANCE,RECORDS_MANAGEMENT,US_FEDERAL,NARA — Records Management Key Terms and Acronyms,https://www.archives.gov/files/records-mgmt/rm-glossary-of-terms.pdf,NARA_RM,National Archives and Records Administration,HIGH,True,False,Business Impact Analysis,BIA,Business Impact Analysis,MEDIUM,NARA_US_GOVERNMENT_WORK_CC0; definitions not redistributed,2026-08-10,Explicit acronym/abbreviation attested by source; parent expansion preserved.,true,
Bid Sample,bid sample,DOCUMENT,PROCUREMENT,US_FEDERAL,Acquisition.gov — Federal Acquisition Regulation Part 2,https://www.acquisition.gov/far/part-2,FAR_PART_2,Federal Acquisition Regulation,HIGH,True,False,,,,MEDIUM,US_GOVERNMENT_WORK; definitions not redistributed,2026-08-10,,false,
Big Bucket/Large Aggregation Schedule,big bucket/large aggregation schedule,DOCUMENT,RECORDS_MANAGEMENT,US_FEDERAL,NARA — Records Management Key Terms and Acronyms,https://www.archives.gov/files/records-mgmt/rm-glossary-of-terms.pdf,NARA_RM,National Archives and Records Administration,HIGH,True,False,,,,LOW,NARA_US_GOVERNMENT_WORK_CC0; definitions not redistributed,2026-08-10,,false,
Biobased Product,biobased product,PROCUREMENT,PROCUREMENT,US_FEDERAL,Acquisition.gov — Federal Acquisition Regulation Part 2,https://www.acquisition.gov/far/part-2,FAR_PART_2,Federal Acquisition Regulation,HIGH,True,False,,,,MEDIUM,US_GOVERNMENT_WORK; definitions not redistributed,2026-08-10,,false,
Blocking,blocking,PROCESS_EVENT,RECORDS_MANAGEMENT,US_FEDERAL,NARA — Records Management Key Terms and Acronyms,https://www.archives.gov/files/records-mgmt/rm-glossary-of-terms.pdf,NARA_RM,National Archives and Records Administration,HIGH,True,False,,,,HIGH,NARA_US_GOVERNMENT_WORK_CC0; definitions not redistributed,2026-08-10,records scheduling sense,false,
BPA,bpa,PROCESS_EVENT,RECORDS_MANAGEMENT,US_FEDERAL,NARA — Records Management Key Terms and Acronyms,https://www.archives.gov/files/records-mgmt/rm-glossary-of-terms.pdf,NARA_RM,National Archives and Records Administration,HIGH,True,False,Business Process Analysis,BPA,Business Process Analysis,MEDIUM,NARA_US_GOVERNMENT_WORK_CC0; definitions not redistributed,2026-08-10,Explicit acronym/abbreviation attested by source; parent expansion preserved.,false,
Budget,budget,FISCAL_ADMIN,GRANTS,US_FEDERAL,Grants.gov — Grant Terminology,https://grants.gov/learn-grants/grant-terminology,GRANTS_GOV,U.S. federal government grants portal,HIGH,True,False,,,,HIGH,US_GOVERNMENT_WORK; definitions not redistributed,2026-08-10,,false,finance_accounting_tax
"Bureau of Alcohol, Tobacco, Firearms and Explosives","bureau of alcohol, tobacco, firearms and explosives",ORGANIZATION,OFFICIAL_ORGANIZATION,US_FEDERAL,USAGov — A-Z Index of U.S. Government Departments and Agencies,https://www.usa.gov/agency-index,USAGOV_AGENCIES,USAGov / U.S. General Services Administration,HIGH,True,False,,ATF,"Bureau of Alcohol, Tobacco, Firearms and Explosives",MEDIUM,US_GOVERNMENT_WORK; official organization names only,2026-08-10,official organization name,false,
Business Impact Analysis,business impact analysis,ENFORCEMENT_COMPLIANCE,RECORDS_MANAGEMENT,US_FEDERAL,NARA — Records Management Key Terms and Acronyms,https://www.archives.gov/files/records-mgmt/rm-glossary-of-terms.pdf,NARA_RM,National Archives and Records Administration,HIGH,True,False,,BIA,Business Impact Analysis,MEDIUM,NARA_US_GOVERNMENT_WORK_CC0; definitions not redistributed,2026-08-10,NARA acronym table,false,
Business Process Analysis,business process analysis,PROCESS_EVENT,RECORDS_MANAGEMENT,US_FEDERAL,NARA — Records Management Key Terms and Acronyms,https://www.archives.gov/files/records-mgmt/rm-glossary-of-terms.pdf,NARA_RM,National Archives and Records Administration,HIGH,True,False,,BPA,Business Process Analysis,MEDIUM,NARA_US_GOVERNMENT_WORK_CC0; definitions not redistributed,2026-08-10,NARA acronym table,false,
CAGE,cage,IDENTIFIER_TYPE,PROCUREMENT,US_FEDERAL,Acquisition.gov — Federal Acquisition Regulation Part 2,https://www.acquisition.gov/far/part-2,FAR_PART_2,Federal Acquisition Regulation,HIGH,True,False,Commercial and Government Entity Code,CAGE,Commercial and Government Entity,MEDIUM,US_GOVERNMENT_WORK; definitions not redistributed,2026-08-10,Explicit acronym/abbreviation attested by source; parent expansion preserved.,true,
CAGE Code,cage code,IDENTIFIER_TYPE,GRANTS,US_FEDERAL,Grants.gov — Grant Terminology,https://grants.gov/learn-grants/grant-terminology,GRANTS_GOV,U.S. federal government grants portal,HIGH,True,False,,,,MEDIUM,US_GOVERNMENT_WORK; definitions not redistributed,2026-08-10,,false,
Capital Planning and Investment Control,capital planning and investment control,FISCAL_ADMIN,RECORDS_MANAGEMENT,US_FEDERAL,NARA — Records Management Key Terms and Acronyms,https://www.archives.gov/files/records-mgmt/rm-glossary-of-terms.pdf,NARA_RM,National Archives and Records Administration,HIGH,True,False,,CPIC,Capital Planning and Investment Control,MEDIUM,NARA_US_GOVERNMENT_WORK_CC0; definitions not redistributed,2026-08-10,NARA acronym table,false,
Case Management System,case management system,DATA_SYSTEM,PUBLIC_RECORDS,US_FEDERAL,FOIA.gov — Glossary,https://www.foia.gov/data.html,FOIA_GOV,"U.S. Department of Justice, Office of Information Policy",HIGH,True,False,,,,LOW,DOJ_PUBLIC_DOMAIN_UNLESS_INDICATED; definitions not redistributed,2026-08-10,,false,
Catalog of Federal Domestic Assistance,catalog of federal domestic assistance,DOCUMENT_SYSTEM,GRANTS,US_FEDERAL,Grants.gov — Grant Terminology,https://grants.gov/learn-grants/grant-terminology,GRANTS_GOV,U.S. federal government grants portal,HIGH,True,False,,CFDA,Catalog of Federal Domestic Assistance,MEDIUM,US_GOVERNMENT_WORK; definitions not redistributed,2026-08-10,legacy source terminology,false,
Certification of Identity,certification of identity,DOCUMENT,PUBLIC_RECORDS,US_FEDERAL,FOIA.gov — Glossary,https://www.foia.gov/data.html,FOIA_GOV,"U.S. Department of Justice, Office of Information Policy",HIGH,True,False,,,,LOW,DOJ_PUBLIC_DOMAIN_UNLESS_INDICATED; definitions not redistributed,2026-08-10,,false,
CFDA,cfda,DOCUMENT_SYSTEM,GRANTS,US_FEDERAL,Grants.gov — Grant Terminology,https://grants.gov/learn-grants/grant-terminology,GRANTS_GOV,U.S. federal government grants portal,HIGH,True,False,Catalog of Federal Domestic Assistance,CFDA,Catalog of Federal Domestic Assistance,MEDIUM,US_GOVERNMENT_WORK; definitions not redistributed,2026-08-10,Explicit acronym/abbreviation attested by source; parent expansion preserved.,false,
CFR Indexing Terms,cfr indexing terms,DOCUMENT_SYSTEM,RULEMAKING,US_FEDERAL,Office of the Federal Register — Reader Aids / Rulemaking,https://www.federalregister.gov/reader-aids,FEDERAL_REGISTER,Office of the Federal Register,HIGH,True,False,,,,LOW,US_GOVERNMENT_WORK; terminology only,2026-08-10,Federal Register common indexing vocabulary,false,
Chief FOIA Officer,chief foia officer,ROLE,PUBLIC_RECORDS,US_FEDERAL,FOIA.gov — Glossary,https://www.foia.gov/data.html,FOIA_GOV,"U.S. Department of Justice, Office of Information Policy",HIGH,True,False,,,,LOW,DOJ_PUBLIC_DOMAIN_UNLESS_INDICATED; definitions not redistributed,2026-08-10,,false,
Chief Information Officer,chief information officer,ROLE,RECORDS_MANAGEMENT,US_FEDERAL,NARA — Records Management Key Terms and Acronyms,https://www.archives.gov/files/records-mgmt/rm-glossary-of-terms.pdf,NARA_RM,National Archives and Records Administration,HIGH,True,False,,CIO,Chief Information Officer,MEDIUM,NARA_US_GOVERNMENT_WORK_CC0; definitions not redistributed,2026-08-10,NARA acronym table,false,
CIO,cio,ROLE,RECORDS_MANAGEMENT,US_FEDERAL,NARA — Records Management Key Terms and Acronyms,https://www.archives.gov/files/records-mgmt/rm-glossary-of-terms.pdf,NARA_RM,National Archives and Records Administration,HIGH,True,False,Chief Information Officer,CIO,Chief Information Officer,MEDIUM,NARA_US_GOVERNMENT_WORK_CC0; definitions not redistributed,2026-08-10,Explicit acronym/abbreviation attested by source; parent expansion preserved.,false,
Claim,claim,LEGAL_ADMIN,PROCUREMENT,US_FEDERAL,Acquisition.gov — Federal Acquisition Regulation Part 2,https://www.acquisition.gov/far/part-2,FAR_PART_2,Federal Acquisition Regulation,HIGH,True,False,,,,HIGH,US_GOVERNMENT_WORK; definitions not redistributed,2026-08-10,FAR contract-dispute sense,false,legal|medical
Classified Acquisition,classified acquisition,PROCUREMENT,PROCUREMENT,US_FEDERAL,Acquisition.gov — Federal Acquisition Regulation Part 2,https://www.acquisition.gov/far/part-2,FAR_PART_2,Federal Acquisition Regulation,HIGH,True,False,,,,MEDIUM,US_GOVERNMENT_WORK; definitions not redistributed,2026-08-10,,false,
Classified Contract,classified contract,PROCUREMENT,PROCUREMENT,US_FEDERAL,Acquisition.gov — Federal Acquisition Regulation Part 2,https://www.acquisition.gov/far/part-2,FAR_PART_2,Federal Acquisition Regulation,HIGH,True,False,,,,MEDIUM,US_GOVERNMENT_WORK; definitions not redistributed,2026-08-10,,false,
Classified Information,classified information,RECORDS_INFORMATION,PROCUREMENT,US_FEDERAL,Acquisition.gov — Federal Acquisition Regulation Part 2,https://www.acquisition.gov/far/part-2,FAR_PART_2,Federal Acquisition Regulation,HIGH,True,False,,,,MEDIUM,US_GOVERNMENT_WORK; definitions not redistributed,2026-08-10,,false,
Close Date,close date,PROCESS_EVENT,GRANTS,US_FEDERAL,Grants.gov — Grant Terminology,https://grants.gov/learn-grants/grant-terminology,GRANTS_GOV,U.S. federal government grants portal,HIGH,True,False,,,,MEDIUM,US_GOVERNMENT_WORK; definitions not redistributed,2026-08-10,,false,
Closeout,closeout,PROCESS_EVENT,GRANTS,US_FEDERAL,Grants.gov — Grant Terminology,https://grants.gov/learn-grants/grant-terminology,GRANTS_GOV,U.S. federal government grants portal,HIGH,True,False,,,,HIGH,US_GOVERNMENT_WORK; definitions not redistributed,2026-08-10,,false,
Cloud Computing,cloud computing,DATA_SYSTEM,RECORDS_MANAGEMENT,US_FEDERAL,NARA — Records Management Key Terms and Acronyms,https://www.archives.gov/files/records-mgmt/rm-glossary-of-terms.pdf,NARA_RM,National Archives and Records Administration,HIGH,True,False,,,,MEDIUM,NARA_US_GOVERNMENT_WORK_CC0; definitions not redistributed,2026-08-10,,false,
Cognizant Federal Agency,cognizant federal agency,GOVERNMENT_STRUCTURE,PROCUREMENT,US_FEDERAL,Acquisition.gov — Federal Acquisition Regulation Part 2,https://www.acquisition.gov/far/part-2,FAR_PART_2,Federal Acquisition Regulation,HIGH,True,False,,,,LOW,US_GOVERNMENT_WORK; definitions not redistributed,2026-08-10,,false,
Commercial and Government Entity Code,commercial and government entity code,IDENTIFIER_TYPE,PROCUREMENT,US_FEDERAL,Acquisition.gov — Federal Acquisition Regulation Part 2,https://www.acquisition.gov/far/part-2,FAR_PART_2,Federal Acquisition Regulation,HIGH,True,False,,CAGE,Commercial and Government Entity,MEDIUM,US_GOVERNMENT_WORK; definitions not redistributed,2026-08-10,source term,false,
Commercial Component,commercial component,PROCUREMENT,PROCUREMENT,US_FEDERAL,Acquisition.gov — Federal Acquisition Regulation Part 2,https://www.acquisition.gov/far/part-2,FAR_PART_2,Federal Acquisition Regulation,HIGH,True,False,,,,MEDIUM,US_GOVERNMENT_WORK; definitions not redistributed,2026-08-10,,false,
Commercial Computer Software,commercial computer software,PROCUREMENT,PROCUREMENT,US_FEDERAL,Acquisition.gov — Federal Acquisition Regulation Part 2,https://www.acquisition.gov/far/part-2,FAR_PART_2,Federal Acquisition Regulation,HIGH,True,False,,,,LOW,US_GOVERNMENT_WORK; definitions not redistributed,2026-08-10,,false,
Commercial Product,commercial product,PROCUREMENT,PROCUREMENT,US_FEDERAL,Acquisition.gov — Federal Acquisition Regulation Part 2,https://www.acquisition.gov/far/part-2,FAR_PART_2,Federal Acquisition Regulation,HIGH,True,False,,,,MEDIUM,US_GOVERNMENT_WORK; definitions not redistributed,2026-08-10,,false,
Commercial Service,commercial service,PROCUREMENT,PROCUREMENT,US_FEDERAL,Acquisition.gov — Federal Acquisition Regulation Part 2,https://www.acquisition.gov/far/part-2,FAR_PART_2,Federal Acquisition Regulation,HIGH,True,False,,,,MEDIUM,US_GOVERNMENT_WORK; definitions not redistributed,2026-08-10,,false,
Competition ID,competition id,IDENTIFIER_TYPE,GRANTS,US_FEDERAL,Grants.gov — Grant Terminology,https://grants.gov/learn-grants/grant-terminology,GRANTS_GOV,U.S. federal government grants portal,HIGH,True,False,,,,MEDIUM,US_GOVERNMENT_WORK; definitions not redistributed,2026-08-10,,false,
Competitive Service Appointment,competitive service appointment,EMPLOYMENT_ADMIN,GOVERNMENT_EMPLOYMENT,US_FEDERAL,OPM — Classification & Qualifications,https://www.opm.gov/policy-data-oversight/classification-qualifications/,OPM_CLASSIFICATION,U.S. Office of Personnel Management,HIGH,True,False,,,,LOW,US_GOVERNMENT_WORK; terminology only,2026-08-10,,false,
Comprehensive Schedule,comprehensive schedule,DOCUMENT,RECORDS_MANAGEMENT,US_FEDERAL,NARA — Records Management Key Terms and Acronyms,https://www.archives.gov/files/records-mgmt/rm-glossary-of-terms.pdf,NARA_RM,National Archives and Records Administration,HIGH,True,False,,,,MEDIUM,NARA_US_GOVERNMENT_WORK_CC0; definitions not redistributed,2026-08-10,,false,
Computer Database,computer database,DATA_SYSTEM,PROCUREMENT,US_FEDERAL,Acquisition.gov — Federal Acquisition Regulation Part 2,https://www.acquisition.gov/far/part-2,FAR_PART_2,Federal Acquisition Regulation,HIGH,True,False,,,,MEDIUM,US_GOVERNMENT_WORK; definitions not redistributed,2026-08-10,,false,
Computer Software,computer software,PROCUREMENT,PROCUREMENT,US_FEDERAL,Acquisition.gov — Federal Acquisition Regulation Part 2,https://www.acquisition.gov/far/part-2,FAR_PART_2,Federal Acquisition Regulation,HIGH,True,False,,,,MEDIUM,US_GOVERNMENT_WORK; definitions not redistributed,2026-08-10,,false,
Computer Software Documentation,computer software documentation,DOCUMENT,PROCUREMENT,US_FEDERAL,Acquisition.gov — Federal Acquisition Regulation Part 2,https://www.acquisition.gov/far/part-2,FAR_PART_2,Federal Acquisition Regulation,HIGH,True,False,,,,LOW,US_GOVERNMENT_WORK; definitions not redistributed,2026-08-10,,false,
Congressional District,congressional district,GOVERNMENT_STRUCTURE,GRANTS,US_FEDERAL,Grants.gov — Grant Terminology,https://grants.gov/learn-grants/grant-terminology,GRANTS_GOV,U.S. federal government grants portal,HIGH,True,False,,,,MEDIUM,US_GOVERNMENT_WORK; definitions not redistributed,2026-08-10,,false,
Consent to Subcontract,consent to subcontract,PROCESS_EVENT,PROCUREMENT,US_FEDERAL,Acquisition.gov — Federal Acquisition Regulation Part 2,https://www.acquisition.gov/far/part-2,FAR_PART_2,Federal Acquisition Regulation,HIGH,True,False,,,,LOW,US_GOVERNMENT_WORK; definitions not redistributed,2026-08-10,,false,
Consolidated Requirement,consolidated requirement,PROCUREMENT,PROCUREMENT,US_FEDERAL,Acquisition.gov — Federal Acquisition Regulation Part 2,https://www.acquisition.gov/far/part-2,FAR_PART_2,Federal Acquisition Regulation,HIGH,True,False,,,,MEDIUM,US_GOVERNMENT_WORK; definitions not redistributed,2026-08-10,,false,
Construction,construction,PROCUREMENT,PROCUREMENT,US_FEDERAL,Acquisition.gov — Federal Acquisition Regulation Part 2,https://www.acquisition.gov/far/part-2,FAR_PART_2,Federal Acquisition Regulation,HIGH,True,False,,,,HIGH,US_GOVERNMENT_WORK; definitions not redistributed,2026-08-10,,false,
Contingent Records,contingent records,RECORDS_INFORMATION,RECORDS_MANAGEMENT,US_FEDERAL,NARA — Records Management Key Terms and Acronyms,https://www.archives.gov/files/records-mgmt/rm-glossary-of-terms.pdf,NARA_RM,National Archives and Records Administration,HIGH,True,False,,,,MEDIUM,NARA_US_GOVERNMENT_WORK_CC0; definitions not redistributed,2026-08-10,,false,
Continuation Grant,continuation grant,PROGRAM_ADMIN,GRANTS,US_FEDERAL,Grants.gov — Grant Terminology,https://grants.gov/learn-grants/grant-terminology,GRANTS_GOV,U.S. federal government grants portal,HIGH,True,False,,,,MEDIUM,US_GOVERNMENT_WORK; definitions not redistributed,2026-08-10,,false,
Contract,contract,PROCUREMENT,PROCUREMENT,US_FEDERAL,Acquisition.gov — Federal Acquisition Regulation Part 2,https://www.acquisition.gov/far/part-2,FAR_PART_2,Federal Acquisition Regulation,HIGH,True,False,,,,HIGH,US_GOVERNMENT_WORK; definitions not redistributed,2026-08-10,FAR definition,false,legal
Contract,contract,PROCUREMENT,GRANTS,US_FEDERAL,Grants.gov — Grant Terminology,https://grants.gov/learn-grants/grant-terminology,GRANTS_GOV,U.S. federal government grants portal,HIGH,True,False,,,,HIGH,US_GOVERNMENT_WORK; definitions not redistributed,2026-08-10,grant-source sense; overlaps legal/procurement,false,legal
Contracting Officer's Representative,contracting officer's representative,ROLE,PROCUREMENT,US_FEDERAL,Acquisition.gov — Federal Acquisition Regulation Part 2,https://www.acquisition.gov/far/part-2,FAR_PART_2,Federal Acquisition Regulation,HIGH,True,False,,COR,Contracting Officer's Representative,MEDIUM,US_GOVERNMENT_WORK; definitions not redistributed,2026-08-10,explicit source acronym,false,
Contractor,contractor,ROLE,GRANTS,US_FEDERAL,Grants.gov — Grant Terminology,https://grants.gov/learn-grants/grant-terminology,GRANTS_GOV,U.S. federal government grants portal,HIGH,True,False,,,,HIGH,US_GOVERNMENT_WORK; definitions not redistributed,2026-08-10,,true,
Cooperative Agreement,cooperative agreement,PROGRAM_ADMIN,GRANTS,US_FEDERAL,Grants.gov — Grant Terminology,https://grants.gov/learn-grants/grant-terminology,GRANTS_GOV,U.S. federal government grants portal,HIGH,True,False,,,,MEDIUM,US_GOVERNMENT_WORK; definitions not redistributed,2026-08-10,,false,
COR,cor,ROLE,PROCUREMENT,US_FEDERAL,Acquisition.gov — Federal Acquisition Regulation Part 2,https://www.acquisition.gov/far/part-2,FAR_PART_2,Federal Acquisition Regulation,HIGH,True,False,Contracting Officer's Representative,COR,Contracting Officer's Representative,MEDIUM,US_GOVERNMENT_WORK; definitions not redistributed,2026-08-10,Explicit acronym/abbreviation attested by source; parent expansion preserved.,true,
Cost or Pricing Data,cost or pricing data,FISCAL_ADMIN,PROCUREMENT,US_FEDERAL,Acquisition.gov — Federal Acquisition Regulation Part 2,https://www.acquisition.gov/far/part-2,FAR_PART_2,Federal Acquisition Regulation,HIGH,True,False,,,,LOW,US_GOVERNMENT_WORK; definitions not redistributed,2026-08-10,,false,
Cost Realism,cost realism,FISCAL_ADMIN,PROCUREMENT,US_FEDERAL,Acquisition.gov — Federal Acquisition Regulation Part 2,https://www.acquisition.gov/far/part-2,FAR_PART_2,Federal Acquisition Regulation,HIGH,True,False,,,,MEDIUM,US_GOVERNMENT_WORK; definitions not redistributed,2026-08-10,,false,
Cost Sharing,cost sharing,FISCAL_ADMIN,PROCUREMENT,US_FEDERAL,Acquisition.gov — Federal Acquisition Regulation Part 2,https://www.acquisition.gov/far/part-2,FAR_PART_2,Federal Acquisition Regulation,HIGH,True,False,,,,MEDIUM,US_GOVERNMENT_WORK; definitions not redistributed,2026-08-10,,false,medical
Cost Sharing or Matching,cost sharing or matching,FISCAL_ADMIN,GRANTS,US_FEDERAL,Grants.gov — Grant Terminology,https://grants.gov/learn-grants/grant-terminology,GRANTS_GOV,U.S. federal government grants portal,HIGH,True,False,,,,LOW,US_GOVERNMENT_WORK; definitions not redistributed,2026-08-10,,false,
CPIC,cpic,FISCAL_ADMIN,RECORDS_MANAGEMENT,US_FEDERAL,NARA — Records Management Key Terms and Acronyms,https://www.archives.gov/files/records-mgmt/rm-glossary-of-terms.pdf,NARA_RM,National Archives and Records Administration,HIGH,True,False,Capital Planning and Investment Control,CPIC,Capital Planning and Investment Control,MEDIUM,NARA_US_GOVERNMENT_WORK_CC0; definitions not redistributed,2026-08-10,Explicit acronym/abbreviation attested by source; parent expansion preserved.,false,
Crosswalk,crosswalk,DOCUMENT_SYSTEM,RECORDS_MANAGEMENT,US_FEDERAL,NARA — Records Management Key Terms and Acronyms,https://www.archives.gov/files/records-mgmt/rm-glossary-of-terms.pdf,NARA_RM,National Archives and Records Administration,HIGH,True,False,,,,HIGH,NARA_US_GOVERNMENT_WORK_CC0; definitions not redistributed,2026-08-10,,false,
Custody,custody,RECORDS_INFORMATION,RECORDS_MANAGEMENT,US_FEDERAL,NARA — Records Management Key Terms and Acronyms,https://www.archives.gov/files/records-mgmt/rm-glossary-of-terms.pdf,NARA_RM,National Archives and Records Administration,HIGH,True,False,,,,HIGH,NARA_US_GOVERNMENT_WORK_CC0; definitions not redistributed,2026-08-10,,false,
Cutoff,cutoff,PROCESS_EVENT,RECORDS_MANAGEMENT,US_FEDERAL,NARA — Records Management Key Terms and Acronyms,https://www.archives.gov/files/records-mgmt/rm-glossary-of-terms.pdf,NARA_RM,National Archives and Records Administration,HIGH,True,False,,,,HIGH,NARA_US_GOVERNMENT_WORK_CC0; definitions not redistributed,2026-08-10,,false,
DAA,daa,IDENTIFIER_TYPE,RECORDS_MANAGEMENT,US_FEDERAL,NARA — Records Management Key Terms and Acronyms,https://www.archives.gov/files/records-mgmt/rm-glossary-of-terms.pdf,NARA_RM,National Archives and Records Administration,HIGH,True,False,Disposition Authority Agency,DAA,Disposition Authority Agency,MEDIUM,NARA_US_GOVERNMENT_WORK_CC0; definitions not redistributed,2026-08-10,Explicit acronym/abbreviation attested by source; parent expansion preserved.,false,
DAL,dal,IDENTIFIER_TYPE,RECORDS_MANAGEMENT,US_FEDERAL,NARA — Records Management Key Terms and Acronyms,https://www.archives.gov/files/records-mgmt/rm-glossary-of-terms.pdf,NARA_RM,National Archives and Records Administration,HIGH,True,False,Disposition Authority Legacy,DAL,Disposition Authority Legacy,MEDIUM,NARA_US_GOVERNMENT_WORK_CC0; definitions not redistributed,2026-08-10,Explicit acronym/abbreviation attested by source; parent expansion preserved.,true,
Data Migration,data migration,PROCESS_EVENT,RECORDS_MANAGEMENT,US_FEDERAL,NARA — Records Management Key Terms and Acronyms,https://www.archives.gov/files/records-mgmt/rm-glossary-of-terms.pdf,NARA_RM,National Archives and Records Administration,HIGH,True,False,,,,MEDIUM,NARA_US_GOVERNMENT_WORK_CC0; definitions not redistributed,2026-08-10,,false,
Data Other Than Certified Cost or Pricing Data,data other than certified cost or pricing data,FISCAL_ADMIN,PROCUREMENT,US_FEDERAL,Acquisition.gov — Federal Acquisition Regulation Part 2,https://www.acquisition.gov/far/part-2,FAR_PART_2,Federal Acquisition Regulation,HIGH,True,False,,,,LOW,US_GOVERNMENT_WORK; definitions not redistributed,2026-08-10,,false,
Date of Completion,date of completion,PROCESS_EVENT,GRANTS,US_FEDERAL,Grants.gov — Grant Terminology,https://grants.gov/learn-grants/grant-terminology,GRANTS_GOV,U.S. federal government grants portal,HIGH,True,False,,,,LOW,US_GOVERNMENT_WORK; definitions not redistributed,2026-08-10,,false,
Day,day,OTHER_DOMAIN_TERM,PROCUREMENT,US_FEDERAL,Acquisition.gov — Federal Acquisition Regulation Part 2,https://www.acquisition.gov/far/part-2,FAR_PART_2,Federal Acquisition Regulation,HIGH,True,False,,,,HIGH,US_GOVERNMENT_WORK; definitions not redistributed,2026-08-10,FAR-defined calendar-day term; high ambiguity,true,
Debarment,debarment,ENFORCEMENT_COMPLIANCE,PROCUREMENT,US_FEDERAL,Acquisition.gov — Federal Acquisition Regulation Part 2,https://www.acquisition.gov/far/part-2,FAR_PART_2,Federal Acquisition Regulation,HIGH,True,False,,,,HIGH,US_GOVERNMENT_WORK; definitions not redistributed,2026-08-10,,false,
Degaussing,degaussing,PROCESS_EVENT,RECORDS_MANAGEMENT,US_FEDERAL,NARA — Records Management Key Terms and Acronyms,https://www.archives.gov/files/records-mgmt/rm-glossary-of-terms.pdf,NARA_RM,National Archives and Records Administration,HIGH,True,False,,,,HIGH,NARA_US_GOVERNMENT_WORK_CC0; definitions not redistributed,2026-08-10,,false,
Deletion,deletion,PROCESS_EVENT,RECORDS_MANAGEMENT,US_FEDERAL,NARA — Records Management Key Terms and Acronyms,https://www.archives.gov/files/records-mgmt/rm-glossary-of-terms.pdf,NARA_RM,National Archives and Records Administration,HIGH,True,False,,,,HIGH,NARA_US_GOVERNMENT_WORK_CC0; definitions not redistributed,2026-08-10,,false,
Delivery Order,delivery order,DOCUMENT,PROCUREMENT,US_FEDERAL,Acquisition.gov — Federal Acquisition Regulation Part 2,https://www.acquisition.gov/far/part-2,FAR_PART_2,Federal Acquisition Regulation,HIGH,True,False,,,,MEDIUM,US_GOVERNMENT_WORK; definitions not redistributed,2026-08-10,,false,
Depreciation,depreciation,FISCAL_ADMIN,PROCUREMENT,US_FEDERAL,Acquisition.gov — Federal Acquisition Regulation Part 2,https://www.acquisition.gov/far/part-2,FAR_PART_2,Federal Acquisition Regulation,HIGH,True,False,,,,HIGH,US_GOVERNMENT_WORK; definitions not redistributed,2026-08-10,finance overlap,false,higher_ed|finance_accounting_tax
Descriptive Literature,descriptive literature,DOCUMENT,PROCUREMENT,US_FEDERAL,Acquisition.gov — Federal Acquisition Regulation Part 2,https://www.acquisition.gov/far/part-2,FAR_PART_2,Federal Acquisition Regulation,HIGH,True,False,,,,MEDIUM,US_GOVERNMENT_WORK; definitions not redistributed,2026-08-10,,false,
Design-to-Cost,design-to-cost,FISCAL_ADMIN,PROCUREMENT,US_FEDERAL,Acquisition.gov — Federal Acquisition Regulation Part 2,https://www.acquisition.gov/far/part-2,FAR_PART_2,Federal Acquisition Regulation,HIGH,True,False,,,,LOW,US_GOVERNMENT_WORK; definitions not redistributed,2026-08-10,,false,
Destruction,destruction,PROCESS_EVENT,RECORDS_MANAGEMENT,US_FEDERAL,NARA — Records Management Key Terms and Acronyms,https://www.archives.gov/files/records-mgmt/rm-glossary-of-terms.pdf,NARA_RM,National Archives and Records Administration,HIGH,True,False,,,,HIGH,NARA_US_GOVERNMENT_WORK_CC0; definitions not redistributed,2026-08-10,,false,
Digital,digital,OTHER_DOMAIN_TERM,RECORDS_MANAGEMENT,US_FEDERAL,NARA — Records Management Key Terms and Acronyms,https://www.archives.gov/files/records-mgmt/rm-glossary-of-terms.pdf,NARA_RM,National Archives and Records Administration,HIGH,True,False,,,,HIGH,NARA_US_GOVERNMENT_WORK_CC0; definitions not redistributed,2026-08-10,very broad source term,false,
Direct Final Rule,direct final rule,RULEMAKING,RULEMAKING,US_FEDERAL,Office of the Federal Register — Reader Aids / Rulemaking,https://www.federalregister.gov/reader-aids,FEDERAL_REGISTER,Office of the Federal Register,HIGH,True,False,,,,LOW,US_GOVERNMENT_WORK; terminology only,2026-08-10,,false,
Direct Offer,direct offer,PROCESS_EVENT,RECORDS_MANAGEMENT,US_FEDERAL,NARA — Records Management Key Terms and Acronyms,https://www.archives.gov/files/records-mgmt/rm-glossary-of-terms.pdf,NARA_RM,National Archives and Records Administration,HIGH,True,False,,,,MEDIUM,NARA_US_GOVERNMENT_WORK_CC0; definitions not redistributed,2026-08-10,,false,
Discretionary Grant,discretionary grant,PROGRAM_ADMIN,GRANTS,US_FEDERAL,Grants.gov — Grant Terminology,https://grants.gov/learn-grants/grant-terminology,GRANTS_GOV,U.S. federal government grants portal,HIGH,True,False,,,,MEDIUM,US_GOVERNMENT_WORK; definitions not redistributed,2026-08-10,,false,
Disposal,disposal,PROCESS_EVENT,RECORDS_MANAGEMENT,US_FEDERAL,NARA — Records Management Key Terms and Acronyms,https://www.archives.gov/files/records-mgmt/rm-glossary-of-terms.pdf,NARA_RM,National Archives and Records Administration,HIGH,True,False,,,,HIGH,NARA_US_GOVERNMENT_WORK_CC0; definitions not redistributed,2026-08-10,,false,
Disposition,disposition,PROCESS_EVENT,RECORDS_MANAGEMENT,US_FEDERAL,NARA — Records Management Key Terms and Acronyms,https://www.archives.gov/files/records-mgmt/rm-glossary-of-terms.pdf,NARA_RM,National Archives and Records Administration,HIGH,True,False,,,,HIGH,NARA_US_GOVERNMENT_WORK_CC0; definitions not redistributed,2026-08-10,,false,legal
Disposition Authority,disposition authority,LEGAL_ADMIN,RECORDS_MANAGEMENT,US_FEDERAL,NARA — Records Management Key Terms and Acronyms,https://www.archives.gov/files/records-mgmt/rm-glossary-of-terms.pdf,NARA_RM,National Archives and Records Administration,HIGH,True,False,,,,MEDIUM,NARA_US_GOVERNMENT_WORK_CC0; definitions not redistributed,2026-08-10,,false,
Disposition Authority Agency,disposition authority agency,IDENTIFIER_TYPE,RECORDS_MANAGEMENT,US_FEDERAL,NARA — Records Management Key Terms and Acronyms,https://www.archives.gov/files/records-mgmt/rm-glossary-of-terms.pdf,NARA_RM,National Archives and Records Administration,HIGH,True,False,,DAA,Disposition Authority Agency,MEDIUM,NARA_US_GOVERNMENT_WORK_CC0; definitions not redistributed,2026-08-10,explicit source acronym,false,
Disposition Authority Legacy,disposition authority legacy,IDENTIFIER_TYPE,RECORDS_MANAGEMENT,US_FEDERAL,NARA — Records Management Key Terms and Acronyms,https://www.archives.gov/files/records-mgmt/rm-glossary-of-terms.pdf,NARA_RM,National Archives and Records Administration,HIGH,True,False,,DAL,Disposition Authority Legacy,MEDIUM,NARA_US_GOVERNMENT_WORK_CC0; definitions not redistributed,2026-08-10,explicit source acronym,false,
DMA,dma,DATA_SYSTEM,RECORDS_MANAGEMENT,US_FEDERAL,NARA — Records Management Key Terms and Acronyms,https://www.archives.gov/files/records-mgmt/rm-glossary-of-terms.pdf,NARA_RM,National Archives and Records Administration,HIGH,True,False,Document Management Application,DMA,Document Management Application,MEDIUM,NARA_US_GOVERNMENT_WORK_CC0; definitions not redistributed,2026-08-10,Explicit acronym/abbreviation attested by source; parent expansion preserved.,false,
Document Management Application,document management application,DATA_SYSTEM,RECORDS_MANAGEMENT,US_FEDERAL,NARA — Records Management Key Terms and Acronyms,https://www.archives.gov/files/records-mgmt/rm-glossary-of-terms.pdf,NARA_RM,National Archives and Records Administration,HIGH,True,False,,DMA,Document Management Application,MEDIUM,NARA_US_GOVERNMENT_WORK_CC0; definitions not redistributed,2026-08-10,NARA acronym table,false,
Donation,donation,PROCESS_EVENT,RECORDS_MANAGEMENT,US_FEDERAL,NARA — Records Management Key Terms and Acronyms,https://www.archives.gov/files/records-mgmt/rm-glossary-of-terms.pdf,NARA_RM,National Archives and Records Administration,HIGH,True,False,,,,HIGH,NARA_US_GOVERNMENT_WORK_CC0; definitions not redistributed,2026-08-10,,false,
E-Business Point of Contact,e-business point of contact,ROLE,GRANTS,US_FEDERAL,Grants.gov — Grant Terminology,https://grants.gov/learn-grants/grant-terminology,GRANTS_GOV,U.S. federal government grants portal,HIGH,True,False,,EBiz POC,E-Business Point of Contact,LOW,US_GOVERNMENT_WORK; definitions not redistributed,2026-08-10,explicit source abbreviation,false,
e-Government,e-government,PUBLIC_SERVICE,RECORDS_MANAGEMENT,US_FEDERAL,NARA — Records Management Key Terms and Acronyms,https://www.archives.gov/files/records-mgmt/rm-glossary-of-terms.pdf,NARA_RM,National Archives and Records Administration,HIGH,True,False,,,,MEDIUM,NARA_US_GOVERNMENT_WORK_CC0; definitions not redistributed,2026-08-10,,false,
Earmark,earmark,FISCAL_ADMIN,GRANTS,US_FEDERAL,Grants.gov — Grant Terminology,https://grants.gov/learn-grants/grant-terminology,GRANTS_GOV,U.S. federal government grants portal,HIGH,True,False,,,,HIGH,US_GOVERNMENT_WORK; definitions not redistributed,2026-08-10,,false,
EBiz POC,ebiz poc,ROLE,GRANTS,US_FEDERAL,Grants.gov — Grant Terminology,https://grants.gov/learn-grants/grant-terminology,GRANTS_GOV,U.S. federal government grants portal,HIGH,True,False,E-Business Point of Contact,EBiz POC,E-Business Point of Contact,MEDIUM,US_GOVERNMENT_WORK; definitions not redistributed,2026-08-10,Explicit acronym/abbreviation attested by source; parent expansion preserved.,false,
EDMS,edms,DATA_SYSTEM,RECORDS_MANAGEMENT,US_FEDERAL,NARA — Records Management Key Terms and Acronyms,https://www.archives.gov/files/records-mgmt/rm-glossary-of-terms.pdf,NARA_RM,National Archives and Records Administration,HIGH,True,False,Electronic Document Management System,EDMS,Electronic Document Management System,MEDIUM,NARA_US_GOVERNMENT_WORK_CC0; definitions not redistributed,2026-08-10,Explicit acronym/abbreviation attested by source; parent expansion preserved.,false,
Educational Institutions,educational institutions,ORGANIZATION,PUBLIC_RECORDS,US_FEDERAL,FOIA.gov — Glossary,https://www.foia.gov/data.html,FOIA_GOV,"U.S. Department of Justice, Office of Information Policy",HIGH,True,False,,,,MEDIUM,DOJ_PUBLIC_DOMAIN_UNLESS_INDICATED; definitions not redistributed,2026-08-10,cross-domain higher-ed overlap,false,
Effective Date,effective date,PROCESS_EVENT,RULEMAKING,US_FEDERAL,Office of the Federal Register — Reader Aids / Rulemaking,https://www.federalregister.gov/reader-aids,FEDERAL_REGISTER,Office of the Federal Register,HIGH,True,False,,,,MEDIUM,US_GOVERNMENT_WORK; terminology only,2026-08-10,,false,
EIS,eis,DATA_SYSTEM,RECORDS_MANAGEMENT,US_FEDERAL,NARA — Records Management Key Terms and Acronyms,https://www.archives.gov/files/records-mgmt/rm-glossary-of-terms.pdf,NARA_RM,National Archives and Records Administration,HIGH,True,False,Electronic Information System,EIS,Electronic Information System,MEDIUM,NARA_US_GOVERNMENT_WORK_CC0; definitions not redistributed,2026-08-10,Explicit acronym/abbreviation attested by source; parent expansion preserved.,true,
Electronic Case Files,electronic case files,DATA_SYSTEM,RECORDS_MANAGEMENT,US_FEDERAL,NARA — Records Management Key Terms and Acronyms,https://www.archives.gov/files/records-mgmt/rm-glossary-of-terms.pdf,NARA_RM,National Archives and Records Administration,HIGH,True,False,,,,LOW,NARA_US_GOVERNMENT_WORK_CC0; definitions not redistributed,2026-08-10,,false,
Electronic Document Management System,electronic document management system,DATA_SYSTEM,RECORDS_MANAGEMENT,US_FEDERAL,NARA — Records Management Key Terms and Acronyms,https://www.archives.gov/files/records-mgmt/rm-glossary-of-terms.pdf,NARA_RM,National Archives and Records Administration,HIGH,True,False,,EDMS,Electronic Document Management System,MEDIUM,NARA_US_GOVERNMENT_WORK_CC0; definitions not redistributed,2026-08-10,explicit source acronym,false,
Electronic Information System,electronic information system,DATA_SYSTEM,RECORDS_MANAGEMENT,US_FEDERAL,NARA — Records Management Key Terms and Acronyms,https://www.archives.gov/files/records-mgmt/rm-glossary-of-terms.pdf,NARA_RM,National Archives and Records Administration,HIGH,True,False,,EIS,Electronic Information System,MEDIUM,NARA_US_GOVERNMENT_WORK_CC0; definitions not redistributed,2026-08-10,explicit source acronym,false,
Electronic Mail,electronic mail,RECORDS_INFORMATION,RECORDS_MANAGEMENT,US_FEDERAL,NARA — Records Management Key Terms and Acronyms,https://www.archives.gov/files/records-mgmt/rm-glossary-of-terms.pdf,NARA_RM,National Archives and Records Administration,HIGH,True,False,,,,MEDIUM,NARA_US_GOVERNMENT_WORK_CC0; definitions not redistributed,2026-08-10,,false,
Electronic Recordkeeping,electronic recordkeeping,PROCESS_EVENT,RECORDS_MANAGEMENT,US_FEDERAL,NARA — Records Management Key Terms and Acronyms,https://www.archives.gov/files/records-mgmt/rm-glossary-of-terms.pdf,NARA_RM,National Archives and Records Administration,HIGH,True,False,,ERK,Electronic Recordkeeping,MEDIUM,NARA_US_GOVERNMENT_WORK_CC0; definitions not redistributed,2026-08-10,explicit source acronym,false,
Electronic Recordkeeping System,electronic recordkeeping system,DATA_SYSTEM,RECORDS_MANAGEMENT,US_FEDERAL,NARA — Records Management Key Terms and Acronyms,https://www.archives.gov/files/records-mgmt/rm-glossary-of-terms.pdf,NARA_RM,National Archives and Records Administration,HIGH,True,False,,ERKS,Electronic Recordkeeping System,MEDIUM,NARA_US_GOVERNMENT_WORK_CC0; definitions not redistributed,2026-08-10,explicit source acronym,false,
Electronic Records,electronic records,RECORDS_INFORMATION,RECORDS_MANAGEMENT,US_FEDERAL,NARA — Records Management Key Terms and Acronyms,https://www.archives.gov/files/records-mgmt/rm-glossary-of-terms.pdf,NARA_RM,National Archives and Records Administration,HIGH,True,False,,,,MEDIUM,NARA_US_GOVERNMENT_WORK_CC0; definitions not redistributed,2026-08-10,,false,
Electronic Records Archives,electronic records archives,DATA_SYSTEM,RECORDS_MANAGEMENT,US_FEDERAL,NARA — Records Management Key Terms and Acronyms,https://www.archives.gov/files/records-mgmt/rm-glossary-of-terms.pdf,NARA_RM,National Archives and Records Administration,HIGH,True,False,,ERA,Electronic Records Archives,MEDIUM,NARA_US_GOVERNMENT_WORK_CC0; definitions not redistributed,2026-08-10,explicit source acronym,false,
Electronic Records Management System,electronic records management system,DATA_SYSTEM,RECORDS_MANAGEMENT,US_FEDERAL,NARA — Records Management Key Terms and Acronyms,https://www.archives.gov/files/records-mgmt/rm-glossary-of-terms.pdf,NARA_RM,National Archives and Records Administration,HIGH,True,False,,ERMS,Electronic Records Management System,MEDIUM,NARA_US_GOVERNMENT_WORK_CC0; definitions not redistributed,2026-08-10,explicit source acronym,false,
Electronically Stored Information,electronically stored information,RECORDS_INFORMATION,RECORDS_MANAGEMENT,US_FEDERAL,NARA — Records Management Key Terms and Acronyms,https://www.archives.gov/files/records-mgmt/rm-glossary-of-terms.pdf,NARA_RM,National Archives and Records Administration,HIGH,True,False,,,,LOW,NARA_US_GOVERNMENT_WORK_CC0; definitions not redistributed,2026-08-10,,false,
Emulation,emulation,PROCESS_EVENT,RECORDS_MANAGEMENT,US_FEDERAL,NARA — Records Management Key Terms and Acronyms,https://www.archives.gov/files/records-mgmt/rm-glossary-of-terms.pdf,NARA_RM,National Archives and Records Administration,HIGH,True,False,,,,HIGH,NARA_US_GOVERNMENT_WORK_CC0; definitions not redistributed,2026-08-10,,false,
Energy Savings Performance Contract,energy savings performance contract,PROCUREMENT,PROCUREMENT,US_FEDERAL,Acquisition.gov — Federal Acquisition Regulation Part 2,https://www.acquisition.gov/far/part-2,FAR_PART_2,Federal Acquisition Regulation,HIGH,True,False,,,,LOW,US_GOVERNMENT_WORK; definitions not redistributed,2026-08-10,,false,
Environmentally Preferable,environmentally preferable,ENFORCEMENT_COMPLIANCE,PROCUREMENT,US_FEDERAL,Acquisition.gov — Federal Acquisition Regulation Part 2,https://www.acquisition.gov/far/part-2,FAR_PART_2,Federal Acquisition Regulation,HIGH,True,False,,,,MEDIUM,US_GOVERNMENT_WORK; definitions not redistributed,2026-08-10,procurement criterion,false,
Equivalent Full-Time FOIA Employees,equivalent full-time foia employees,EMPLOYMENT_ADMIN,PUBLIC_RECORDS,US_FEDERAL,FOIA.gov — Glossary,https://www.foia.gov/data.html,FOIA_GOV,"U.S. Department of Justice, Office of Information Policy",HIGH,True,False,,,,LOW,DOJ_PUBLIC_DOMAIN_UNLESS_INDICATED; definitions not redistributed,2026-08-10,,false,
ERA,era,DATA_SYSTEM,RECORDS_MANAGEMENT,US_FEDERAL,NARA — Records Management Key Terms and Acronyms,https://www.archives.gov/files/records-mgmt/rm-glossary-of-terms.pdf,NARA_RM,National Archives and Records Administration,HIGH,True,False,Electronic Records Archives,ERA,Electronic Records Archives,MEDIUM,NARA_US_GOVERNMENT_WORK_CC0; definitions not redistributed,2026-08-10,Explicit acronym/abbreviation attested by source; parent expansion preserved.,true,
ERK,erk,PROCESS_EVENT,RECORDS_MANAGEMENT,US_FEDERAL,NARA — Records Management Key Terms and Acronyms,https://www.archives.gov/files/records-mgmt/rm-glossary-of-terms.pdf,NARA_RM,National Archives and Records Administration,HIGH,True,False,Electronic Recordkeeping,ERK,Electronic Recordkeeping,MEDIUM,NARA_US_GOVERNMENT_WORK_CC0; definitions not redistributed,2026-08-10,Explicit acronym/abbreviation attested by source; parent expansion preserved.,true,
ERKS,erks,DATA_SYSTEM,RECORDS_MANAGEMENT,US_FEDERAL,NARA — Records Management Key Terms and Acronyms,https://www.archives.gov/files/records-mgmt/rm-glossary-of-terms.pdf,NARA_RM,National Archives and Records Administration,HIGH,True,False,Electronic Recordkeeping System,ERKS,Electronic Recordkeeping System,MEDIUM,NARA_US_GOVERNMENT_WORK_CC0; definitions not redistributed,2026-08-10,Explicit acronym/abbreviation attested by source; parent expansion preserved.,true,
ERMS,erms,DATA_SYSTEM,RECORDS_MANAGEMENT,US_FEDERAL,NARA — Records Management Key Terms and Acronyms,https://www.archives.gov/files/records-mgmt/rm-glossary-of-terms.pdf,NARA_RM,National Archives and Records Administration,HIGH,True,False,Electronic Records Management System,ERMS,Electronic Records Management System,MEDIUM,NARA_US_GOVERNMENT_WORK_CC0; definitions not redistributed,2026-08-10,Explicit acronym/abbreviation attested by source; parent expansion preserved.,false,
Essential Records Management,essential records management,RECORDS_INFORMATION,RECORDS_MANAGEMENT,US_FEDERAL,NARA — Records Management Key Terms and Acronyms,https://www.archives.gov/files/records-mgmt/rm-glossary-of-terms.pdf,NARA_RM,National Archives and Records Administration,HIGH,True,False,,,,LOW,NARA_US_GOVERNMENT_WORK_CC0; definitions not redistributed,2026-08-10,,false,
Evaluation,evaluation,ENFORCEMENT_COMPLIANCE,RECORDS_MANAGEMENT,US_FEDERAL,NARA — Records Management Key Terms and Acronyms,https://www.archives.gov/files/records-mgmt/rm-glossary-of-terms.pdf,NARA_RM,National Archives and Records Administration,HIGH,True,False,,,,HIGH,NARA_US_GOVERNMENT_WORK_CC0; definitions not redistributed,2026-08-10,NARA internal-audit sense,false,
Excess Personal Property,excess personal property,PROPERTY_ADMIN,PROCUREMENT,US_FEDERAL,Acquisition.gov — Federal Acquisition Regulation Part 2,https://www.acquisition.gov/far/part-2,FAR_PART_2,Federal Acquisition Regulation,HIGH,True,False,,,,LOW,US_GOVERNMENT_WORK; definitions not redistributed,2026-08-10,,false,
Exclusions,exclusions,LEGAL_ADMIN,PUBLIC_RECORDS,US_FEDERAL,FOIA.gov — Glossary,https://www.foia.gov/data.html,FOIA_GOV,"U.S. Department of Justice, Office of Information Policy",HIGH,True,False,,,,HIGH,DOJ_PUBLIC_DOMAIN_UNLESS_INDICATED; definitions not redistributed,2026-08-10,,false,higher_ed
Executive Agency,executive agency,GOVERNMENT_STRUCTURE,GOVERNMENT_STRUCTURE,US_FEDERAL,Acquisition.gov — Federal Acquisition Regulation Part 2,https://www.acquisition.gov/far/part-2,FAR_PART_2,Federal Acquisition Regulation,HIGH,True,False,,,,MEDIUM,US_GOVERNMENT_WORK; definitions not redistributed,2026-08-10,,false,
Exemptions,exemptions,LEGAL_ADMIN,PUBLIC_RECORDS,US_FEDERAL,FOIA.gov — Glossary,https://www.foia.gov/data.html,FOIA_GOV,"U.S. Department of Justice, Office of Information Policy",HIGH,True,False,,,,HIGH,DOJ_PUBLIC_DOMAIN_UNLESS_INDICATED; definitions not redistributed,2026-08-10,,false,
Expanded Authorized Organization Representative,expanded authorized organization representative,ROLE,GRANTS,US_FEDERAL,Grants.gov — Grant Terminology,https://grants.gov/learn-grants/grant-terminology,GRANTS_GOV,U.S. federal government grants portal,HIGH,True,False,,AOR,Authorized Organization Representative,MEDIUM,US_GOVERNMENT_WORK; definitions not redistributed,2026-08-10,,false,
Expedited Processing,expedited processing,PROCESS_EVENT,PUBLIC_RECORDS,US_FEDERAL,FOIA.gov — Glossary,https://www.foia.gov/data.html,FOIA_GOV,"U.S. Department of Justice, Office of Information Policy",HIGH,True,False,,,,MEDIUM,DOJ_PUBLIC_DOMAIN_UNLESS_INDICATED; definitions not redistributed,2026-08-10,,false,
FAIN,fain,IDENTIFIER_TYPE,GRANTS,US_FEDERAL,Grants.gov — Grant Terminology,https://grants.gov/learn-grants/grant-terminology,GRANTS_GOV,U.S. federal government grants portal,HIGH,True,False,Federal Award Identification Number,FAIN,Federal Award Identification Number,MEDIUM,US_GOVERNMENT_WORK; definitions not redistributed,2026-08-10,Explicit acronym/abbreviation attested by source; parent expansion preserved.,true,
FEA,fea,DATA_SYSTEM,RECORDS_MANAGEMENT,US_FEDERAL,NARA — Records Management Key Terms and Acronyms,https://www.archives.gov/files/records-mgmt/rm-glossary-of-terms.pdf,NARA_RM,National Archives and Records Administration,HIGH,True,False,Federal Enterprise Architecture,FEA,Federal Enterprise Architecture,MEDIUM,NARA_US_GOVERNMENT_WORK_CC0; definitions not redistributed,2026-08-10,Explicit acronym/abbreviation attested by source; parent expansion preserved.,true,
Federal Agency,federal agency,GOVERNMENT_STRUCTURE,GOVERNMENT_STRUCTURE,US_FEDERAL,Acquisition.gov — Federal Acquisition Regulation Part 2,https://www.acquisition.gov/far/part-2,FAR_PART_2,Federal Acquisition Regulation,HIGH,True,False,,,,MEDIUM,US_GOVERNMENT_WORK; definitions not redistributed,2026-08-10,,false,
Federal Agency,federal agency,GOVERNMENT_STRUCTURE,GRANTS,US_FEDERAL,Grants.gov — Grant Terminology,https://grants.gov/learn-grants/grant-terminology,GRANTS_GOV,U.S. federal government grants portal,HIGH,True,False,,,,MEDIUM,US_GOVERNMENT_WORK; definitions not redistributed,2026-08-10,,false,
Federal Award,federal award,PROGRAM_ADMIN,GRANTS,US_FEDERAL,Grants.gov — Grant Terminology,https://grants.gov/learn-grants/grant-terminology,GRANTS_GOV,U.S. federal government grants portal,HIGH,True,False,,,,MEDIUM,US_GOVERNMENT_WORK; definitions not redistributed,2026-08-10,,false,
Federal Award Date,federal award date,PROCESS_EVENT,GRANTS,US_FEDERAL,Grants.gov — Grant Terminology,https://grants.gov/learn-grants/grant-terminology,GRANTS_GOV,U.S. federal government grants portal,HIGH,True,False,,,,LOW,US_GOVERNMENT_WORK; definitions not redistributed,2026-08-10,,false,
Federal Award Identification Number,federal award identification number,IDENTIFIER_TYPE,GRANTS,US_FEDERAL,Grants.gov — Grant Terminology,https://grants.gov/learn-grants/grant-terminology,GRANTS_GOV,U.S. federal government grants portal,HIGH,True,False,,FAIN,Federal Award Identification Number,MEDIUM,US_GOVERNMENT_WORK; definitions not redistributed,2026-08-10,explicit source acronym,false,
Federal Awarding Agency,federal awarding agency,GOVERNMENT_STRUCTURE,GRANTS,US_FEDERAL,Grants.gov — Grant Terminology,https://grants.gov/learn-grants/grant-terminology,GRANTS_GOV,U.S. federal government grants portal,HIGH,True,False,,,,LOW,US_GOVERNMENT_WORK; definitions not redistributed,2026-08-10,,false,
Federal Enterprise Architecture,federal enterprise architecture,DATA_SYSTEM,RECORDS_MANAGEMENT,US_FEDERAL,NARA — Records Management Key Terms and Acronyms,https://www.archives.gov/files/records-mgmt/rm-glossary-of-terms.pdf,NARA_RM,National Archives and Records Administration,HIGH,True,False,,FEA,Federal Enterprise Architecture,MEDIUM,NARA_US_GOVERNMENT_WORK_CC0; definitions not redistributed,2026-08-10,explicit source acronym,false,
Federal Financial Assistance,federal financial assistance,PROGRAM_ADMIN,GRANTS,US_FEDERAL,Grants.gov — Grant Terminology,https://grants.gov/learn-grants/grant-terminology,GRANTS_GOV,U.S. federal government grants portal,HIGH,True,False,,,,LOW,US_GOVERNMENT_WORK; definitions not redistributed,2026-08-10,,false,
Federal Position Classification,federal position classification,EMPLOYMENT_ADMIN,GOVERNMENT_EMPLOYMENT,US_FEDERAL,OPM — Classification & Qualifications,https://www.opm.gov/policy-data-oversight/classification-qualifications/,OPM_CLASSIFICATION,U.S. Office of Personnel Management,HIGH,True,False,,,,LOW,US_GOVERNMENT_WORK; terminology only,2026-08-10,,false,
Federal Program,federal program,PROGRAM_ADMIN,GRANTS,US_FEDERAL,Grants.gov — Grant Terminology,https://grants.gov/learn-grants/grant-terminology,GRANTS_GOV,U.S. federal government grants portal,HIGH,True,False,,,,MEDIUM,US_GOVERNMENT_WORK; definitions not redistributed,2026-08-10,,false,
Federal Records Act,federal records act,LEGAL_ADMIN,RECORDS_MANAGEMENT,US_FEDERAL,NARA — Records Management Key Terms and Acronyms,https://www.archives.gov/files/records-mgmt/rm-glossary-of-terms.pdf,NARA_RM,National Archives and Records Administration,HIGH,True,False,,FRA,Federal Records Act,MEDIUM,NARA_US_GOVERNMENT_WORK_CC0; definitions not redistributed,2026-08-10,explicit source acronym,false,
Federal Records Center,federal records center,GOVERNMENT_STRUCTURE,RECORDS_MANAGEMENT,US_FEDERAL,NARA — Records Management Key Terms and Acronyms,https://www.archives.gov/files/records-mgmt/rm-glossary-of-terms.pdf,NARA_RM,National Archives and Records Administration,HIGH,True,False,,FRC,Federal Records Center,MEDIUM,NARA_US_GOVERNMENT_WORK_CC0; definitions not redistributed,2026-08-10,explicit source acronym,false,
Federal Records Center Program,federal records center program,PROGRAM_ADMIN,RECORDS_MANAGEMENT,US_FEDERAL,NARA — Records Management Key Terms and Acronyms,https://www.archives.gov/files/records-mgmt/rm-glossary-of-terms.pdf,NARA_RM,National Archives and Records Administration,HIGH,True,False,,FRCP,Federal Records Center Program,MEDIUM,NARA_US_GOVERNMENT_WORK_CC0; definitions not redistributed,2026-08-10,explicit source acronym,false,
Federal Share,federal share,FISCAL_ADMIN,GRANTS,US_FEDERAL,Grants.gov — Grant Terminology,https://grants.gov/learn-grants/grant-terminology,GRANTS_GOV,U.S. federal government grants portal,HIGH,True,False,,,,MEDIUM,US_GOVERNMENT_WORK; definitions not redistributed,2026-08-10,,false,
Federal Wage Classification System,federal wage classification system,EMPLOYMENT_ADMIN,GOVERNMENT_EMPLOYMENT,US_FEDERAL,OPM — Classification & Qualifications,https://www.opm.gov/policy-data-oversight/classification-qualifications/,OPM_CLASSIFICATION,U.S. Office of Personnel Management,HIGH,True,False,,,,LOW,US_GOVERNMENT_WORK; terminology only,2026-08-10,,false,
Federal Wage System Qualifications,federal wage system qualifications,EMPLOYMENT_ADMIN,GOVERNMENT_EMPLOYMENT,US_FEDERAL,OPM — Classification & Qualifications,https://www.opm.gov/policy-data-oversight/classification-qualifications/,OPM_CLASSIFICATION,U.S. Office of Personnel Management,HIGH,True,False,,,,LOW,US_GOVERNMENT_WORK; terminology only,2026-08-10,,false,
Federally Funded Research and Development Centers,federally funded research and development centers,ORGANIZATION,GOVERNMENT_STRUCTURE,US_FEDERAL,Acquisition.gov — Federal Acquisition Regulation Part 2,https://www.acquisition.gov/far/part-2,FAR_PART_2,Federal Acquisition Regulation,HIGH,True,False,,FFRDC,Federally Funded Research and Development Centers,MEDIUM,US_GOVERNMENT_WORK; definitions not redistributed,2026-08-10,explicit source acronym,false,
Federally-Controlled Facilities,federally-controlled facilities,PROPERTY_ADMIN,GOVERNMENT_STRUCTURE,US_FEDERAL,Acquisition.gov — Federal Acquisition Regulation Part 2,https://www.acquisition.gov/far/part-2,FAR_PART_2,Federal Acquisition Regulation,HIGH,True,False,,,,LOW,US_GOVERNMENT_WORK; definitions not redistributed,2026-08-10,,false,
Federally-Controlled Information System,federally-controlled information system,DATA_SYSTEM,GOVERNMENT_STRUCTURE,US_FEDERAL,Acquisition.gov — Federal Acquisition Regulation Part 2,https://www.acquisition.gov/far/part-2,FAR_PART_2,Federal Acquisition Regulation,HIGH,True,False,,,,LOW,US_GOVERNMENT_WORK; definitions not redistributed,2026-08-10,,false,
Fee Waiver,fee waiver,FISCAL_ADMIN,PUBLIC_RECORDS,US_FEDERAL,FOIA.gov — Glossary,https://www.foia.gov/data.html,FOIA_GOV,"U.S. Department of Justice, Office of Information Policy",HIGH,True,False,,,,MEDIUM,DOJ_PUBLIC_DOMAIN_UNLESS_INDICATED; definitions not redistributed,2026-08-10,,false,
FFRDC,ffrdc,ORGANIZATION,GOVERNMENT_STRUCTURE,US_FEDERAL,Acquisition.gov — Federal Acquisition Regulation Part 2,https://www.acquisition.gov/far/part-2,FAR_PART_2,Federal Acquisition Regulation,HIGH,True,False,Federally Funded Research and Development Centers,FFRDC,Federally Funded Research and Development Centers,MEDIUM,US_GOVERNMENT_WORK; definitions not redistributed,2026-08-10,Explicit acronym/abbreviation attested by source; parent expansion preserved.,false,
File Break,file break,PROCESS_EVENT,RECORDS_MANAGEMENT,US_FEDERAL,NARA — Records Management Key Terms and Acronyms,https://www.archives.gov/files/records-mgmt/rm-glossary-of-terms.pdf,NARA_RM,National Archives and Records Administration,HIGH,True,False,,,,MEDIUM,NARA_US_GOVERNMENT_WORK_CC0; definitions not redistributed,2026-08-10,source alias for Cutoff,false,
File Plan,file plan,DOCUMENT,RECORDS_MANAGEMENT,US_FEDERAL,NARA — Records Management Key Terms and Acronyms,https://www.archives.gov/files/records-mgmt/rm-glossary-of-terms.pdf,NARA_RM,National Archives and Records Administration,HIGH,True,False,,,,MEDIUM,NARA_US_GOVERNMENT_WORK_CC0; definitions not redistributed,2026-08-10,,false,
Filing System,filing system,DATA_SYSTEM,RECORDS_MANAGEMENT,US_FEDERAL,NARA — Records Management Key Terms and Acronyms,https://www.archives.gov/files/records-mgmt/rm-glossary-of-terms.pdf,NARA_RM,National Archives and Records Administration,HIGH,True,False,,,,MEDIUM,NARA_US_GOVERNMENT_WORK_CC0; definitions not redistributed,2026-08-10,,false,
Final Indirect Cost Rate,final indirect cost rate,FISCAL_ADMIN,PROCUREMENT,US_FEDERAL,Acquisition.gov — Federal Acquisition Regulation Part 2,https://www.acquisition.gov/far/part-2,FAR_PART_2,Federal Acquisition Regulation,HIGH,True,False,,,,LOW,US_GOVERNMENT_WORK; definitions not redistributed,2026-08-10,,false,
Final Rule,final rule,RULEMAKING,RULEMAKING,US_FEDERAL,Office of the Federal Register — Reader Aids / Rulemaking,https://www.federalregister.gov/reader-aids,FEDERAL_REGISTER,Office of the Federal Register,HIGH,True,False,,,,MEDIUM,US_GOVERNMENT_WORK; terminology only,2026-08-10,,false,
First Article,first article,PROCUREMENT,PROCUREMENT,US_FEDERAL,Acquisition.gov — Federal Acquisition Regulation Part 2,https://www.acquisition.gov/far/part-2,FAR_PART_2,Federal Acquisition Regulation,HIGH,True,False,,,,MEDIUM,US_GOVERNMENT_WORK; definitions not redistributed,2026-08-10,,false,
First Article Testing,first article testing,PROCESS_EVENT,PROCUREMENT,US_FEDERAL,Acquisition.gov — Federal Acquisition Regulation Part 2,https://www.acquisition.gov/far/part-2,FAR_PART_2,Federal Acquisition Regulation,HIGH,True,False,,,,LOW,US_GOVERNMENT_WORK; definitions not redistributed,2026-08-10,,false,
First-Party Request,first-party request,DOCUMENT,PUBLIC_RECORDS,US_FEDERAL,FOIA.gov — Glossary,https://www.foia.gov/data.html,FOIA_GOV,"U.S. Department of Justice, Office of Information Policy",HIGH,True,False,,,,LOW,DOJ_PUBLIC_DOMAIN_UNLESS_INDICATED; definitions not redistributed,2026-08-10,,false,
Flexible Retention,flexible retention,PROCESS_EVENT,RECORDS_MANAGEMENT,US_FEDERAL,NARA — Records Management Key Terms and Acronyms,https://www.archives.gov/files/records-mgmt/rm-glossary-of-terms.pdf,NARA_RM,National Archives and Records Administration,HIGH,True,False,,,,MEDIUM,NARA_US_GOVERNMENT_WORK_CC0; definitions not redistributed,2026-08-10,,false,
Flexible Schedule,flexible schedule,DOCUMENT,RECORDS_MANAGEMENT,US_FEDERAL,NARA — Records Management Key Terms and Acronyms,https://www.archives.gov/files/records-mgmt/rm-glossary-of-terms.pdf,NARA_RM,National Archives and Records Administration,HIGH,True,False,,,,MEDIUM,NARA_US_GOVERNMENT_WORK_CC0; definitions not redistributed,2026-08-10,,false,
FOA,foa,DOCUMENT,GRANTS,US_FEDERAL,Grants.gov — Grant Terminology,https://grants.gov/learn-grants/grant-terminology,GRANTS_GOV,U.S. federal government grants portal,HIGH,True,False,Funding Opportunity Announcement,FOA,Funding Opportunity Announcement,MEDIUM,US_GOVERNMENT_WORK; definitions not redistributed,2026-08-10,Explicit acronym/abbreviation attested by source; parent expansion preserved.,false,
FOIA,foia,LEGAL_ADMIN,PUBLIC_RECORDS,US_FEDERAL,FOIA.gov — Glossary,https://www.foia.gov/data.html,FOIA_GOV,"U.S. Department of Justice, Office of Information Policy",HIGH,True,False,,FOIA,Freedom of Information Act,HIGH,DOJ_PUBLIC_DOMAIN_UNLESS_INDICATED; definitions not redistributed,2026-08-10,explicit source acronym,false,
FOIA Contact,foia contact,ROLE,PUBLIC_RECORDS,US_FEDERAL,FOIA.gov — Glossary,https://www.foia.gov/data.html,FOIA_GOV,"U.S. Department of Justice, Office of Information Policy",HIGH,True,False,,,,MEDIUM,DOJ_PUBLIC_DOMAIN_UNLESS_INDICATED; definitions not redistributed,2026-08-10,,false,
FOIA Library,foia library,DOCUMENT_SYSTEM,PUBLIC_RECORDS,US_FEDERAL,FOIA.gov — Glossary,https://www.foia.gov/data.html,FOIA_GOV,"U.S. Department of Justice, Office of Information Policy",HIGH,True,False,,,,MEDIUM,DOJ_PUBLIC_DOMAIN_UNLESS_INDICATED; definitions not redistributed,2026-08-10,,false,
FOIA Public Liaison,foia public liaison,ROLE,PUBLIC_RECORDS,US_FEDERAL,FOIA.gov — Glossary,https://www.foia.gov/data.html,FOIA_GOV,"U.S. Department of Justice, Office of Information Policy",HIGH,True,False,,,,LOW,DOJ_PUBLIC_DOMAIN_UNLESS_INDICATED; definitions not redistributed,2026-08-10,,false,
FOIA Request,foia request,DOCUMENT,PUBLIC_RECORDS,US_FEDERAL,FOIA.gov — Glossary,https://www.foia.gov/data.html,FOIA_GOV,"U.S. Department of Justice, Office of Information Policy",HIGH,True,False,,,,MEDIUM,DOJ_PUBLIC_DOMAIN_UNLESS_INDICATED; definitions not redistributed,2026-08-10,,false,
FOIA Requester Service Center,foia requester service center,GOVERNMENT_STRUCTURE,PUBLIC_RECORDS,US_FEDERAL,FOIA.gov — Glossary,https://www.foia.gov/data.html,FOIA_GOV,"U.S. Department of Justice, Office of Information Policy",HIGH,True,False,,,,LOW,DOJ_PUBLIC_DOMAIN_UNLESS_INDICATED; definitions not redistributed,2026-08-10,,false,
FON,fon,IDENTIFIER_TYPE,GRANTS,US_FEDERAL,Grants.gov — Grant Terminology,https://grants.gov/learn-grants/grant-terminology,GRANTS_GOV,U.S. federal government grants portal,HIGH,True,False,Funding Opportunity Number,FON,Funding Opportunity Number,MEDIUM,US_GOVERNMENT_WORK; definitions not redistributed,2026-08-10,Explicit acronym/abbreviation attested by source; parent expansion preserved.,true,
Formal Comment,formal comment,PROCESS_EVENT,RULEMAKING,US_FEDERAL,Office of the Federal Register — Reader Aids / Rulemaking,https://www.federalregister.gov/reader-aids,FEDERAL_REGISTER,Office of the Federal Register,HIGH,True,False,,,,MEDIUM,US_GOVERNMENT_WORK; terminology only,2026-08-10,,false,
Formula Grant,formula grant,PROGRAM_ADMIN,GRANTS,US_FEDERAL,Grants.gov — Grant Terminology,https://grants.gov/learn-grants/grant-terminology,GRANTS_GOV,U.S. federal government grants portal,HIGH,True,False,,,,MEDIUM,US_GOVERNMENT_WORK; definitions not redistributed,2026-08-10,,false,
FRA,fra,LEGAL_ADMIN,RECORDS_MANAGEMENT,US_FEDERAL,NARA — Records Management Key Terms and Acronyms,https://www.archives.gov/files/records-mgmt/rm-glossary-of-terms.pdf,NARA_RM,National Archives and Records Administration,HIGH,True,False,Federal Records Act,FRA,Federal Records Act,MEDIUM,NARA_US_GOVERNMENT_WORK_CC0; definitions not redistributed,2026-08-10,Explicit acronym/abbreviation attested by source; parent expansion preserved.,true,
FRC,frc,GOVERNMENT_STRUCTURE,RECORDS_MANAGEMENT,US_FEDERAL,NARA — Records Management Key Terms and Acronyms,https://www.archives.gov/files/records-mgmt/rm-glossary-of-terms.pdf,NARA_RM,National Archives and Records Administration,HIGH,True,False,Federal Records Center,FRC,Federal Records Center,MEDIUM,NARA_US_GOVERNMENT_WORK_CC0; definitions not redistributed,2026-08-10,Explicit acronym/abbreviation attested by source; parent expansion preserved.,false,
FRCP,frcp,PROGRAM_ADMIN,RECORDS_MANAGEMENT,US_FEDERAL,NARA — Records Management Key Terms and Acronyms,https://www.archives.gov/files/records-mgmt/rm-glossary-of-terms.pdf,NARA_RM,National Archives and Records Administration,HIGH,True,False,Federal Records Center Program,FRCP,Federal Records Center Program,MEDIUM,NARA_US_GOVERNMENT_WORK_CC0; definitions not redistributed,2026-08-10,Explicit acronym/abbreviation attested by source; parent expansion preserved.,false,
Frozen Records,frozen records,RECORDS_INFORMATION,RECORDS_MANAGEMENT,US_FEDERAL,NARA — Records Management Key Terms and Acronyms,https://www.archives.gov/files/records-mgmt/rm-glossary-of-terms.pdf,NARA_RM,National Archives and Records Administration,HIGH,True,False,,,,MEDIUM,NARA_US_GOVERNMENT_WORK_CC0; definitions not redistributed,2026-08-10,,false,
Functional Arrangement,functional arrangement,PROCESS_EVENT,RECORDS_MANAGEMENT,US_FEDERAL,NARA — Records Management Key Terms and Acronyms,https://www.archives.gov/files/records-mgmt/rm-glossary-of-terms.pdf,NARA_RM,National Archives and Records Administration,HIGH,True,False,,,,MEDIUM,NARA_US_GOVERNMENT_WORK_CC0; definitions not redistributed,2026-08-10,,false,
Funding Opportunity Announcement,funding opportunity announcement,DOCUMENT,GRANTS,US_FEDERAL,Grants.gov — Grant Terminology,https://grants.gov/learn-grants/grant-terminology,GRANTS_GOV,U.S. federal government grants portal,HIGH,True,False,,FOA,Funding Opportunity Announcement,MEDIUM,US_GOVERNMENT_WORK; definitions not redistributed,2026-08-10,explicit source acronym,false,
Funding Opportunity Number,funding opportunity number,IDENTIFIER_TYPE,GRANTS,US_FEDERAL,Grants.gov — Grant Terminology,https://grants.gov/learn-grants/grant-terminology,GRANTS_GOV,U.S. federal government grants portal,HIGH,True,False,,FON,Funding Opportunity Number,MEDIUM,US_GOVERNMENT_WORK; definitions not redistributed,2026-08-10,explicit source acronym,false,
Funding Period,funding period,FISCAL_ADMIN,GRANTS,US_FEDERAL,Grants.gov — Grant Terminology,https://grants.gov/learn-grants/grant-terminology,GRANTS_GOV,U.S. federal government grants portal,HIGH,True,False,,,,MEDIUM,US_GOVERNMENT_WORK; definitions not redistributed,2026-08-10,,false,
General Records Schedules,general records schedules,DOCUMENT,RECORDS_MANAGEMENT,US_FEDERAL,NARA — Records Management Key Terms and Acronyms,https://www.archives.gov/files/records-mgmt/rm-glossary-of-terms.pdf,NARA_RM,National Archives and Records Administration,HIGH,True,False,,GRS,General Records Schedules,MEDIUM,NARA_US_GOVERNMENT_WORK_CC0; definitions not redistributed,2026-08-10,explicit source acronym,false,
General Schedule,general schedule,EMPLOYMENT_ADMIN,GOVERNMENT_EMPLOYMENT,US_FEDERAL,OPM — Classification & Qualifications,https://www.opm.gov/policy-data-oversight/classification-qualifications/,OPM_CLASSIFICATION,U.S. Office of Personnel Management,HIGH,True,False,,,,MEDIUM,US_GOVERNMENT_WORK; terminology only,2026-08-10,,false,
Grace Period,grace period,PROCESS_EVENT,GRANTS,US_FEDERAL,Grants.gov — Grant Terminology,https://grants.gov/learn-grants/grant-terminology,GRANTS_GOV,U.S. federal government grants portal,HIGH,True,False,,,,MEDIUM,US_GOVERNMENT_WORK; definitions not redistributed,2026-08-10,,false,finance_accounting_tax
Grade,grade,EMPLOYMENT_ADMIN,GOVERNMENT_EMPLOYMENT,US_FEDERAL,OPM — Classification & Qualifications,https://www.opm.gov/policy-data-oversight/classification-qualifications/,OPM_CLASSIFICATION,U.S. Office of Personnel Management,HIGH,True,False,,,,HIGH,US_GOVERNMENT_WORK; terminology only,2026-08-10,,true,
Grant Agreement,grant agreement,DOCUMENT,GRANTS,US_FEDERAL,Grants.gov — Grant Terminology,https://grants.gov/learn-grants/grant-terminology,GRANTS_GOV,U.S. federal government grants portal,HIGH,True,False,,,,MEDIUM,US_GOVERNMENT_WORK; definitions not redistributed,2026-08-10,,false,
GRS,grs,DOCUMENT,RECORDS_MANAGEMENT,US_FEDERAL,NARA — Records Management Key Terms and Acronyms,https://www.archives.gov/files/records-mgmt/rm-glossary-of-terms.pdf,NARA_RM,National Archives and Records Administration,HIGH,True,False,General Records Schedules,GRS,General Records Schedules,MEDIUM,NARA_US_GOVERNMENT_WORK_CC0; definitions not redistributed,2026-08-10,Explicit acronym/abbreviation attested by source; parent expansion preserved.,false,
Head of the Agency,head of the agency,ROLE,GOVERNMENT_STRUCTURE,US_FEDERAL,Acquisition.gov — Federal Acquisition Regulation Part 2,https://www.acquisition.gov/far/part-2,FAR_PART_2,Federal Acquisition Regulation,HIGH,True,False,,,,LOW,US_GOVERNMENT_WORK; definitions not redistributed,2026-08-10,source-listed alternate,false,
ICT,ict,DATA_SYSTEM,PROCUREMENT,US_FEDERAL,Acquisition.gov — Federal Acquisition Regulation Part 2,https://www.acquisition.gov/far/part-2,FAR_PART_2,Federal Acquisition Regulation,HIGH,True,False,Information and Communication Technology,ICT,Information and Communication Technology,MEDIUM,US_GOVERNMENT_WORK; definitions not redistributed,2026-08-10,Explicit acronym/abbreviation attested by source; parent expansion preserved.,false,
Inactive Records,inactive records,RECORDS_INFORMATION,RECORDS_MANAGEMENT,US_FEDERAL,NARA — Records Management Key Terms and Acronyms,https://www.archives.gov/files/records-mgmt/rm-glossary-of-terms.pdf,NARA_RM,National Archives and Records Administration,HIGH,True,False,,,,MEDIUM,NARA_US_GOVERNMENT_WORK_CC0; definitions not redistributed,2026-08-10,,false,
Indirect Cost,indirect cost,FISCAL_ADMIN,PROCUREMENT,US_FEDERAL,Acquisition.gov — Federal Acquisition Regulation Part 2,https://www.acquisition.gov/far/part-2,FAR_PART_2,Federal Acquisition Regulation,HIGH,True,False,,,,MEDIUM,US_GOVERNMENT_WORK; definitions not redistributed,2026-08-10,,false,
Indirect Cost Rate,indirect cost rate,FISCAL_ADMIN,PROCUREMENT,US_FEDERAL,Acquisition.gov — Federal Acquisition Regulation Part 2,https://www.acquisition.gov/far/part-2,FAR_PART_2,Federal Acquisition Regulation,HIGH,True,False,,,,LOW,US_GOVERNMENT_WORK; definitions not redistributed,2026-08-10,,false,higher_ed
Ineligible,ineligible,ENFORCEMENT_COMPLIANCE,PROCUREMENT,US_FEDERAL,Acquisition.gov — Federal Acquisition Regulation Part 2,https://www.acquisition.gov/far/part-2,FAR_PART_2,Federal Acquisition Regulation,HIGH,True,False,,,,HIGH,US_GOVERNMENT_WORK; definitions not redistributed,2026-08-10,,false,
Informal Rulemaking,informal rulemaking,RULEMAKING,RULEMAKING,US_FEDERAL,Office of the Federal Register — Reader Aids / Rulemaking,https://www.federalregister.gov/reader-aids,FEDERAL_REGISTER,Office of the Federal Register,HIGH,True,False,,,,MEDIUM,US_GOVERNMENT_WORK; terminology only,2026-08-10,,false,
Information and Communication Technology,information and communication technology,DATA_SYSTEM,PROCUREMENT,US_FEDERAL,Acquisition.gov — Federal Acquisition Regulation Part 2,https://www.acquisition.gov/far/part-2,FAR_PART_2,Federal Acquisition Regulation,HIGH,True,False,,ICT,Information and Communication Technology,MEDIUM,US_GOVERNMENT_WORK; definitions not redistributed,2026-08-10,explicit source acronym,false,
Information Security,information security,RECORDS_INFORMATION,PROCUREMENT,US_FEDERAL,Acquisition.gov — Federal Acquisition Regulation Part 2,https://www.acquisition.gov/far/part-2,FAR_PART_2,Federal Acquisition Regulation,HIGH,True,False,,,,MEDIUM,US_GOVERNMENT_WORK; definitions not redistributed,2026-08-10,,false,
Information System,information system,DATA_SYSTEM,RECORDS_MANAGEMENT,US_FEDERAL,NARA — Records Management Key Terms and Acronyms,https://www.archives.gov/files/records-mgmt/rm-glossary-of-terms.pdf,NARA_RM,National Archives and Records Administration,HIGH,True,False,,,,MEDIUM,NARA_US_GOVERNMENT_WORK_CC0; definitions not redistributed,2026-08-10,,false,legal
Information Technology,information technology,DATA_SYSTEM,PROCUREMENT,US_FEDERAL,Acquisition.gov — Federal Acquisition Regulation Part 2,https://www.acquisition.gov/far/part-2,FAR_PART_2,Federal Acquisition Regulation,HIGH,True,False,,IT,Information Technology,MEDIUM,US_GOVERNMENT_WORK; definitions not redistributed,2026-08-10,,false,
Inherently Governmental Function,inherently governmental function,GOVERNMENT_STRUCTURE,PUBLIC_ADMIN,US_FEDERAL,Acquisition.gov — Federal Acquisition Regulation Part 2,https://www.acquisition.gov/far/part-2,FAR_PART_2,Federal Acquisition Regulation,HIGH,True,False,,,,LOW,US_GOVERNMENT_WORK; definitions not redistributed,2026-08-10,,false,
Inspection,inspection,ENFORCEMENT_COMPLIANCE,RECORDS_MANAGEMENT,US_FEDERAL,NARA — Records Management Key Terms and Acronyms,https://www.archives.gov/files/records-mgmt/rm-glossary-of-terms.pdf,NARA_RM,National Archives and Records Administration,HIGH,True,False,,,,HIGH,NARA_US_GOVERNMENT_WORK_CC0; definitions not redistributed,2026-08-10,,false,
Interim Final Rule,interim final rule,RULEMAKING,RULEMAKING,US_FEDERAL,Office of the Federal Register — Reader Aids / Rulemaking,https://www.federalregister.gov/reader-aids,FEDERAL_REGISTER,Office of the Federal Register,HIGH,True,False,,,,LOW,US_GOVERNMENT_WORK; terminology only,2026-08-10,,false,
Inventory,inventory,PROCESS_EVENT,RECORDS_MANAGEMENT,US_FEDERAL,NARA — Records Management Key Terms and Acronyms,https://www.archives.gov/files/records-mgmt/rm-glossary-of-terms.pdf,NARA_RM,National Archives and Records Administration,HIGH,True,False,,,,HIGH,NARA_US_GOVERNMENT_WORK_CC0; definitions not redistributed,2026-08-10,records survey sense,false,finance_accounting_tax
IT,it,DATA_SYSTEM,PROCUREMENT,US_FEDERAL,Acquisition.gov — Federal Acquisition Regulation Part 2,https://www.acquisition.gov/far/part-2,FAR_PART_2,Federal Acquisition Regulation,HIGH,True,False,Information Technology,IT,Information Technology,MEDIUM,US_GOVERNMENT_WORK; definitions not redistributed,2026-08-10,Explicit acronym/abbreviation attested by source; parent expansion preserved.,false,
Job Grading,job grading,EMPLOYMENT_ADMIN,GOVERNMENT_EMPLOYMENT,US_FEDERAL,OPM — Classification & Qualifications,https://www.opm.gov/policy-data-oversight/classification-qualifications/,OPM_CLASSIFICATION,U.S. Office of Personnel Management,HIGH,True,False,,,,MEDIUM,US_GOVERNMENT_WORK; terminology only,2026-08-10,,false,
Job Opportunity Announcement,job opportunity announcement,DOCUMENT,GOVERNMENT_EMPLOYMENT,US_FEDERAL,OPM — Classification & Qualifications,https://www.opm.gov/policy-data-oversight/classification-qualifications/,OPM_CLASSIFICATION,U.S. Office of Personnel Management,HIGH,True,False,,,,LOW,US_GOVERNMENT_WORK; terminology only,2026-08-10,,false,
Legacy Schedules,legacy schedules,DOCUMENT,RECORDS_MANAGEMENT,US_FEDERAL,NARA — Records Management Key Terms and Acronyms,https://www.archives.gov/files/records-mgmt/rm-glossary-of-terms.pdf,NARA_RM,National Archives and Records Administration,HIGH,True,False,,LS,Legacy Schedules,MEDIUM,NARA_US_GOVERNMENT_WORK_CC0; definitions not redistributed,2026-08-10,explicit source acronym,false,
Local Government,local government,GOVERNMENT_STRUCTURE,GRANTS,US_FEDERAL,Grants.gov — Grant Terminology,https://grants.gov/learn-grants/grant-terminology,GRANTS_GOV,U.S. federal government grants portal,HIGH,True,False,,,,MEDIUM,US_GOVERNMENT_WORK; definitions not redistributed,2026-08-10,,false,
LS,ls,DOCUMENT,RECORDS_MANAGEMENT,US_FEDERAL,NARA — Records Management Key Terms and Acronyms,https://www.archives.gov/files/records-mgmt/rm-glossary-of-terms.pdf,NARA_RM,National Archives and Records Administration,HIGH,True,False,Legacy Schedules,LS,Legacy Schedules,MEDIUM,NARA_US_GOVERNMENT_WORK_CC0; definitions not redistributed,2026-08-10,Explicit acronym/abbreviation attested by source; parent expansion preserved.,false,
MAC,mac,PROCUREMENT,PROCUREMENT,US_FEDERAL,Acquisition.gov — Federal Acquisition Regulation Part 2,https://www.acquisition.gov/far/part-2,FAR_PART_2,Federal Acquisition Regulation,HIGH,True,False,Multi-Agency Contract,MAC,Multi-Agency Contract,MEDIUM,US_GOVERNMENT_WORK; definitions not redistributed,2026-08-10,Explicit acronym/abbreviation attested by source; parent expansion preserved.,true,
Mandatory Form,mandatory form,DOCUMENT,GRANTS,US_FEDERAL,Grants.gov — Grant Terminology,https://grants.gov/learn-grants/grant-terminology,GRANTS_GOV,U.S. federal government grants portal,HIGH,True,False,,,,MEDIUM,US_GOVERNMENT_WORK; definitions not redistributed,2026-08-10,,false,
Mandatory Grant,mandatory grant,PROGRAM_ADMIN,GRANTS,US_FEDERAL,Grants.gov — Grant Terminology,https://grants.gov/learn-grants/grant-terminology,GRANTS_GOV,U.S. federal government grants portal,HIGH,True,False,,,,MEDIUM,US_GOVERNMENT_WORK; definitions not redistributed,2026-08-10,,false,
Micro-Purchase,micro-purchase,PROCUREMENT,PROCUREMENT,US_FEDERAL,Acquisition.gov — Federal Acquisition Regulation Part 2,https://www.acquisition.gov/far/part-2,FAR_PART_2,Federal Acquisition Regulation,HIGH,True,False,,,,MEDIUM,US_GOVERNMENT_WORK; definitions not redistributed,2026-08-10,,false,
Micro-Purchase Threshold,micro-purchase threshold,PROCUREMENT,PROCUREMENT,US_FEDERAL,Acquisition.gov — Federal Acquisition Regulation Part 2,https://www.acquisition.gov/far/part-2,FAR_PART_2,Federal Acquisition Regulation,HIGH,True,False,,,,LOW,US_GOVERNMENT_WORK; definitions not redistributed,2026-08-10,,false,
Multi-Agency Contract,multi-agency contract,PROCUREMENT,PROCUREMENT,US_FEDERAL,Acquisition.gov — Federal Acquisition Regulation Part 2,https://www.acquisition.gov/far/part-2,FAR_PART_2,Federal Acquisition Regulation,HIGH,True,False,,MAC,Multi-Agency Contract,MEDIUM,US_GOVERNMENT_WORK; definitions not redistributed,2026-08-10,explicit source acronym,false,
Multiple-Award Contract,multiple-award contract,PROCUREMENT,PROCUREMENT,US_FEDERAL,Acquisition.gov — Federal Acquisition Regulation Part 2,https://www.acquisition.gov/far/part-2,FAR_PART_2,Federal Acquisition Regulation,HIGH,True,False,,,,LOW,US_GOVERNMENT_WORK; definitions not redistributed,2026-08-10,,false,
NARA,nara,ORGANIZATION,OFFICIAL_ORGANIZATION,US_FEDERAL,USAGov — A-Z Index of U.S. Government Departments and Agencies,https://www.usa.gov/agency-index,USAGOV_AGENCIES,USAGov / U.S. General Services Administration,HIGH,True,False,National Archives and Records Administration,NARA,National Archives and Records Administration,MEDIUM,US_GOVERNMENT_WORK; official organization names only,2026-08-10,Explicit acronym/abbreviation attested by source; parent expansion preserved.,true,
National Archives and Records Administration,national archives and records administration,ORGANIZATION,OFFICIAL_ORGANIZATION,US_FEDERAL,USAGov — A-Z Index of U.S. Government Departments and Agencies,https://www.usa.gov/agency-index,USAGOV_AGENCIES,USAGov / U.S. General Services Administration,HIGH,True,False,,NARA,National Archives and Records Administration,MEDIUM,US_GOVERNMENT_WORK; official organization names only,2026-08-10,official organization name,false,
National Defense,national defense,PROGRAM_ADMIN,GOVERNMENT_STRUCTURE,US_FEDERAL,Acquisition.gov — Federal Acquisition Regulation Part 2,https://www.acquisition.gov/far/part-2,FAR_PART_2,Federal Acquisition Regulation,HIGH,True,False,,,,MEDIUM,US_GOVERNMENT_WORK; definitions not redistributed,2026-08-10,,false,
Near-Line Storage,near-line storage,DATA_SYSTEM,RECORDS_MANAGEMENT,US_FEDERAL,NARA — Records Management Key Terms and Acronyms,https://www.archives.gov/files/records-mgmt/rm-glossary-of-terms.pdf,NARA_RM,National Archives and Records Administration,HIGH,True,False,,,,LOW,NARA_US_GOVERNMENT_WORK_CC0; definitions not redistributed,2026-08-10,,false,
Neutral Person,neutral person,ROLE,ADMINISTRATIVE_PROCEEDING,US_FEDERAL,Acquisition.gov — Federal Acquisition Regulation Part 2,https://www.acquisition.gov/far/part-2,FAR_PART_2,Federal Acquisition Regulation,HIGH,True,False,,,,MEDIUM,US_GOVERNMENT_WORK; definitions not redistributed,2026-08-10,,false,
Non-Federal Entity,non-federal entity,GOVERNMENT_STRUCTURE,GRANTS,US_FEDERAL,Grants.gov — Grant Terminology,https://grants.gov/learn-grants/grant-terminology,GRANTS_GOV,U.S. federal government grants portal,HIGH,True,False,,,,LOW,US_GOVERNMENT_WORK; definitions not redistributed,2026-08-10,,false,
Noncommercial Scientific Institution,noncommercial scientific institution,ORGANIZATION,PUBLIC_RECORDS,US_FEDERAL,FOIA.gov — Glossary,https://www.foia.gov/data.html,FOIA_GOV,"U.S. Department of Justice, Office of Information Policy",HIGH,True,False,,,,LOW,DOJ_PUBLIC_DOMAIN_UNLESS_INDICATED; definitions not redistributed,2026-08-10,,false,
Nondevelopmental Item,nondevelopmental item,PROCUREMENT,PROCUREMENT,US_FEDERAL,Acquisition.gov — Federal Acquisition Regulation Part 2,https://www.acquisition.gov/far/part-2,FAR_PART_2,Federal Acquisition Regulation,HIGH,True,False,,,,MEDIUM,US_GOVERNMENT_WORK; definitions not redistributed,2026-08-10,,false,
Nonprofit Organization,nonprofit organization,ORGANIZATION,GRANTS,US_FEDERAL,Grants.gov — Grant Terminology,https://grants.gov/learn-grants/grant-terminology,GRANTS_GOV,U.S. federal government grants portal,HIGH,True,False,,,,MEDIUM,US_GOVERNMENT_WORK; definitions not redistributed,2026-08-10,,false,
Nonrecord Materials,nonrecord materials,RECORDS_INFORMATION,RECORDS_MANAGEMENT,US_FEDERAL,NARA — Records Management Key Terms and Acronyms,https://www.archives.gov/files/records-mgmt/rm-glossary-of-terms.pdf,NARA_RM,National Archives and Records Administration,HIGH,True,False,,,,MEDIUM,NARA_US_GOVERNMENT_WORK_CC0; definitions not redistributed,2026-08-10,,false,
Notice,notice,DOCUMENT,RULEMAKING,US_FEDERAL,Office of the Federal Register — Reader Aids / Rulemaking,https://www.federalregister.gov/reader-aids,FEDERAL_REGISTER,Office of the Federal Register,HIGH,True,False,,,,HIGH,US_GOVERNMENT_WORK; terminology only,2026-08-10,Federal Register document type,true,
Notice of Proposed Rulemaking,notice of proposed rulemaking,RULEMAKING,RULEMAKING,US_FEDERAL,Office of the Federal Register — Reader Aids / Rulemaking,https://www.federalregister.gov/reader-aids,FEDERAL_REGISTER,Office of the Federal Register,HIGH,True,False,,NPRM,Notice of Proposed Rulemaking,MEDIUM,US_GOVERNMENT_WORK; terminology only,2026-08-10,explicit rulemaking acronym,false,
Notice-and-Comment Rulemaking,notice-and-comment rulemaking,RULEMAKING,RULEMAKING,US_FEDERAL,Office of the Federal Register — Reader Aids / Rulemaking,https://www.federalregister.gov/reader-aids,FEDERAL_REGISTER,Office of the Federal Register,HIGH,True,False,,,,LOW,US_GOVERNMENT_WORK; terminology only,2026-08-10,,false,
Novation Agreement,novation agreement,DOCUMENT,PROCUREMENT,US_FEDERAL,Acquisition.gov — Federal Acquisition Regulation Part 2,https://www.acquisition.gov/far/part-2,FAR_PART_2,Federal Acquisition Regulation,HIGH,True,False,,,,MEDIUM,US_GOVERNMENT_WORK; definitions not redistributed,2026-08-10,,false,
NPRM,nprm,RULEMAKING,RULEMAKING,US_FEDERAL,Office of the Federal Register — Reader Aids / Rulemaking,https://www.federalregister.gov/reader-aids,FEDERAL_REGISTER,Office of the Federal Register,HIGH,True,False,Notice of Proposed Rulemaking,NPRM,Notice of Proposed Rulemaking,MEDIUM,US_GOVERNMENT_WORK; terminology only,2026-08-10,Explicit acronym/abbreviation attested by source; parent expansion preserved.,false,
Obligations,obligations,FISCAL_ADMIN,GRANTS,US_FEDERAL,Grants.gov — Grant Terminology,https://grants.gov/learn-grants/grant-terminology,GRANTS_GOV,U.S. federal government grants portal,HIGH,True,False,,,,HIGH,US_GOVERNMENT_WORK; definitions not redistributed,2026-08-10,,false,finance_accounting_tax
Offer,offer,PROCUREMENT,PROCUREMENT,US_FEDERAL,Acquisition.gov — Federal Acquisition Regulation Part 2,https://www.acquisition.gov/far/part-2,FAR_PART_2,Federal Acquisition Regulation,HIGH,True,False,,,,HIGH,US_GOVERNMENT_WORK; definitions not redistributed,2026-08-10,,true,
Offeror,offeror,ROLE,PROCUREMENT,US_FEDERAL,Acquisition.gov — Federal Acquisition Regulation Part 2,https://www.acquisition.gov/far/part-2,FAR_PART_2,Federal Acquisition Regulation,HIGH,True,False,,,,HIGH,US_GOVERNMENT_WORK; definitions not redistributed,2026-08-10,,false,
Opportunity Category,opportunity category,DATA_SYSTEM,GRANTS,US_FEDERAL,Grants.gov — Grant Terminology,https://grants.gov/learn-grants/grant-terminology,GRANTS_GOV,U.S. federal government grants portal,HIGH,True,False,,,,MEDIUM,US_GOVERNMENT_WORK; definitions not redistributed,2026-08-10,,false,
Opportunity Package,opportunity package,DOCUMENT_SYSTEM,GRANTS,US_FEDERAL,Grants.gov — Grant Terminology,https://grants.gov/learn-grants/grant-terminology,GRANTS_GOV,U.S. federal government grants portal,HIGH,True,False,,,,MEDIUM,US_GOVERNMENT_WORK; definitions not redistributed,2026-08-10,,false,
Optional Forms,optional forms,DOCUMENT,GRANTS,US_FEDERAL,Grants.gov — Grant Terminology,https://grants.gov/learn-grants/grant-terminology,GRANTS_GOV,U.S. federal government grants portal,HIGH,True,False,,,,MEDIUM,US_GOVERNMENT_WORK; definitions not redistributed,2026-08-10,,false,
Organization Applicant,organization applicant,ROLE,GRANTS,US_FEDERAL,Grants.gov — Grant Terminology,https://grants.gov/learn-grants/grant-terminology,GRANTS_GOV,U.S. federal government grants portal,HIGH,True,False,,,,MEDIUM,US_GOVERNMENT_WORK; definitions not redistributed,2026-08-10,,false,
Organizational Arrangement,organizational arrangement,PROCESS_EVENT,RECORDS_MANAGEMENT,US_FEDERAL,NARA — Records Management Key Terms and Acronyms,https://www.archives.gov/files/records-mgmt/rm-glossary-of-terms.pdf,NARA_RM,National Archives and Records Administration,HIGH,True,False,,,,MEDIUM,NARA_US_GOVERNMENT_WORK_CC0; definitions not redistributed,2026-08-10,,false,
Oversight Agency for Audit,oversight agency for audit,GOVERNMENT_STRUCTURE,GRANTS,US_FEDERAL,Grants.gov — Grant Terminology,https://grants.gov/learn-grants/grant-terminology,GRANTS_GOV,U.S. federal government grants portal,HIGH,True,False,,,,LOW,US_GOVERNMENT_WORK; definitions not redistributed,2026-08-10,,false,
Partial Grant/Partial Denial,partial grant/partial denial,PROCESS_EVENT,PUBLIC_RECORDS,US_FEDERAL,FOIA.gov — Glossary,https://www.foia.gov/data.html,FOIA_GOV,"U.S. Department of Justice, Office of Information Policy",HIGH,True,False,,,,LOW,DOJ_PUBLIC_DOMAIN_UNLESS_INDICATED; definitions not redistributed,2026-08-10,,false,
Past Performance,past performance,PROCUREMENT,PROCUREMENT,US_FEDERAL,Acquisition.gov — Federal Acquisition Regulation Part 2,https://www.acquisition.gov/far/part-2,FAR_PART_2,Federal Acquisition Regulation,HIGH,True,False,,,,MEDIUM,US_GOVERNMENT_WORK; definitions not redistributed,2026-08-10,,false,
Pay System,pay system,EMPLOYMENT_ADMIN,GOVERNMENT_EMPLOYMENT,US_FEDERAL,OPM — Classification & Qualifications,https://www.opm.gov/policy-data-oversight/classification-qualifications/,OPM_CLASSIFICATION,U.S. Office of Personnel Management,HIGH,True,False,,,,MEDIUM,US_GOVERNMENT_WORK; terminology only,2026-08-10,,false,
PBA,pba,PROCUREMENT,PROCUREMENT,US_FEDERAL,Acquisition.gov — Federal Acquisition Regulation Part 2,https://www.acquisition.gov/far/part-2,FAR_PART_2,Federal Acquisition Regulation,HIGH,True,False,Performance-Based Acquisition,PBA,Performance-Based Acquisition,MEDIUM,US_GOVERNMENT_WORK; definitions not redistributed,2026-08-10,Explicit acronym/abbreviation attested by source; parent expansion preserved.,false,
Pending Request or Pending Appeal,pending request or pending appeal,PROCESS_EVENT,PUBLIC_RECORDS,US_FEDERAL,FOIA.gov — Glossary,https://www.foia.gov/data.html,FOIA_GOV,"U.S. Department of Justice, Office of Information Policy",HIGH,True,False,,,,LOW,DOJ_PUBLIC_DOMAIN_UNLESS_INDICATED; definitions not redistributed,2026-08-10,,false,
Perfected Request,perfected request,DOCUMENT,PUBLIC_RECORDS,US_FEDERAL,FOIA.gov — Glossary,https://www.foia.gov/data.html,FOIA_GOV,"U.S. Department of Justice, Office of Information Policy",HIGH,True,False,,,,MEDIUM,DOJ_PUBLIC_DOMAIN_UNLESS_INDICATED; definitions not redistributed,2026-08-10,,false,
Performance Work Statement,performance work statement,DOCUMENT,PROCUREMENT,US_FEDERAL,Acquisition.gov — Federal Acquisition Regulation Part 2,https://www.acquisition.gov/far/part-2,FAR_PART_2,Federal Acquisition Regulation,HIGH,True,False,,PWS,Performance Work Statement,MEDIUM,US_GOVERNMENT_WORK; definitions not redistributed,2026-08-10,explicit source acronym,false,
Performance-Based Acquisition,performance-based acquisition,PROCUREMENT,PROCUREMENT,US_FEDERAL,Acquisition.gov — Federal Acquisition Regulation Part 2,https://www.acquisition.gov/far/part-2,FAR_PART_2,Federal Acquisition Regulation,HIGH,True,False,,PBA,Performance-Based Acquisition,MEDIUM,US_GOVERNMENT_WORK; definitions not redistributed,2026-08-10,explicit source acronym,false,
Permanent Record,permanent record,RECORDS_INFORMATION,RECORDS_MANAGEMENT,US_FEDERAL,NARA — Records Management Key Terms and Acronyms,https://www.archives.gov/files/records-mgmt/rm-glossary-of-terms.pdf,NARA_RM,National Archives and Records Administration,HIGH,True,False,,,,MEDIUM,NARA_US_GOVERNMENT_WORK_CC0; definitions not redistributed,2026-08-10,,false,
Personal Papers,personal papers,RECORDS_INFORMATION,RECORDS_MANAGEMENT,US_FEDERAL,NARA — Records Management Key Terms and Acronyms,https://www.archives.gov/files/records-mgmt/rm-glossary-of-terms.pdf,NARA_RM,National Archives and Records Administration,HIGH,True,False,,,,MEDIUM,NARA_US_GOVERNMENT_WORK_CC0; definitions not redistributed,2026-08-10,,false,
Personal Services Contract,personal services contract,PROCUREMENT,PROCUREMENT,US_FEDERAL,Acquisition.gov — Federal Acquisition Regulation Part 2,https://www.acquisition.gov/far/part-2,FAR_PART_2,Federal Acquisition Regulation,HIGH,True,False,,,,LOW,US_GOVERNMENT_WORK; definitions not redistributed,2026-08-10,,false,
Personally Identifiable Information,personally identifiable information,RECORDS_INFORMATION,PUBLIC_RECORDS,US_FEDERAL,FOIA.gov — Glossary,https://www.foia.gov/data.html,FOIA_GOV,"U.S. Department of Justice, Office of Information Policy",HIGH,True,False,,PII,Personally Identifiable Information,MEDIUM,DOJ_PUBLIC_DOMAIN_UNLESS_INDICATED; definitions not redistributed,2026-08-10,explicit source acronym; not a PII list,false,
Petition for Rulemaking,petition for rulemaking,DOCUMENT,RULEMAKING,US_FEDERAL,Office of the Federal Register — Reader Aids / Rulemaking,https://www.federalregister.gov/reader-aids,FEDERAL_REGISTER,Office of the Federal Register,HIGH,True,False,,,,LOW,US_GOVERNMENT_WORK; terminology only,2026-08-10,,false,
PII,pii,RECORDS_INFORMATION,PUBLIC_RECORDS,US_FEDERAL,FOIA.gov — Glossary,https://www.foia.gov/data.html,FOIA_GOV,"U.S. Department of Justice, Office of Information Policy",HIGH,True,False,Personally Identifiable Information,PII,Personally Identifiable Information,MEDIUM,DOJ_PUBLIC_DOMAIN_UNLESS_INDICATED; definitions not redistributed,2026-08-10,Explicit acronym/abbreviation attested by source; parent expansion preserved.,false,
Plant Clearance Officer,plant clearance officer,ROLE,PROCUREMENT,US_FEDERAL,Acquisition.gov — Federal Acquisition Regulation Part 2,https://www.acquisition.gov/far/part-2,FAR_PART_2,Federal Acquisition Regulation,HIGH,True,False,,,,LOW,US_GOVERNMENT_WORK; definitions not redistributed,2026-08-10,,false,
Position Classification,position classification,EMPLOYMENT_ADMIN,GOVERNMENT_EMPLOYMENT,US_FEDERAL,OPM — Classification & Qualifications,https://www.opm.gov/policy-data-oversight/classification-qualifications/,OPM_CLASSIFICATION,U.S. Office of Personnel Management,HIGH,True,False,,,,MEDIUM,US_GOVERNMENT_WORK; terminology only,2026-08-10,OPM classification FAQ,false,
Position Classification Standards,position classification standards,DOCUMENT,GOVERNMENT_EMPLOYMENT,US_FEDERAL,OPM — Classification & Qualifications,https://www.opm.gov/policy-data-oversight/classification-qualifications/,OPM_CLASSIFICATION,U.S. Office of Personnel Management,HIGH,True,False,,,,LOW,US_GOVERNMENT_WORK; terminology only,2026-08-10,,false,
Pre-Accessioning,pre-accessioning,PROCESS_EVENT,RECORDS_MANAGEMENT,US_FEDERAL,NARA — Records Management Key Terms and Acronyms,https://www.archives.gov/files/records-mgmt/rm-glossary-of-terms.pdf,NARA_RM,National Archives and Records Administration,HIGH,True,False,,,,MEDIUM,NARA_US_GOVERNMENT_WORK_CC0; definitions not redistributed,2026-08-10,,false,
Preaward Survey,preaward survey,PROCESS_EVENT,PROCUREMENT,US_FEDERAL,Acquisition.gov — Federal Acquisition Regulation Part 2,https://www.acquisition.gov/far/part-2,FAR_PART_2,Federal Acquisition Regulation,HIGH,True,False,,,,MEDIUM,US_GOVERNMENT_WORK; definitions not redistributed,2026-08-10,,false,
Presidential Document,presidential document,DOCUMENT,RULEMAKING,US_FEDERAL,Office of the Federal Register — Reader Aids / Rulemaking,https://www.federalregister.gov/reader-aids,FEDERAL_REGISTER,Office of the Federal Register,HIGH,True,False,,,,MEDIUM,US_GOVERNMENT_WORK; terminology only,2026-08-10,Federal Register document type,false,
Pricing,pricing,FISCAL_ADMIN,PROCUREMENT,US_FEDERAL,Acquisition.gov — Federal Acquisition Regulation Part 2,https://www.acquisition.gov/far/part-2,FAR_PART_2,Federal Acquisition Regulation,HIGH,True,False,,,,HIGH,US_GOVERNMENT_WORK; definitions not redistributed,2026-08-10,,false,
Proactive Disclosures,proactive disclosures,PUBLIC_SERVICE,PUBLIC_RECORDS,US_FEDERAL,FOIA.gov — Glossary,https://www.foia.gov/data.html,FOIA_GOV,"U.S. Department of Justice, Office of Information Policy",HIGH,True,False,,,,MEDIUM,DOJ_PUBLIC_DOMAIN_UNLESS_INDICATED; definitions not redistributed,2026-08-10,,false,
Processed Request or Processed Appeal,processed request or processed appeal,PROCESS_EVENT,PUBLIC_RECORDS,US_FEDERAL,FOIA.gov — Glossary,https://www.foia.gov/data.html,FOIA_GOV,"U.S. Department of Justice, Office of Information Policy",HIGH,True,False,,,,LOW,DOJ_PUBLIC_DOMAIN_UNLESS_INDICATED; definitions not redistributed,2026-08-10,,false,
Procurement,procurement,PROCUREMENT,PROCUREMENT,US_FEDERAL,Acquisition.gov — Federal Acquisition Regulation Part 2,https://www.acquisition.gov/far/part-2,FAR_PART_2,Federal Acquisition Regulation,HIGH,True,False,,,,HIGH,US_GOVERNMENT_WORK; definitions not redistributed,2026-08-10,FAR cross-reference to acquisition,false,
Procuring Activity,procuring activity,GOVERNMENT_STRUCTURE,PROCUREMENT,US_FEDERAL,Acquisition.gov — Federal Acquisition Regulation Part 2,https://www.acquisition.gov/far/part-2,FAR_PART_2,Federal Acquisition Regulation,HIGH,True,False,,,,MEDIUM,US_GOVERNMENT_WORK; definitions not redistributed,2026-08-10,,false,
Program Records,program records,RECORDS_INFORMATION,RECORDS_MANAGEMENT,US_FEDERAL,NARA — Records Management Key Terms and Acronyms,https://www.archives.gov/files/records-mgmt/rm-glossary-of-terms.pdf,NARA_RM,National Archives and Records Administration,HIGH,True,False,,,,MEDIUM,NARA_US_GOVERNMENT_WORK_CC0; definitions not redistributed,2026-08-10,,false,
Proper Invoice,proper invoice,DOCUMENT,PROCUREMENT,US_FEDERAL,Acquisition.gov — Federal Acquisition Regulation Part 2,https://www.acquisition.gov/far/part-2,FAR_PART_2,Federal Acquisition Regulation,HIGH,True,False,,,,MEDIUM,US_GOVERNMENT_WORK; definitions not redistributed,2026-08-10,,false,
Proposed Rule,proposed rule,RULEMAKING,RULEMAKING,US_FEDERAL,Office of the Federal Register — Reader Aids / Rulemaking,https://www.federalregister.gov/reader-aids,FEDERAL_REGISTER,Office of the Federal Register,HIGH,True,False,,,,MEDIUM,US_GOVERNMENT_WORK; terminology only,2026-08-10,Federal Register document type,false,
Public Comment,public comment,PROCESS_EVENT,RULEMAKING,US_FEDERAL,Office of the Federal Register — Reader Aids / Rulemaking,https://www.federalregister.gov/reader-aids,FEDERAL_REGISTER,Office of the Federal Register,HIGH,True,False,,,,MEDIUM,US_GOVERNMENT_WORK; terminology only,2026-08-10,,false,
Public Hearing,public hearing,ADMINISTRATIVE_PROCEEDING,PUBLIC_MEETINGS,US_FEDERAL,Office of the Federal Register — Reader Aids / Rulemaking,https://www.federalregister.gov/reader-aids,FEDERAL_REGISTER,Office of the Federal Register,HIGH,True,False,,,,MEDIUM,US_GOVERNMENT_WORK; terminology only,2026-08-10,,false,
Public Inspection,public inspection,PROCESS_EVENT,RULEMAKING,US_FEDERAL,Office of the Federal Register — Reader Aids / Rulemaking,https://www.federalregister.gov/reader-aids,FEDERAL_REGISTER,Office of the Federal Register,HIGH,True,False,,,,MEDIUM,US_GOVERNMENT_WORK; terminology only,2026-08-10,Federal Register publishing process,false,
Purchase Order,purchase order,DOCUMENT,PROCUREMENT,US_FEDERAL,Acquisition.gov — Federal Acquisition Regulation Part 2,https://www.acquisition.gov/far/part-2,FAR_PART_2,Federal Acquisition Regulation,HIGH,True,False,,,,MEDIUM,US_GOVERNMENT_WORK; definitions not redistributed,2026-08-10,,false,
PWS,pws,DOCUMENT,PROCUREMENT,US_FEDERAL,Acquisition.gov — Federal Acquisition Regulation Part 2,https://www.acquisition.gov/far/part-2,FAR_PART_2,Federal Acquisition Regulation,HIGH,True,False,Performance Work Statement,PWS,Performance Work Statement,MEDIUM,US_GOVERNMENT_WORK; definitions not redistributed,2026-08-10,Explicit acronym/abbreviation attested by source; parent expansion preserved.,false,
QPL,qpl,DOCUMENT_SYSTEM,PROCUREMENT,US_FEDERAL,Acquisition.gov — Federal Acquisition Regulation Part 2,https://www.acquisition.gov/far/part-2,FAR_PART_2,Federal Acquisition Regulation,HIGH,True,False,Qualified Products List,QPL,Qualified Products List,MEDIUM,US_GOVERNMENT_WORK; definitions not redistributed,2026-08-10,Explicit acronym/abbreviation attested by source; parent expansion preserved.,false,
Qualification Requirement,qualification requirement,ENFORCEMENT_COMPLIANCE,PROCUREMENT,US_FEDERAL,Acquisition.gov — Federal Acquisition Regulation Part 2,https://www.acquisition.gov/far/part-2,FAR_PART_2,Federal Acquisition Regulation,HIGH,True,False,,,,MEDIUM,US_GOVERNMENT_WORK; definitions not redistributed,2026-08-10,,false,
Qualification Requirements,qualification requirements,EMPLOYMENT_ADMIN,GOVERNMENT_EMPLOYMENT,US_FEDERAL,OPM — Classification & Qualifications,https://www.opm.gov/policy-data-oversight/classification-qualifications/,OPM_CLASSIFICATION,U.S. Office of Personnel Management,HIGH,True,False,,,,MEDIUM,US_GOVERNMENT_WORK; terminology only,2026-08-10,,false,
Qualified Products List,qualified products list,DOCUMENT_SYSTEM,PROCUREMENT,US_FEDERAL,Acquisition.gov — Federal Acquisition Regulation Part 2,https://www.acquisition.gov/far/part-2,FAR_PART_2,Federal Acquisition Regulation,HIGH,True,False,,QPL,Qualified Products List,MEDIUM,US_GOVERNMENT_WORK; definitions not redistributed,2026-08-10,explicit source acronym,false,
R&D,r&d,PROGRAM_ADMIN,GRANTS,US_FEDERAL,Grants.gov — Grant Terminology,https://grants.gov/learn-grants/grant-terminology,GRANTS_GOV,U.S. federal government grants portal,HIGH,True,False,Research and Development,R&D,Research and Development,MEDIUM,US_GOVERNMENT_WORK; definitions not redistributed,2026-08-10,Explicit acronym/abbreviation attested by source; parent expansion preserved.,false,
Recipient,recipient,ROLE,GRANTS,US_FEDERAL,Grants.gov — Grant Terminology,https://grants.gov/learn-grants/grant-terminology,GRANTS_GOV,U.S. federal government grants portal,HIGH,True,False,,,,HIGH,US_GOVERNMENT_WORK; definitions not redistributed,2026-08-10,,false,
Record,record,RECORDS_INFORMATION,RECORDS_MANAGEMENT,US_FEDERAL,NARA — Records Management Key Terms and Acronyms,https://www.archives.gov/files/records-mgmt/rm-glossary-of-terms.pdf,NARA_RM,National Archives and Records Administration,HIGH,True,False,,,,HIGH,NARA_US_GOVERNMENT_WORK_CC0; definitions not redistributed,2026-08-10,,true,legal
Record Series,record series,RECORDS_INFORMATION,RECORDS_MANAGEMENT,US_FEDERAL,NARA — Records Management Key Terms and Acronyms,https://www.archives.gov/files/records-mgmt/rm-glossary-of-terms.pdf,NARA_RM,National Archives and Records Administration,HIGH,True,False,,,,MEDIUM,NARA_US_GOVERNMENT_WORK_CC0; definitions not redistributed,2026-08-10,,false,
Record Values,record values,RECORDS_INFORMATION,RECORDS_MANAGEMENT,US_FEDERAL,NARA — Records Management Key Terms and Acronyms,https://www.archives.gov/files/records-mgmt/rm-glossary-of-terms.pdf,NARA_RM,National Archives and Records Administration,HIGH,True,False,,,,MEDIUM,NARA_US_GOVERNMENT_WORK_CC0; definitions not redistributed,2026-08-10,,false,
Recorded Information,recorded information,RECORDS_INFORMATION,RECORDS_MANAGEMENT,US_FEDERAL,NARA — Records Management Key Terms and Acronyms,https://www.archives.gov/files/records-mgmt/rm-glossary-of-terms.pdf,NARA_RM,National Archives and Records Administration,HIGH,True,False,,,,MEDIUM,NARA_US_GOVERNMENT_WORK_CC0; definitions not redistributed,2026-08-10,,false,
Records Management,records management,RECORDS_INFORMATION,RECORDS_MANAGEMENT,US_FEDERAL,NARA — Records Management Key Terms and Acronyms,https://www.archives.gov/files/records-mgmt/rm-glossary-of-terms.pdf,NARA_RM,National Archives and Records Administration,HIGH,True,False,,RM,Records Management,MEDIUM,NARA_US_GOVERNMENT_WORK_CC0; definitions not redistributed,2026-08-10,NARA acronym table,false,
Records Management Application,records management application,DATA_SYSTEM,RECORDS_MANAGEMENT,US_FEDERAL,NARA — Records Management Key Terms and Acronyms,https://www.archives.gov/files/records-mgmt/rm-glossary-of-terms.pdf,NARA_RM,National Archives and Records Administration,HIGH,True,False,,RMA,Records Management Application,MEDIUM,NARA_US_GOVERNMENT_WORK_CC0; definitions not redistributed,2026-08-10,NARA acronym table,false,
Records Retention,records retention,PROCESS_EVENT,RECORDS_MANAGEMENT,US_FEDERAL,NARA — Records Management Key Terms and Acronyms,https://www.archives.gov/files/records-mgmt/rm-glossary-of-terms.pdf,NARA_RM,National Archives and Records Administration,HIGH,True,False,,,,MEDIUM,NARA_US_GOVERNMENT_WORK_CC0; definitions not redistributed,2026-08-10,,false,
Records Schedule,records schedule,DOCUMENT,RECORDS_MANAGEMENT,US_FEDERAL,NARA — Records Management Key Terms and Acronyms,https://www.archives.gov/files/records-mgmt/rm-glossary-of-terms.pdf,NARA_RM,National Archives and Records Administration,HIGH,True,False,,,,MEDIUM,NARA_US_GOVERNMENT_WORK_CC0; definitions not redistributed,2026-08-10,,false,
Records Schedule Item,records schedule item,DOCUMENT,RECORDS_MANAGEMENT,US_FEDERAL,NARA — Records Management Key Terms and Acronyms,https://www.archives.gov/files/records-mgmt/rm-glossary-of-terms.pdf,NARA_RM,National Archives and Records Administration,HIGH,True,False,,,,LOW,NARA_US_GOVERNMENT_WORK_CC0; definitions not redistributed,2026-08-10,,false,
Regulatory Text,regulatory text,DOCUMENT,RULEMAKING,US_FEDERAL,Office of the Federal Register — Reader Aids / Rulemaking,https://www.federalregister.gov/reader-aids,FEDERAL_REGISTER,Office of the Federal Register,HIGH,True,False,,,,MEDIUM,US_GOVERNMENT_WORK; terminology only,2026-08-10,,false,
Request for Records Disposition Authority,request for records disposition authority,DOCUMENT,RECORDS_MANAGEMENT,US_FEDERAL,NARA — Records Management Key Terms and Acronyms,https://www.archives.gov/files/records-mgmt/rm-glossary-of-terms.pdf,NARA_RM,National Archives and Records Administration,HIGH,True,False,,,,LOW,NARA_US_GOVERNMENT_WORK_CC0; definitions not redistributed,2026-08-10,,false,
Requester,requester,ROLE,PUBLIC_RECORDS,US_FEDERAL,FOIA.gov — Glossary,https://www.foia.gov/data.html,FOIA_GOV,"U.S. Department of Justice, Office of Information Policy",HIGH,True,False,,,,HIGH,DOJ_PUBLIC_DOMAIN_UNLESS_INDICATED; definitions not redistributed,2026-08-10,,false,
Requester Category,requester category,ROLE,PUBLIC_RECORDS,US_FEDERAL,FOIA.gov — Glossary,https://www.foia.gov/data.html,FOIA_GOV,"U.S. Department of Justice, Office of Information Policy",HIGH,True,False,,,,MEDIUM,DOJ_PUBLIC_DOMAIN_UNLESS_INDICATED; definitions not redistributed,2026-08-10,,false,
Research and Development,research and development,PROGRAM_ADMIN,GRANTS,US_FEDERAL,Grants.gov — Grant Terminology,https://grants.gov/learn-grants/grant-terminology,GRANTS_GOV,U.S. federal government grants portal,HIGH,True,False,,R&D,Research and Development,MEDIUM,US_GOVERNMENT_WORK; definitions not redistributed,2026-08-10,explicit source abbreviation,false,
Retention,retention,PROCESS_EVENT,RECORDS_MANAGEMENT,US_FEDERAL,NARA — Records Management Key Terms and Acronyms,https://www.archives.gov/files/records-mgmt/rm-glossary-of-terms.pdf,NARA_RM,National Archives and Records Administration,HIGH,True,False,,,,HIGH,NARA_US_GOVERNMENT_WORK_CC0; definitions not redistributed,2026-08-10,,false,
Retirement,retirement,PROCESS_EVENT,RECORDS_MANAGEMENT,US_FEDERAL,NARA — Records Management Key Terms and Acronyms,https://www.archives.gov/files/records-mgmt/rm-glossary-of-terms.pdf,NARA_RM,National Archives and Records Administration,HIGH,True,False,,,,HIGH,NARA_US_GOVERNMENT_WORK_CC0; definitions not redistributed,2026-08-10,records transfer sense,false,
Review Fees,review fees,FISCAL_ADMIN,PUBLIC_RECORDS,US_FEDERAL,FOIA.gov — Glossary,https://www.foia.gov/data.html,FOIA_GOV,"U.S. Department of Justice, Office of Information Policy",HIGH,True,False,,,,MEDIUM,DOJ_PUBLIC_DOMAIN_UNLESS_INDICATED; definitions not redistributed,2026-08-10,,false,
Risk,risk,OTHER_DOMAIN_TERM,RECORDS_MANAGEMENT,US_FEDERAL,NARA — Records Management Key Terms and Acronyms,https://www.archives.gov/files/records-mgmt/rm-glossary-of-terms.pdf,NARA_RM,National Archives and Records Administration,HIGH,True,False,,,,HIGH,NARA_US_GOVERNMENT_WORK_CC0; definitions not redistributed,2026-08-10,,true,finance_accounting_tax
Risk Analysis,risk analysis,ENFORCEMENT_COMPLIANCE,RECORDS_MANAGEMENT,US_FEDERAL,NARA — Records Management Key Terms and Acronyms,https://www.archives.gov/files/records-mgmt/rm-glossary-of-terms.pdf,NARA_RM,National Archives and Records Administration,HIGH,True,False,,,,MEDIUM,NARA_US_GOVERNMENT_WORK_CC0; definitions not redistributed,2026-08-10,,false,
Risk Assessment,risk assessment,ENFORCEMENT_COMPLIANCE,RECORDS_MANAGEMENT,US_FEDERAL,NARA — Records Management Key Terms and Acronyms,https://www.archives.gov/files/records-mgmt/rm-glossary-of-terms.pdf,NARA_RM,National Archives and Records Administration,HIGH,True,False,,,,MEDIUM,NARA_US_GOVERNMENT_WORK_CC0; definitions not redistributed,2026-08-10,,false,legal
Risk Factor,risk factor,ENFORCEMENT_COMPLIANCE,RECORDS_MANAGEMENT,US_FEDERAL,NARA — Records Management Key Terms and Acronyms,https://www.archives.gov/files/records-mgmt/rm-glossary-of-terms.pdf,NARA_RM,National Archives and Records Administration,HIGH,True,False,,,,MEDIUM,NARA_US_GOVERNMENT_WORK_CC0; definitions not redistributed,2026-08-10,,false,
Risk Management,risk management,ENFORCEMENT_COMPLIANCE,RECORDS_MANAGEMENT,US_FEDERAL,NARA — Records Management Key Terms and Acronyms,https://www.archives.gov/files/records-mgmt/rm-glossary-of-terms.pdf,NARA_RM,National Archives and Records Administration,HIGH,True,False,,,,MEDIUM,NARA_US_GOVERNMENT_WORK_CC0; definitions not redistributed,2026-08-10,,false,
RM,rm,RECORDS_INFORMATION,RECORDS_MANAGEMENT,US_FEDERAL,NARA — Records Management Key Terms and Acronyms,https://www.archives.gov/files/records-mgmt/rm-glossary-of-terms.pdf,NARA_RM,National Archives and Records Administration,HIGH,True,False,Records Management,RM,Records Management,MEDIUM,NARA_US_GOVERNMENT_WORK_CC0; definitions not redistributed,2026-08-10,Explicit acronym/abbreviation attested by source; parent expansion preserved.,false,
RMA,rma,DATA_SYSTEM,RECORDS_MANAGEMENT,US_FEDERAL,NARA — Records Management Key Terms and Acronyms,https://www.archives.gov/files/records-mgmt/rm-glossary-of-terms.pdf,NARA_RM,National Archives and Records Administration,HIGH,True,False,Records Management Application,RMA,Records Management Application,MEDIUM,NARA_US_GOVERNMENT_WORK_CC0; definitions not redistributed,2026-08-10,Explicit acronym/abbreviation attested by source; parent expansion preserved.,false,
Role,role,ROLE,GRANTS,US_FEDERAL,Grants.gov — Grant Terminology,https://grants.gov/learn-grants/grant-terminology,GRANTS_GOV,U.S. federal government grants portal,HIGH,True,False,,,,HIGH,US_GOVERNMENT_WORK; definitions not redistributed,2026-08-10,Grants.gov system term,true,higher_ed
Role Manager,role manager,ROLE,GRANTS,US_FEDERAL,Grants.gov — Grant Terminology,https://grants.gov/learn-grants/grant-terminology,GRANTS_GOV,U.S. federal government grants portal,HIGH,True,False,,,,MEDIUM,US_GOVERNMENT_WORK; definitions not redistributed,2026-08-10,,false,
Rule,rule,RULEMAKING,RULEMAKING,US_FEDERAL,Office of the Federal Register — Reader Aids / Rulemaking,https://www.federalregister.gov/reader-aids,FEDERAL_REGISTER,Office of the Federal Register,HIGH,True,False,,,,HIGH,US_GOVERNMENT_WORK; terminology only,2026-08-10,Federal Register document type,true,
SAM,sam,DOCUMENT_SYSTEM,GRANTS,US_FEDERAL,Grants.gov — Grant Terminology,https://grants.gov/learn-grants/grant-terminology,GRANTS_GOV,U.S. federal government grants portal,HIGH,True,False,System for Award Management,SAM,System for Award Management,MEDIUM,US_GOVERNMENT_WORK; definitions not redistributed,2026-08-10,Explicit acronym/abbreviation attested by source; parent expansion preserved.,true,
SAO,sao,ROLE,RECORDS_MANAGEMENT,US_FEDERAL,NARA — Records Management Key Terms and Acronyms,https://www.archives.gov/files/records-mgmt/rm-glossary-of-terms.pdf,NARA_RM,National Archives and Records Administration,HIGH,True,False,Senior Agency Official,SAO,Senior Agency Official,MEDIUM,NARA_US_GOVERNMENT_WORK_CC0; definitions not redistributed,2026-08-10,Explicit acronym/abbreviation attested by source; parent expansion preserved.,true,
Scheduled Records,scheduled records,RECORDS_INFORMATION,RECORDS_MANAGEMENT,US_FEDERAL,NARA — Records Management Key Terms and Acronyms,https://www.archives.gov/files/records-mgmt/rm-glossary-of-terms.pdf,NARA_RM,National Archives and Records Administration,HIGH,True,False,,,,MEDIUM,NARA_US_GOVERNMENT_WORK_CC0; definitions not redistributed,2026-08-10,,false,
Scheduling,scheduling,PROCESS_EVENT,RECORDS_MANAGEMENT,US_FEDERAL,NARA — Records Management Key Terms and Acronyms,https://www.archives.gov/files/records-mgmt/rm-glossary-of-terms.pdf,NARA_RM,National Archives and Records Administration,HIGH,True,False,,,,HIGH,NARA_US_GOVERNMENT_WORK_CC0; definitions not redistributed,2026-08-10,records-management sense,false,
Search,search,PROCESS_EVENT,PUBLIC_RECORDS,US_FEDERAL,FOIA.gov — Glossary,https://www.foia.gov/data.html,FOIA_GOV,"U.S. Department of Justice, Office of Information Policy",HIGH,True,False,,,,HIGH,DOJ_PUBLIC_DOMAIN_UNLESS_INDICATED; definitions not redistributed,2026-08-10,FOIA retrieval sense; very ambiguous,true,
Search Fees,search fees,FISCAL_ADMIN,PUBLIC_RECORDS,US_FEDERAL,FOIA.gov — Glossary,https://www.foia.gov/data.html,FOIA_GOV,"U.S. Department of Justice, Office of Information Policy",HIGH,True,False,,,,MEDIUM,DOJ_PUBLIC_DOMAIN_UNLESS_INDICATED; definitions not redistributed,2026-08-10,,false,
Senior Agency Official,senior agency official,ROLE,RECORDS_MANAGEMENT,US_FEDERAL,NARA — Records Management Key Terms and Acronyms,https://www.archives.gov/files/records-mgmt/rm-glossary-of-terms.pdf,NARA_RM,National Archives and Records Administration,HIGH,True,False,,SAO,Senior Agency Official,MEDIUM,NARA_US_GOVERNMENT_WORK_CC0; definitions not redistributed,2026-08-10,explicit source acronym,false,
Series,series,RECORDS_INFORMATION,RECORDS_MANAGEMENT,US_FEDERAL,NARA — Records Management Key Terms and Acronyms,https://www.archives.gov/files/records-mgmt/rm-glossary-of-terms.pdf,NARA_RM,National Archives and Records Administration,HIGH,True,False,,,,HIGH,NARA_US_GOVERNMENT_WORK_CC0; definitions not redistributed,2026-08-10,source alias,false,
Series,series,EMPLOYMENT_ADMIN,GOVERNMENT_EMPLOYMENT,US_FEDERAL,OPM — Classification & Qualifications,https://www.opm.gov/policy-data-oversight/classification-qualifications/,OPM_CLASSIFICATION,U.S. Office of Personnel Management,HIGH,True,False,,,,HIGH,US_GOVERNMENT_WORK; terminology only,2026-08-10,OPM occupational-series sense,false,
SF 115,sf 115,DOCUMENT,RECORDS_MANAGEMENT,US_FEDERAL,NARA — Records Management Key Terms and Acronyms,https://www.archives.gov/files/records-mgmt/rm-glossary-of-terms.pdf,NARA_RM,National Archives and Records Administration,HIGH,True,False,Standard Form 115,SF 115,Standard Form 115,MEDIUM,NARA_US_GOVERNMENT_WORK_CC0; definitions not redistributed,2026-08-10,Explicit acronym/abbreviation attested by source; parent expansion preserved.,false,
SFA,sfa,PROGRAM_ADMIN,GRANTS,US_FEDERAL,Grants.gov — Grant Terminology,https://grants.gov/learn-grants/grant-terminology,GRANTS_GOV,U.S. federal government grants portal,HIGH,True,False,Student Financial Aid,SFA,Student Financial Aid,MEDIUM,US_GOVERNMENT_WORK; definitions not redistributed,2026-08-10,Explicit acronym/abbreviation attested by source; parent expansion preserved.,false,higher_ed
Shared Drives,shared drives,DATA_SYSTEM,RECORDS_MANAGEMENT,US_FEDERAL,NARA — Records Management Key Terms and Acronyms,https://www.archives.gov/files/records-mgmt/rm-glossary-of-terms.pdf,NARA_RM,National Archives and Records Administration,HIGH,True,False,,,,MEDIUM,NARA_US_GOVERNMENT_WORK_CC0; definitions not redistributed,2026-08-10,,false,
Simple Request,simple request,DOCUMENT,PUBLIC_RECORDS,US_FEDERAL,FOIA.gov — Glossary,https://www.foia.gov/data.html,FOIA_GOV,"U.S. Department of Justice, Office of Information Policy",HIGH,True,False,,,,MEDIUM,DOJ_PUBLIC_DOMAIN_UNLESS_INDICATED; definitions not redistributed,2026-08-10,,false,
Simplified Acquisition Procedures,simplified acquisition procedures,PROCUREMENT,PROCUREMENT,US_FEDERAL,Acquisition.gov — Federal Acquisition Regulation Part 2,https://www.acquisition.gov/far/part-2,FAR_PART_2,Federal Acquisition Regulation,HIGH,True,False,,,,LOW,US_GOVERNMENT_WORK; definitions not redistributed,2026-08-10,,false,
Simplified Acquisition Threshold,simplified acquisition threshold,PROCUREMENT,PROCUREMENT,US_FEDERAL,Acquisition.gov — Federal Acquisition Regulation Part 2,https://www.acquisition.gov/far/part-2,FAR_PART_2,Federal Acquisition Regulation,HIGH,True,False,,,,LOW,US_GOVERNMENT_WORK; definitions not redistributed,2026-08-10,,false,
"Single, Governmentwide Point of Entry","single, governmentwide point of entry",DATA_SYSTEM,PROCUREMENT,US_FEDERAL,Acquisition.gov — Federal Acquisition Regulation Part 2,https://www.acquisition.gov/far/part-2,FAR_PART_2,Federal Acquisition Regulation,HIGH,True,False,,,,LOW,US_GOVERNMENT_WORK; definitions not redistributed,2026-08-10,,false,
Small Business Concern,small business concern,ORGANIZATION,PROCUREMENT,US_FEDERAL,Acquisition.gov — Federal Acquisition Regulation Part 2,https://www.acquisition.gov/far/part-2,FAR_PART_2,Federal Acquisition Regulation,HIGH,True,False,,,,LOW,US_GOVERNMENT_WORK; definitions not redistributed,2026-08-10,,false,
Small Business Subcontractor,small business subcontractor,ROLE,PROCUREMENT,US_FEDERAL,Acquisition.gov — Federal Acquisition Regulation Part 2,https://www.acquisition.gov/far/part-2,FAR_PART_2,Federal Acquisition Regulation,HIGH,True,False,,,,LOW,US_GOVERNMENT_WORK; definitions not redistributed,2026-08-10,,false,
Small Business Teaming Arrangement,small business teaming arrangement,PROCUREMENT,PROCUREMENT,US_FEDERAL,Acquisition.gov — Federal Acquisition Regulation Part 2,https://www.acquisition.gov/far/part-2,FAR_PART_2,Federal Acquisition Regulation,HIGH,True,False,,,,LOW,US_GOVERNMENT_WORK; definitions not redistributed,2026-08-10,,false,
Small Disadvantaged Business Concern,small disadvantaged business concern,ORGANIZATION,PROCUREMENT,US_FEDERAL,Acquisition.gov — Federal Acquisition Regulation Part 2,https://www.acquisition.gov/far/part-2,FAR_PART_2,Federal Acquisition Regulation,HIGH,True,False,,,,LOW,US_GOVERNMENT_WORK; definitions not redistributed,2026-08-10,,false,
Social Media,social media,DATA_SYSTEM,RECORDS_MANAGEMENT,US_FEDERAL,NARA — Records Management Key Terms and Acronyms,https://www.archives.gov/files/records-mgmt/rm-glossary-of-terms.pdf,NARA_RM,National Archives and Records Administration,HIGH,True,False,,,,MEDIUM,NARA_US_GOVERNMENT_WORK_CC0; definitions not redistributed,2026-08-10,,false,
Sole Source Acquisition,sole source acquisition,PROCUREMENT,PROCUREMENT,US_FEDERAL,Acquisition.gov — Federal Acquisition Regulation Part 2,https://www.acquisition.gov/far/part-2,FAR_PART_2,Federal Acquisition Regulation,HIGH,True,False,,,,LOW,US_GOVERNMENT_WORK; definitions not redistributed,2026-08-10,,false,
SORN,sorn,DOCUMENT,PUBLIC_RECORDS,US_FEDERAL,Office of the Federal Register — Reader Aids / Rulemaking,https://www.federalregister.gov/reader-aids,FEDERAL_REGISTER,Office of the Federal Register,HIGH,True,False,System of Records Notice,SORN,System of Records Notice,MEDIUM,US_GOVERNMENT_WORK; terminology only,2026-08-10,Explicit acronym/abbreviation attested by source; parent expansion preserved.,true,
Special Records/Special Media,special records/special media,RECORDS_INFORMATION,RECORDS_MANAGEMENT,US_FEDERAL,NARA — Records Management Key Terms and Acronyms,https://www.archives.gov/files/records-mgmt/rm-glossary-of-terms.pdf,NARA_RM,National Archives and Records Administration,HIGH,True,False,,,,LOW,NARA_US_GOVERNMENT_WORK_CC0; definitions not redistributed,2026-08-10,,false,
Stakeholder,stakeholder,ROLE,RECORDS_MANAGEMENT,US_FEDERAL,NARA — Records Management Key Terms and Acronyms,https://www.archives.gov/files/records-mgmt/rm-glossary-of-terms.pdf,NARA_RM,National Archives and Records Administration,HIGH,True,False,,,,HIGH,NARA_US_GOVERNMENT_WORK_CC0; definitions not redistributed,2026-08-10,,false,
Standard Authorized Organization Representative,standard authorized organization representative,ROLE,GRANTS,US_FEDERAL,Grants.gov — Grant Terminology,https://grants.gov/learn-grants/grant-terminology,GRANTS_GOV,U.S. federal government grants portal,HIGH,True,False,,AOR,Authorized Organization Representative,MEDIUM,US_GOVERNMENT_WORK; definitions not redistributed,2026-08-10,,false,
Standard Form 115,standard form 115,DOCUMENT,RECORDS_MANAGEMENT,US_FEDERAL,NARA — Records Management Key Terms and Acronyms,https://www.archives.gov/files/records-mgmt/rm-glossary-of-terms.pdf,NARA_RM,National Archives and Records Administration,HIGH,True,False,,SF 115,Standard Form 115,MEDIUM,NARA_US_GOVERNMENT_WORK_CC0; definitions not redistributed,2026-08-10,source form,false,
State,state,GOVERNMENT_STRUCTURE,GRANTS,US_FEDERAL,Grants.gov — Grant Terminology,https://grants.gov/learn-grants/grant-terminology,GRANTS_GOV,U.S. federal government grants portal,HIGH,True,False,,,,HIGH,US_GOVERNMENT_WORK; definitions not redistributed,2026-08-10,grant-source jurisdictional term,true,
Student Financial Aid,student financial aid,PROGRAM_ADMIN,GRANTS,US_FEDERAL,Grants.gov — Grant Terminology,https://grants.gov/learn-grants/grant-terminology,GRANTS_GOV,U.S. federal government grants portal,HIGH,True,False,,SFA,Student Financial Aid,MEDIUM,US_GOVERNMENT_WORK; definitions not redistributed,2026-08-10,cross-domain higher-ed overlap,false,higher_ed
Subaward,subaward,PROGRAM_ADMIN,GRANTS,US_FEDERAL,Grants.gov — Grant Terminology,https://grants.gov/learn-grants/grant-terminology,GRANTS_GOV,U.S. federal government grants portal,HIGH,True,False,,,,HIGH,US_GOVERNMENT_WORK; definitions not redistributed,2026-08-10,,false,
Subrecipient,subrecipient,ROLE,GRANTS,US_FEDERAL,Grants.gov — Grant Terminology,https://grants.gov/learn-grants/grant-terminology,GRANTS_GOV,U.S. federal government grants portal,HIGH,True,False,,,,HIGH,US_GOVERNMENT_WORK; definitions not redistributed,2026-08-10,,false,
Sunshine Act Meeting Notice,sunshine act meeting notice,DOCUMENT,PUBLIC_MEETINGS,US_FEDERAL,Office of the Federal Register — Reader Aids / Rulemaking,https://www.federalregister.gov/reader-aids,FEDERAL_REGISTER,Office of the Federal Register,HIGH,True,False,,,,LOW,US_GOVERNMENT_WORK; terminology only,2026-08-10,Federal Register notice subtype,false,
Synopsis of Funding Opportunity,synopsis of funding opportunity,DOCUMENT,GRANTS,US_FEDERAL,Grants.gov — Grant Terminology,https://grants.gov/learn-grants/grant-terminology,GRANTS_GOV,U.S. federal government grants portal,HIGH,True,False,,,,LOW,US_GOVERNMENT_WORK; definitions not redistributed,2026-08-10,,false,
System for Award Management,system for award management,DOCUMENT_SYSTEM,GRANTS,US_FEDERAL,Grants.gov — Grant Terminology,https://grants.gov/learn-grants/grant-terminology,GRANTS_GOV,U.S. federal government grants portal,HIGH,True,False,,SAM,System for Award Management,MEDIUM,US_GOVERNMENT_WORK; definitions not redistributed,2026-08-10,explicit source acronym,false,
System of Records Notice,system of records notice,DOCUMENT,PUBLIC_RECORDS,US_FEDERAL,Office of the Federal Register — Reader Aids / Rulemaking,https://www.federalregister.gov/reader-aids,FEDERAL_REGISTER,Office of the Federal Register,HIGH,True,False,,SORN,System of Records Notice,MEDIUM,US_GOVERNMENT_WORK; terminology only,2026-08-10,Federal Register notice subtype,false,
Third Party Request,third party request,DOCUMENT,PUBLIC_RECORDS,US_FEDERAL,FOIA.gov — Glossary,https://www.foia.gov/data.html,FOIA_GOV,"U.S. Department of Justice, Office of Information Policy",HIGH,True,False,,,,LOW,DOJ_PUBLIC_DOMAIN_UNLESS_INDICATED; definitions not redistributed,2026-08-10,,false,
Title,title,EMPLOYMENT_ADMIN,GOVERNMENT_EMPLOYMENT,US_FEDERAL,OPM — Classification & Qualifications,https://www.opm.gov/policy-data-oversight/classification-qualifications/,OPM_CLASSIFICATION,U.S. Office of Personnel Management,HIGH,True,False,,,,HIGH,US_GOVERNMENT_WORK; terminology only,2026-08-10,OPM classification sense,true,
Total Number of Full-Time FOIA Staff,total number of full-time foia staff,EMPLOYMENT_ADMIN,PUBLIC_RECORDS,US_FEDERAL,FOIA.gov — Glossary,https://www.foia.gov/data.html,FOIA_GOV,"U.S. Department of Justice, Office of Information Policy",HIGH,True,False,,,,LOW,DOJ_PUBLIC_DOMAIN_UNLESS_INDICATED; definitions not redistributed,2026-08-10,,false,
TTB,ttb,ORGANIZATION,OFFICIAL_ORGANIZATION,US_FEDERAL,USAGov — A-Z Index of U.S. Government Departments and Agencies,https://www.usa.gov/agency-index,USAGOV_AGENCIES,USAGov / U.S. General Services Administration,HIGH,True,False,Alcohol and Tobacco Tax and Trade Bureau,TTB,Alcohol and Tobacco Tax and Trade Bureau,MEDIUM,US_GOVERNMENT_WORK; official organization names only,2026-08-10,Explicit acronym/abbreviation attested by source; parent expansion preserved.,false,
U.S. Access Board,u.s. access board,ORGANIZATION,OFFICIAL_ORGANIZATION,US_FEDERAL,USAGov — A-Z Index of U.S. Government Departments and Agencies,https://www.usa.gov/agency-index,USAGOV_AGENCIES,USAGov / U.S. General Services Administration,HIGH,True,False,,,,LOW,US_GOVERNMENT_WORK; official organization names only,2026-08-10,official organization name; not generic terminology,false,
U.S. Agency for International Development,u.s. agency for international development,ORGANIZATION,OFFICIAL_ORGANIZATION,US_FEDERAL,USAGov — A-Z Index of U.S. Government Departments and Agencies,https://www.usa.gov/agency-index,USAGOV_AGENCIES,USAGov / U.S. General Services Administration,HIGH,True,False,,USAID,U.S. Agency for International Development,MEDIUM,US_GOVERNMENT_WORK; official organization names only,2026-08-10,official organization name,false,
U.S. Arctic Research Commission,u.s. arctic research commission,ORGANIZATION,OFFICIAL_ORGANIZATION,US_FEDERAL,USAGov — A-Z Index of U.S. Government Departments and Agencies,https://www.usa.gov/agency-index,USAGOV_AGENCIES,USAGov / U.S. General Services Administration,HIGH,True,False,,USARC,U.S. Arctic Research Commission,MEDIUM,US_GOVERNMENT_WORK; official organization names only,2026-08-10,official organization name,false,
U.S. Army Corps of Engineers,u.s. army corps of engineers,ORGANIZATION,OFFICIAL_ORGANIZATION,US_FEDERAL,USAGov — A-Z Index of U.S. Government Departments and Agencies,https://www.usa.gov/agency-index,USAGOV_AGENCIES,USAGov / U.S. General Services Administration,HIGH,True,False,,,,LOW,US_GOVERNMENT_WORK; official organization names only,2026-08-10,official organization name,false,
U.S. Department of Agriculture,u.s. department of agriculture,ORGANIZATION,OFFICIAL_ORGANIZATION,US_FEDERAL,USAGov — A-Z Index of U.S. Government Departments and Agencies,https://www.usa.gov/agency-index,USAGOV_AGENCIES,USAGov / U.S. General Services Administration,HIGH,True,False,,USDA,U.S. Department of Agriculture,MEDIUM,US_GOVERNMENT_WORK; official organization names only,2026-08-10,official organization name,false,
Unusual Circumstances,unusual circumstances,LEGAL_ADMIN,PUBLIC_RECORDS,US_FEDERAL,FOIA.gov — Glossary,https://www.foia.gov/data.html,FOIA_GOV,"U.S. Department of Justice, Office of Information Policy",HIGH,True,False,,,,MEDIUM,DOJ_PUBLIC_DOMAIN_UNLESS_INDICATED; definitions not redistributed,2026-08-10,,false,
USAID,usaid,ORGANIZATION,OFFICIAL_ORGANIZATION,US_FEDERAL,USAGov — A-Z Index of U.S. Government Departments and Agencies,https://www.usa.gov/agency-index,USAGOV_AGENCIES,USAGov / U.S. General Services Administration,HIGH,True,False,U.S. Agency for International Development,USAID,U.S. Agency for International Development,MEDIUM,US_GOVERNMENT_WORK; official organization names only,2026-08-10,Explicit acronym/abbreviation attested by source; parent expansion preserved.,false,
USARC,usarc,ORGANIZATION,OFFICIAL_ORGANIZATION,US_FEDERAL,USAGov — A-Z Index of U.S. Government Departments and Agencies,https://www.usa.gov/agency-index,USAGOV_AGENCIES,USAGov / U.S. General Services Administration,HIGH,True,False,U.S. Arctic Research Commission,USARC,U.S. Arctic Research Commission,MEDIUM,US_GOVERNMENT_WORK; official organization names only,2026-08-10,Explicit acronym/abbreviation attested by source; parent expansion preserved.,false,
USDA,usda,ORGANIZATION,OFFICIAL_ORGANIZATION,US_FEDERAL,USAGov — A-Z Index of U.S. Government Departments and Agencies,https://www.usa.gov/agency-index,USAGOV_AGENCIES,USAGov / U.S. General Services Administration,HIGH,True,False,U.S. Department of Agriculture,USDA,U.S. Department of Agriculture,MEDIUM,US_GOVERNMENT_WORK; official organization names only,2026-08-10,Explicit acronym/abbreviation attested by source; parent expansion preserved.,false,
